,19,25,15,17,1,6,0,3,23,18,0,4,14,16,5,10,7,21,24,12,17,26,16,28,2,10,22,13,29,27,2,27,28,11,3,20,8,9,26,4,24,25,0,19,19,22,7,29,11,22
TCGA-OR-A5LC-01,-0.64037883,1.978267,-0.5137633,1.1838489,1.1304681,-1.2491206,-0.14254522,1.069206,2.776734,1.4446764,-1.4488405,0.49362013,1.8349257,-1.5433282,-0.2762499,3.2059,0.39873835,0.36759788,-0.2710585,-3.3512976,0.5211516,-3.6264472,-0.33248097,-3.0656064,0.723031,0.37486538,-2.5026724,-0.1846317,2.6520793,-0.32431474,1.7215122,1.5529118,2.9885643,1.577186,1.2260886,-1.2043693,-0.54630333,0.62036276,1.6340958,0.95829433,0.6989219,-0.2960205,-2.3171937,-0.19189839,0.19118443,1.1894393,-0.6300268,-3.8458693,-1.448237,-5.1211596
TCGA-OR-A5JJ-01,-0.16682386,-0.074259326,-3.7439308,-1.1386147,2.0280154,0.18552645,0.049921535,0.21626669,2.4608762,1.3944433,-1.6717995,0.01925931,-0.04020847,-1.4273578,1.5979652,-1.5315934,0.0779585,1.4800348,-4.426867,-2.5850754,0.95847297,-0.87772185,-3.011733,0.2664176,0.2336913,-0.34113133,-3.547528,-2.2405765,0.2825701,-0.22132671,1.0956954,3.0781944,0.21936284,0.6415299,0.5019352,4.340387,0.6551902,2.8111062,-3.3595095,3.1109354,1.4556866,-2.203209,2.8866072,3.2943265,0.065197706,2.0691931,-3.0036535,-7.6087084,-0.1958586,1.590557
TCGA-OR-A5K3-01,0.9577109,-4.2201138,-0.82449687,-0.6628305,-1.1296659,2.010761,-0.61900157,-3.9281273,-0.112641625,-3.5801427,-0.89794075,-1.4796134,-1.4324137,0.119697906,-3.446189,-3.3265002,0.58724093,-0.13422148,-0.70288944,0.6263832,0.42334408,2.7928813,-0.7297038,2.4266052,0.6889694,0.34380996,1.4337987,1.9012418,0.48813924,-1.1627626,1.4953316,0.08329574,-2.7952337,-0.71838224,-0.8120653,1.6562513,2.4215755,-2.9236484,0.6971606,2.7134633,1.8053086,0.42785615,1.5717446,0.063950256,-0.8565838,0.2781274,0.59246004,1.7969413,0.01782471,1.5608102
TCGA-PK-A5HA-01,1.5223734,-2.8587523,0.2256948,0.8546593,-1.1564406,3.9808476,-0.5027121,-1.5109994,-2.0947905,-2.693664,1.4698756,-1.8244692,2.7418346,4.6861806,-5.7596717,-1.437109,0.14151251,-1.7805078,2.0489175,0.1000548,-1.6077644,0.061084323,-1.9704133,-1.6569802,-1.178226,1.0049623,-6.3544865,-0.32914075,0.8732242,-0.36659312,0.64770347,3.7263956,-4.232012,-0.6653639,-0.5873348,-3.4098232,4.1425867,-0.028437264,-1.7940187,6.2192435,2.501879,-0.5527831,1.930897,-2.3603559,-1.2734003,-0.20925972,0.5458864,2.954186,0.08970676,0.500891
TCGA-OR-A5LN-01,-1.4070503,-1.0639932,1.8039762,-0.25042242,-0.39582434,-0.79745734,-0.8368525,1.0670025,-0.28578794,0.20934649,0.16158497,-1.1068523,0.6116118,3.4485307,-4.6831675,0.98583513,0.17174634,0.26118776,3.7579195,3.284051,0.52012247,-4.116715,1.515239,1.7529526,0.88455117,0.39431947,-1.593189,-0.4591126,0.7212481,-1.0724723,1.5139624,-1.7559891,-3.4706047,0.70643085,-0.6345252,-2.6781702,1.2033087,0.8775234,0.35493982,-0.9302877,-1.694326,0.40729803,4.4339194,-3.7278676,-0.9992926,-0.27371326,3.503021,3.7705271,4.136831,-0.43980852
TCGA-OR-A5JA-01,-0.89541614,-0.84632945,0.6559729,-0.02183086,1.554981,1.5976762,0.6474272,-3.780825,-0.9250985,0.47013304,-0.2246356,-0.32380465,1.129501,0.020319644,3.5290306,-4.545387,0.37144625,1.5005231,-1.5472499,-1.9056722,0.9386807,5.410899,0.78786564,-2.9182065,1.4349937,-0.63715,-0.7361931,0.08525235,0.49337023,-0.97838706,3.8028364,1.8266326,0.0004477062,-3.094119,-1.1929622,0.34119853,-0.92241377,0.2958121,-1.321551,3.1395829,3.2659132,-1.7505002,1.627946,1.5679169,-0.030446218,0.26756844,0.7509128,-3.3479817,-2.2806234,0.063719995
TCGA-OR-A5K0-01,0.975636,0.10919395,-0.70042187,-4.7487345,3.6941526,-1.0791109,-0.26185286,1.5863984,-0.117180996,0.51179326,0.51158905,0.5622904,-0.65273404,-0.58304244,1.441202,-1.9098275,0.19174464,-2.354321,3.3147247,-3.3238678,-1.7827637,1.8635701,0.060289413,-7.3834867,-1.120767,0.57357043,-0.7458911,-1.2866027,0.9029851,0.8119664,2.7759035,3.7455034,1.9895623,-0.4315716,-1.2265309,0.21510465,1.0699087,-1.1846589,-2.4829307,-2.32493,3.377762,0.8915591,-2.878827,0.15687138,-0.17731532,0.11070185,-1.5429559,-5.3382764,-0.412333,-0.7966452
TCGA-OR-A5JY-01,2.0971575,-2.6926444,0.33693653,-2.1351738,0.019163283,1.0775591,-0.36095375,-1.3132964,1.4663476,0.90419114,-0.502448,-1.0386198,-2.1975186,-0.42581955,1.0257015,-1.4874538,0.39474383,-1.0182049,2.6612377,-2.0089414,-1.5003463,0.06346487,1.0774993,-5.8937674,-0.5873445,0.96449864,-0.7017277,-1.4684687,1.2443546,0.12349601,2.6066709,2.999353,0.78768873,-3.242104,-1.3933291,1.5638106,0.28891456,2.867865,-1.7450582,4.2291503,0.2972892,0.24670087,0.52792263,-0.27418727,-0.27598268,0.30634984,-3.981463,-5.9039435,-0.08053324,3.102818
TCGA-OR-A5J9-01,0.19967607,-0.127167,-3.036408,-0.17586601,2.566833,1.1441615,-1.0164375,2.3230605,-2.7980251,0.3632392,0.7193832,-0.9857664,2.4042764,0.19640853,-1.9373478,-1.4137679,-0.39186388,-0.6413753,-6.9653115,-4.759737,-1.8563248,2.430833,1.6523161,-3.0789661,-1.009488,-0.09845237,-2.0517995,-1.0829146,-0.8951151,-0.03129025,-0.81383747,3.4776733,1.4392843,4.4440694,-0.28704715,-0.6622367,-1.2044501,0.6672927,-4.334504,3.6411176,2.7337518,-4.5040884,1.1493633,3.7401788,-0.032011725,-0.20678532,-1.863743,-1.2738953,-0.9937253,1.0685608
TCGA-OR-A5K4-01,-0.6606148,-4.715433,2.994762,-0.15874326,0.7404426,0.38766918,0.3848477,-1.6008013,-0.74565244,1.7528887,-0.6762631,1.5728353,-0.68750495,-1.2213497,0.05407141,0.061215047,0.06439463,1.4465221,-1.5755281,3.748292,1.1381162,2.3107767,0.49815473,-3.3637745,1.1384089,-0.15150781,-0.51656646,-0.53770155,0.13877144,-1.0711849,1.2889695,3.2924182,-3.5961432,-0.726442,-1.4634614,-4.013063,2.248105,-0.84356064,1.9454719,-3.2811747,0.35249615,0.6753464,0.09714384,-0.10592373,0.04483266,0.088739015,2.3896687,1.4428476,1.9227326,-1.2433954
TCGA-OR-A5L9-01,0.23079948,0.2545305,2.9852943,1.4931165,-0.05602592,1.432402,-0.7111764,-3.1147954,-0.7596735,-0.8100786,-0.41158834,-0.24352457,0.26527053,2.3632975,-3.125481,-0.5590622,-0.20016837,-1.8219267,-1.8254216,2.0630076,-1.2012817,-0.75841874,0.32478338,1.6096982,-1.076489,0.44168073,-2.9496827,0.12476642,-0.5356648,-0.9506038,0.92593837,0.6022294,-3.600339,0.06988422,-1.2907788,-5.158176,0.5359081,0.8263052,3.0260882,1.1522074,-2.7886944,1.5611137,5.8042727,3.1401982,-0.54043055,-0.41110492,4.8660765,3.7850041,2.2015474,0.8067996
TCGA-OR-A5KV-01,-0.69439244,4.027406,1.3646609,-0.8730971,5.030426,1.1219035,0.11723657,0.47136766,4.079036,0.15502827,1.4674923,1.8178048,5.966721,-4.550233,1.3839263,0.6075616,0.7107452,0.8959385,-1.8244327,-0.6564003,0.9182607,-0.82620835,-1.8090063,2.0365026,1.0949866,0.4049292,0.46915367,1.2275605,-1.591669,-0.4444123,0.32128447,1.2330568,1.7028124,0.89174455,1.693152,2.8617468,-0.84335685,2.2257094,3.2979388,-2.422183,-2.6218214,0.16622336,0.11716585,-1.798483,-0.23016098,1.9118105,0.41829532,-1.9063277,-1.449092,0.7385875
TCGA-OR-A5KY-01,0.42450577,-0.06012617,-1.539864,0.23146488,3.1828644,2.5933003,-0.4211775,-2.8468559,2.2271535,-0.93206525,0.31024352,-1.5527279,2.4868295,0.3693423,0.4644797,-2.819122,-0.45427996,-0.9149765,-4.222095,-1.3209566,-1.5734948,1.4286416,0.84163123,-0.5747306,-0.5293528,-0.08084646,-2.5556326,-0.05610337,-0.3854747,-0.022666682,-1.0320684,1.0973907,2.4739668,-2.5041463,-0.5893529,1.7296436,-1.7135234,-0.1116026,0.12249545,5.176715,1.6372126,-0.97969204,2.1527634,1.4366463,-0.42484838,0.38071805,-1.2424265,-2.5224893,-2.0281591,1.3311248
TCGA-OR-A5K9-01,-1.4400847,0.4498467,-1.3546349,-2.2903302,0.15398549,-0.99556446,-0.40083194,1.5644088,3.4580374,0.92673635,-0.095691256,-3.6653402,-0.2582148,-5.18078,0.16371813,1.4772232,0.18565916,0.6205155,1.2683883,-4.706832,0.83011806,-0.88372606,-2.9292815,-4.648333,0.5200491,0.8692529,0.64056134,-0.4426164,-0.05858442,-0.28617045,0.95838094,2.585973,2.4524148,-1.7597419,1.8668053,2.034782,0.18953273,3.7780156,-1.3195907,-0.54284436,1.9390231,-1.4437006,-4.032283,-3.1926587,0.0025213838,1.6951385,-2.0592859,-5.0912595,-2.6097488,-0.6993253
TCGA-OR-A5J2-01,-1.2025672,0.55634725,3.197144,0.90711564,-0.40027723,-1.600347,-1.0332351,-2.377305,0.60035396,0.9478321,0.1388499,0.1284053,-4.3711934,0.29138768,-0.6359006,2.4698606,-0.17791204,-1.56781,-0.57640994,3.207506,-1.8496053,-4.052527,0.60809386,2.154018,-0.986599,0.18459451,-8.458287,0.3151391,0.8421177,-0.31412503,-3.7503579,3.1893594,0.01783625,0.33836523,-0.7938458,0.7788763,1.3121878,-3.382877,1.7470163,3.2057335,-1.5467263,2.8403628,1.6302859,-1.4657353,-0.3420029,0.44315848,-4.477097,-1.7062654,3.3424265,0.24111791
TCGA-OR-A5JD-01,-0.64856285,-0.6473948,3.6679125,2.297874,-2.174904,-0.8372807,-0.73300856,-1.7836038,-1.2744515,1.5567153,0.21562019,0.100800835,-0.86731136,2.9564583,-4.2771897,0.42584908,0.09815211,-1.1578935,1.3989428,3.5315065,-0.6697749,-1.4843162,0.7095844,1.7215924,-0.4569208,0.7222955,-3.8799865,0.16954485,-0.96010935,-1.0634663,0.41232023,-0.34321097,-2.406866,-0.9000146,-0.26044303,-0.6852148,-0.65144557,-1.133331,0.5843067,-1.2527678,-0.086247385,0.4474804,4.6766405,-5.532325,-1.3231117,0.2454387,1.6079155,4.4086113,1.7514284,-1.0248983
TCGA-OR-A5JX-01,-0.13877785,-1.4719609,-0.9675499,0.076821744,1.4940287,-2.3473556,-0.27563503,-0.49964586,0.9063838,0.11710058,-1.5418612,-0.8132325,0.7687021,-0.94468117,0.16090472,2.2105246,0.5209759,-0.3301264,-2.295632,1.6901352,0.31403476,-1.365808,-1.3774469,3.4268749,0.11997181,0.23320088,-0.7835906,0.6155362,-0.32153922,-0.94215125,-1.0622894,-1.8342247,0.08388737,1.2854062,-0.009337527,3.2004454,1.6783898,0.28439513,2.4766653,-1.2251318,-1.0239303,3.6378329,4.1084824,3.8908367,-0.792632,0.19258218,5.7563,1.0123821,0.8583666,1.4348706
TCGA-OR-A5KZ-01,-0.009726377,2.1586425,1.324189,-1.0331159,-0.6713686,-0.0075035784,-0.6036067,-2.0566363,2.1806796,0.58836114,-2.0151892,0.011063448,2.944043,-3.593931,0.6050034,-0.9357803,0.28539613,1.3911476,3.1980956,2.181149,0.55973095,-3.7377706,-0.6555061,-2.9464903,1.5590129,0.14182706,-0.21286471,2.1689305,0.51479036,-0.61256737,2.1659515,-1.701343,-0.6609403,0.86339587,-0.7284705,1.9865615,-1.648318,1.2410895,0.21543995,4.2692947,-0.08181912,4.422346,-2.1489289,-3.0038006,0.24676268,0.40994686,-3.3380618,-2.8384883,2.0168707,-1.8138154
TCGA-OR-A5LB-01,0.28713417,-1.2928756,-3.6667223,-1.2195125,0.33607212,1.7959448,-0.40793276,0.8069667,-0.6728061,-1.8811462,-3.1254556,-1.2303206,1.1187706,-1.997763,-0.26414534,-5.467528,0.14854744,-0.53855395,-5.002424,-0.05328129,0.24986798,3.943357,-0.21707256,-1.4433976,0.10123411,0.34518245,1.7267512,0.67330134,1.7391704,-1.0057595,-0.0054284264,1.5936744,2.3313842,1.4155868,-0.2239589,1.8660055,-3.1653104,0.28007862,-2.678964,0.8699307,-0.36274058,-0.68032,0.5998735,1.0798616,-1.0704534,1.2753907,-0.90043336,-0.30321723,-3.710203,-0.686509
TCGA-OR-A5JR-01,-0.8207337,-3.7774649,1.4640776,-0.31296328,-1.3327979,-0.06977176,-0.7878599,-1.4281806,-2.267104,0.31293416,1.3300918,0.7990239,-0.06711976,3.6543689,-2.1734157,2.3584802,-0.15243366,-1.6771357,3.3883665,2.9032493,-0.9783631,-0.42703885,0.9814894,3.8812406,-1.7057971,0.59172297,-1.6872749,-1.4678621,-0.12526202,-0.5522479,1.2782298,-0.40222207,-2.9623594,-1.6590325,-1.7459687,-1.4367119,2.6408873,3.0021174,0.6204996,0.62370473,-1.8933233,0.37111002,1.8589824,-2.5871494,-0.9302767,-0.6389203,1.0007759,4.756328,2.259597,2.8244362
TCGA-OR-A5J6-01,-0.6197585,2.2546074,3.8451777,1.9838772,-1.0918461,-0.23864397,0.3098673,-5.7895703,-1.0753608,0.67147434,1.1720613,0.09613062,0.54830647,-0.6752804,-0.12411976,1.8188564,-0.285675,1.0306594,2.6671236,3.1947803,0.87635267,-4.3374743,0.20267613,2.1944478,1.849752,0.71339434,3.5626428,-0.28976148,-0.4222599,-1.2993089,-0.9839063,-0.38171336,-2.3926692,0.21765497,-0.38539046,-1.2435801,0.60416704,-0.79746115,1.1214496,-2.6330009,-1.1010276,2.61551,0.5205331,-0.94935733,0.22037865,0.69107515,3.0911894,1.514457,3.7859206,-0.011735169
TCGA-OR-A5J1-01,-1.4263415,-1.5335227,-1.0353,-1.0649908,0.26451933,-1.7421448,-0.06625376,0.94915247,-1.2988065,-0.35839877,0.6441005,1.4824691,-0.5271739,-1.0699147,-0.14606619,-0.42568028,0.35345152,0.8255817,-4.97666,-2.194471,0.81498975,-2.6289551,-0.7241407,-1.6759161,0.964596,-0.24511962,-2.3475442,-0.9829264,-0.38416135,-0.5088738,-1.713467,1.2905344,-2.0873902,-1.3629419,-0.2212759,-1.3683758,-2.6671183,-2.5324626,-0.36099988,2.3896482,2.496017,0.14454071,1.0267264,5.4585834,0.23202151,0.82809854,0.2610033,-2.3298688,0.8470034,-0.17490123
TCGA-OR-A5LD-01,2.8776104,0.23480141,-3.7943459,-2.4079134,2.4454544,-1.8723056,-0.2591869,1.79444,-3.6795921,0.9946525,2.047659,1.178203,4.238954,-2.9541273,1.3705633,-0.06751804,0.5492911,0.9206174,-1.9735744,-5.011238,1.4673045,-0.39337784,-0.49338973,-6.07021,0.49165708,0.21261412,-0.9912002,-2.2613132,1.3181345,-0.29412887,-0.22636645,2.523495,0.6978132,3.0603848,1.5328923,-0.6417524,-2.6369617,0.45861596,-3.8075244,2.523727,3.753865,-4.0715985,-1.5588514,2.6008008,0.4058182,1.9671932,1.1183019,-0.5221231,0.15150884,0.32495221
TCGA-OR-A5JK-01,0.12374246,-1.4541444,-0.021925682,0.20975222,2.9478567,-0.66642696,0.27206492,-2.195062,-1.3105124,-0.18226905,-0.199941,-0.12966084,-0.35696965,0.58602285,-0.613175,2.6047552,0.377667,0.90890896,-2.0844338,4.082972,0.8994071,-3.5237553,-0.80142987,2.2961006,0.89609164,-0.00545864,-3.354538,-0.380959,-1.7264174,-1.427846,0.69025606,-3.510002,-3.7086172,-2.0539906,-1.0283872,2.7367687,2.8250692,-1.1696949,0.9278084,5.855523,-0.5632895,1.5127964,3.5713708,4.2030196,-0.17872755,0.57570714,0.47425938,0.047543116,0.7042686,1.7883024
TCGA-OR-A5LH-01,-1.4163221,-0.20674093,1.0308651,2.5981543,2.9918613,1.3393193,-0.31988904,-3.3406343,-0.244254,1.1080235,-0.84873927,0.25777698,-1.0026503,-2.428367,3.94463,1.8209889,0.40053225,-1.3954476,-1.2033247,2.50113,-1.4429265,-1.1622615,0.5024343,1.853671,-1.2252164,0.50566685,0.22603433,-0.47166517,0.76504636,-0.79675835,2.7972457,-1.4021226,-1.4367886,0.56890535,-0.8529579,4.071786,0.7796823,-0.7460266,0.92563254,-2.0315337,-2.7973742,1.1846408,2.149756,-0.14194256,-1.0312706,-0.8009096,1.6164407,2.4353588,2.9101973,-0.030533133
TCGA-PK-A5H8-01,4.0479126,-1.9546974,-2.7177835,0.5654658,-0.91135263,3.2167962,-0.025174243,-3.155343,0.354224,-4.2143064,-2.119845,-1.7043514,-1.0460236,1.2648295,-0.64114475,0.30873317,0.36599916,1.0550743,-0.09303348,2.0825224,1.1582239,1.0137042,-0.38208377,-1.1508846,2.1157925,-0.64074737,-1.1276188,-1.5862408,2.2758458,-1.2436694,0.21527186,-1.26069,-2.2535987,-0.63924646,-0.892374,-3.2692864,2.4039345,-2.5310674,3.0162857,1.6129615,0.51482886,-0.45554215,0.5944606,0.34229842,-0.25907138,-0.41979846,4.334564,1.7929751,3.3087387,1.4335607
TCGA-OR-A5JG-01,0.5626636,-0.14570034,-3.485755,-0.5341872,2.8461955,1.3882432,0.6557173,-2.5709074,0.37437892,-3.0083742,-0.56370336,-2.4048786,2.9191408,1.6821669,2.618819,-2.6159296,0.5888963,0.5511025,-1.8606545,0.22385855,1.0259115,6.4079328,1.7890949,-0.53926647,1.193814,0.44447193,-0.019767549,-1.7689713,2.5762527,-1.3255378,0.86341566,-1.1493071,3.3760107,-3.1580853,-0.057708465,2.7143855,1.0171163,-0.13109532,-2.582833,2.4348302,4.504106,-4.0012336,-1.4316491,1.300499,-0.21368098,1.1619105,-1.8052851,0.46638784,-2.2971208,1.1635324
TCGA-OR-A5LS-01,-0.228055,0.08926632,-3.0276847,2.3213906,0.532112,3.9037075,0.13697776,1.7452492,0.009827183,-0.7156894,-2.6659875,0.25939626,0.7297872,-3.7769597,0.6879539,-4.313676,0.1950578,0.9268377,-4.396616,-1.8648158,0.8775401,2.6280231,0.5120178,-1.7515906,0.5715188,0.011573217,-1.9840307,0.71259177,-2.4376094,-0.77247524,-0.70511025,2.6453125,-0.6709121,0.8231069,0.1262286,3.9348214,0.5183733,2.5793397,-0.38155925,-0.73446125,3.4369628,-3.5174553,-0.6811745,0.060911465,-0.4586387,1.6512971,-1.0376946,-1.2908623,-0.6307009,1.6849569
TCGA-OR-A5L8-01,-2.1311083,1.6672088,1.2664185,0.4878295,-1.0313946,1.0317938,0.12825942,2.7575428,2.01692,0.82675266,-3.326677,2.3399527,-1.8947065,-2.0473318,1.5893451,0.5890471,0.34145296,0.17653473,-1.3430666,-1.0185101,0.7005724,-2.117887,1.0156504,-0.8822774,0.0772617,0.420682,-2.7130635,-0.6377312,-1.4944403,-0.45911697,-3.2472928,1.8365402,0.7948091,6.282538,1.4573336,2.2078583,0.1436607,0.012862372,2.0049517,-1.0464665,0.09148656,0.45890632,2.2716968,0.36471757,-0.38864928,1.8338994,-1.5095307,-2.5527778,0.6338106,-1.0088686
TCGA-OR-A5LJ-01,-1.6476482,0.2839518,-1.0157255,2.2330587,1.2288625,-1.1905932,0.06625317,1.576875,0.42714128,1.1243063,0.3919979,0.6428802,-0.9641709,-5.216093,-0.42920402,0.8865459,0.52280474,0.44595325,1.0373687,0.01916861,0.05763004,-3.4708827,-0.31241456,-0.46852186,0.3318542,0.103971265,-4.42111,-0.034819406,2.5830274,-0.7955141,-0.12833133,3.961681,-1.6292124,0.8983618,1.0385578,3.6797621,-0.30106917,0.07162504,1.789953,-0.15329604,-0.7661006,3.68646,0.22839165,0.15163529,-0.47630736,1.6625972,0.0122870775,-4.5081935,-0.1864677,-1.1141449
TCGA-OR-A5KT-01,-0.019092375,-2.9751356,1.8821083,0.38468567,1.5692412,-0.93383384,0.07403686,-6.1088533,1.0890374,0.48311454,2.4514053,0.25980902,4.965867,1.6005143,-3.3103404,0.32255867,0.54083127,0.01725305,-0.87649965,0.7397304,0.83726,-1.3773073,0.0097777415,0.12569878,0.7727622,0.87046754,-1.2017088,1.0219823,-0.5262083,-0.66100043,0.41352484,0.69557786,-0.8786344,-5.3900332,0.42902043,-1.2561911,1.7655095,-0.42748943,1.08242,2.3004687,-0.24478975,2.1165826,2.7381186,1.6164068,-0.21404862,1.2660724,-1.1573254,-5.155378,0.27256787,-1.7358934
TCGA-OR-A5JC-01,2.3538194,-2.523837,-0.29560018,-0.62227255,1.3535371,1.7405161,-0.27263743,-0.29372254,-0.8134507,-2.0753503,-1.4013933,0.5747901,2.1694217,-1.0346419,-0.53019315,-2.3939164,0.44071028,0.17436598,-3.5721252,-1.1714427,0.03336685,-1.381015,-1.1767662,-2.64544,0.40243837,0.18227483,-2.6418524,0.76802105,-0.9333216,-0.7737629,1.4005558,-0.3044767,0.17352761,-1.0091993,-0.72527087,1.5585525,2.6112096,-2.9228015,-1.8807898,4.371731,-0.86221075,-1.110575,3.3684433,3.5788527,-0.673783,0.2360022,0.39296514,1.6297545,0.2164351,1.4718591
TCGA-OR-A5JI-01,3.227294,-4.305419,-1.1187634,0.46759427,-1.0847642,1.9855224,-0.82088727,-0.060379907,1.073221,-2.5976527,-1.3273,-0.47176078,4.528074,3.2898862,-5.070526,-1.0563415,0.15901783,-0.39219847,0.124200344,3.7964942,0.21911821,-5.09372,-2.4024308,0.7405791,0.45952284,0.44927123,-2.1221046,1.5454073,-0.4698806,-1.0350314,1.9195437,-1.2029508,0.23099919,0.23092335,-0.52679837,1.008862,2.305566,1.268314,0.6257334,3.886267,-0.70536786,1.0885789,2.5825696,-1.7874951,-1.0952265,-0.17366531,-2.910763,1.4478893,-0.70985854,1.4905853
TCGA-OR-A5LP-01,-0.6640595,-4.0801616,1.9641296,1.4672942,-1.6254216,-0.18688446,-1.289114,-1.0096784,-1.7690892,-0.66605973,1.5866607,0.6343878,1.9136422,3.543083,-6.0285025,0.43151578,-0.065820314,-1.5702257,3.5249214,2.8226464,-1.3844,-0.86857516,0.590992,3.1803873,-1.3485575,0.7536143,-3.8754213,1.6284815,-0.90255487,-0.6911902,1.9380318,0.63524336,-0.45689034,-1.7670339,-0.92399955,-1.06009,-0.45557255,1.7376744,0.9501353,2.036587,-0.816459,1.0793943,4.0105634,-7.2306585,-1.0532142,-0.27356243,-2.6506763,1.2808734,2.1849227,0.9933953
TCGA-OR-A5J5-01,0.1421686,-1.429186,0.73830223,-1.057633,4.04494,0.9072863,0.10412239,-0.631297,-1.2462503,-0.90252995,-1.7500372,-0.0008410006,5.8563414,-3.149233,1.2874293,0.58177537,0.28527823,1.2244635,-4.043131,-1.3270032,0.940759,1.6498379,-0.06118544,0.1841552,1.2158798,-0.3579719,-3.238214,-0.5210383,-0.193067,-0.45711544,2.053069,2.9700646,-0.032060646,-1.197195,-0.5992883,2.4500167,2.0277457,0.48549166,-2.7865937,1.4220275,1.480269,-2.8958995,2.4060466,4.2435303,-0.6732115,0.8136563,1.8553071,-0.72666574,-1.4624668,-2.1788542
TCGA-OR-A5JO-01,0.2382043,0.48461017,2.8740392,1.8439275,-5.020631,-0.4612141,-0.9230696,-6.7200575,-1.3577553,0.9820589,0.46673056,0.67468107,0.53983426,4.621967,-3.209755,1.3625486,0.04962735,-0.41515413,3.9602711,2.928352,0.023546254,-6.85914,0.104651585,2.3413403,0.52991956,0.60577875,-1.7885962,0.44162786,-0.21483202,-1.257976,-1.1140777,-1.015777,-3.6223054,-1.7198393,-0.7764426,1.2034951,1.1935214,-2.3427203,0.9188059,5.3863363,-0.8926306,2.4620965,3.1843219,-2.327712,-1.0255111,0.051431783,-1.474359,-1.3230656,3.4016588,0.38116527
TCGA-OR-A5LM-01,2.2817159,-3.2889593,-0.3020663,0.4224073,1.3858448,2.6342247,0.034367077,-3.0115798,-1.7343081,-3.2003741,-1.162568,0.75895846,-1.5549811,-1.8439742,1.1832423,-3.7082286,0.43564522,0.77376163,-3.2521389,0.19128095,1.2053221,3.0634243,-3.4500287,2.0398824,1.9068993,-0.29957148,-0.050790936,0.33332396,-3.386074,-1.4557132,0.08270811,-1.1809402,-0.73819673,-3.6191666,-1.0428362,1.754846,2.5522885,-3.1786683,0.5607915,2.8788016,1.986774,0.28742382,3.4387043,1.6599258,-0.36141384,0.1411211,3.5101302,1.2164811,-0.6907268,2.64197
TCGA-OR-A5LL-01,-0.42424417,-0.31723475,1.8393661,0.40229937,-0.7301257,-1.0701977,-0.6033593,0.05089038,-1.875443,2.4305792,-0.505272,0.40208265,-2.4271224,-1.9254287,1.0785931,1.2901791,0.14305262,-1.419275,0.74603343,1.5676954,-0.14315157,-0.44907665,0.51794326,2.0266988,-0.23979713,0.34782743,-1.7356417,-1.2098513,-0.68835217,-0.95457405,1.3616568,-0.85907906,2.0101378,0.025161019,0.038499936,0.43560964,-1.6775428,1.1283237,2.5573852,-8.784238,0.8952502,0.19793992,-0.32600543,-1.4750607,-0.2854641,0.95129734,-0.35140064,2.941987,0.09112946,-2.2592762
TCGA-OR-A5K1-01,1.0869442,-2.635504,1.3349512,-0.39259234,-1.1631135,0.94931877,-1.0457788,-2.8016343,-2.1554635,-1.0404017,0.67271614,0.6223061,2.539331,3.6702776,-0.15466239,0.51702607,0.12091836,-1.0730928,0.91229105,1.5864474,-1.1497712,-0.82209235,-1.6045951,1.2890428,-1.1285471,0.67736965,-2.6614704,1.4486643,-2.2742655,-0.78101224,0.26938486,0.34115207,-1.7043318,0.32786503,-1.7598137,-2.7307608,4.139108,2.4567397,2.9669294,0.9576524,0.8402156,-0.772666,1.0992099,1.0428494,-0.84147966,-0.20819679,-1.4335805,0.7711411,1.9617972,1.9100173
TCGA-OR-A5J7-01,0.061190527,-1.1591449,-2.9439707,-1.4018042,0.081032045,0.08685465,-0.22742859,-0.14404945,-2.4198644,0.70465696,0.9148306,-2.428751,1.9583144,-4.478582,-0.34066468,-0.82794523,0.51039314,0.740218,-1.8259801,-5.1214547,0.94573605,-0.16174668,0.7326875,-3.8713577,0.79988194,0.48250148,-2.1288497,-1.6691728,0.49711412,-0.43639782,0.7068007,4.4825153,1.0481633,-1.8590611,0.90667355,3.7076297,-2.9740283,0.15034187,-3.772876,1.0392456,3.8186753,-3.154757,-3.9762583,-1.8997965,0.20566542,1.6449183,-5.2262797,-1.6147515,-1.6901456,0.3192549
TCGA-OR-A5K6-01,1.1056958,2.2773395,-1.3599645,-1.4206645,0.29845157,1.4856012,-0.1811706,1.7867234,4.615316,-2.6094413,-2.0275905,-2.9115307,-3.3741999,1.2885047,0.028975902,0.67431664,0.38342458,0.36245704,1.0066869,0.046510812,0.711349,-0.16817577,-0.36033535,-1.6313889,0.739308,0.36705658,-1.1014136,0.44843435,-1.4895899,-1.2516813,1.9653548,2.455156,-1.05637,0.1869763,0.16370472,2.4665663,0.12967606,2.90229,0.7967887,-2.4678712,-0.9381827,1.1583984,0.121202484,1.844669,-0.43742168,0.9745565,-2.067831,-1.8686903,-0.84075654,1.538496
TCGA-OR-A5LA-01,0.0668318,1.0975775,2.9753742,1.680754,-0.26624706,-1.0714484,-0.3432199,-3.2517316,-0.124883,0.3646623,0.91474956,1.0964878,2.2797368,3.1477678,-1.251524,2.3591523,0.23126522,0.53478247,-1.175156,3.5275812,0.61440825,-5.3910275,0.51450056,0.5054916,1.2886568,0.321951,1.5952847,-0.27223498,-0.4328979,-1.3048961,0.48356038,-0.16485937,-1.5249623,1.3237178,-0.87015045,-0.11189644,1.2702181,1.0454657,0.84669816,1.4963524,-2.554001,2.2346807,4.9658337,-0.80652195,-0.6075868,-0.13684165,2.1298764,0.7593446,3.0848613,0.6122017
TCGA-OR-A5LO-01,0.55893433,-1.7882183,-2.1003919,-2.54819,-0.03662561,1.7217592,0.19449736,-1.1510279,-1.2316648,-0.31169292,-1.2456888,-1.3300598,1.0423497,-4.2111754,4.169625,-5.082753,0.23214065,1.1798292,-3.1687956,-3.7761636,1.0482318,2.3536236,2.4818497,-3.3490665,1.2362282,-0.43151128,0.21445848,-1.9279438,-0.6633751,-0.923755,0.7434159,4.7977595,3.1469672,2.937226,-0.20202315,2.106496,-1.7951792,-1.9878829,-4.1678944,3.432322,2.4433842,-4.1807413,2.6652818,0.30940184,-0.48839915,1.0942478,-0.7571751,-2.2796226,-2.8960419,0.66656226
TCGA-OR-A5L3-01,-0.9246861,2.6371741,3.3216295,1.3117999,1.0306232,-0.19930145,-0.33111632,1.6011719,0.36780247,0.7781719,1.8626528,2.732846,-2.512998,-0.9803832,4.628746,1.3404547,0.3099769,-0.5137333,1.2135172,2.5502837,0.35544765,-3.1151357,0.15343674,0.568279,0.23530722,0.9797103,-1.54571,0.95465,0.11947989,-0.68799293,3.3096478,0.22536111,-0.9977619,1.009112,1.1486863,0.10907061,0.7848653,3.2818184,2.3172739,-6.7534547,-1.9390917,1.2603095,1.1155457,3.5273252,-0.39270693,1.388312,1.6795378,2.6757145,3.173606,0.31589425
TCGA-OU-A5PI-01,-0.06685997,1.582624,-3.8477445,0.16240066,2.651456,1.2243341,0.27049345,-0.59447455,-1.5541754,0.21185566,0.6978816,1.2847161,-0.8332258,0.99730885,-0.4281643,-2.5596206,0.35303304,0.08766722,-5.9354515,-3.9255874,0.2335748,2.0442846,0.8868533,-0.9201288,0.4023096,0.290369,-2.69214,-1.8963789,0.08090782,-0.79199547,0.007969565,-0.83392125,3.1565008,1.1489724,0.3908287,3.7188141,-1.9834485,-1.6985266,1.2162079,0.6751117,3.0379758,-1.5690444,3.393178,1.6329666,-0.79852724,1.073761,-1.6795706,-0.42754823,-2.912542,-0.54503846
TCGA-OR-A5JP-01,1.6391623,-3.1044843,-2.5764322,-2.7013252,3.1915061,-1.9300754,0.33413732,-0.28024223,-2.7942402,1.4329902,2.8995721,1.9754483,5.5504484,-2.6023734,-0.5963393,0.12729618,0.4770721,0.9979872,-2.9629061,-5.0642676,1.1379453,0.57702,-0.24716048,-2.9793785,0.58497584,0.55809873,-1.8923222,-0.9181428,2.2940695,-0.34078118,1.5952141,0.35263002,1.1375439,-4.558223,1.1834407,3.829024,-0.7625149,0.5478501,-1.9929675,3.6095355,1.8310319,-1.2962068,-1.985141,0.92054194,0.2756574,1.7403225,-7.0730076,-4.081056,-0.61929804,-0.039144486
TCGA-OR-A5JZ-01,-1.2074124,-4.1217704,0.31180823,-0.05688066,-0.5116974,-0.053962596,-1.2122145,-1.3202958,-0.9354132,-1.0554761,2.0628207,0.8210634,1.0488907,3.3833926,-2.037403,1.1373507,-0.09377254,-1.4082407,3.8498077,4.1181507,-0.97374207,3.1435626,-2.4669294,-0.004629564,-1.3714116,0.70096296,-3.1971037,2.0234964,-1.315634,-0.5120072,2.894492,0.033334978,-2.9083314,-2.7368543,-1.5444657,-1.3003477,3.4046323,-1.357475,3.134451,-1.2803726,-1.4215245,2.3360934,-0.049909793,-2.5536149,-1.1826806,-0.5902039,1.2418532,0.4260125,-0.20345989,0.43118712
TCGA-OR-A5KU-01,-1.5299238,-3.0199406,-2.1577835,-0.23549958,2.172804,-1.1609954,-0.43961108,2.6017141,0.38900268,3.8743773,-3.3639634,-0.9050763,-3.2858236,-2.9307911,0.102632776,0.78007686,-0.24691124,-1.2647661,-2.219581,-0.13462755,-1.0469131,-1.978107,-1.7846155,-1.1076758,-0.7186093,0.35541493,-1.0245919,0.2707609,-1.2058027,-0.21593459,2.669497,0.90870506,0.97313166,1.6329219,-1.1560935,3.1446772,-0.8837048,-0.25229937,0.7848816,-4.0519266,-0.8767022,0.29067644,4.163088,0.18482852,-0.4154484,-0.077185474,1.2401127,-3.1306255,0.75906324,0.079115815
TCGA-OR-A5JW-01,1.404582,-1.6770552,1.2796421,-1.7361366,-0.58142424,2.534844,-1.0002459,0.10744561,0.23086517,-2.7862036,-2.5556538,0.4200744,-0.7270997,1.1986117,-2.0000825,-3.7581277,-0.19665419,-1.5886945,-2.2604342,0.14976712,-1.4631937,2.0909665,0.8515777,-1.4865136,-1.1769755,0.5169114,-0.80048454,0.5519917,0.9233588,-0.18812819,0.7434947,-0.573587,2.758687,1.577792,-0.6456391,1.1374043,1.0503844,1.7072566,-2.136946,-0.74355525,2.1735961,-1.592648,-0.3695727,1.0037273,-0.8291726,-0.1486293,-0.7476233,-0.2857183,0.3500009,2.4739783
TCGA-OR-A5JL-01,-1.6661531,0.59878653,1.4592228,1.0387207,0.11220246,0.09137412,0.27619186,-2.8964355,-1.2786887,0.5736892,0.6942272,1.5555831,-1.057742,-2.8394055,3.561813,2.5876694,0.40506038,1.4515711,-2.0215058,2.1915004,1.1918343,-1.1293077,1.1336117,2.4591274,2.650395,-0.15695064,-1.0382111,0.06510132,-1.8415006,-1.5231409,1.706459,0.3145098,-1.556609,-3.632461,-1.2808771,1.6591312,-0.32570493,-1.4643061,0.0150847705,0.9660473,-0.25467125,1.7405213,0.93479776,1.8402036,0.13282846,0.19953671,0.05830174,0.054426804,2.3441675,-0.8743971
TCGA-OR-A5JB-01,2.3351767,0.73239446,1.6253473,1.1993209,-0.48396543,-0.09703704,-0.4366486,-4.285375,-1.16506,-0.9822023,2.4406393,1.1566814,1.3071396,0.3401919,-3.1179385,3.250199,-0.30717647,-1.8463469,3.7492085,1.9107542,-1.3991336,-2.164555,-0.9140104,1.6209257,-0.53517836,0.6256476,-2.5673325,-0.06540201,1.7394243,-0.6123287,0.34988958,-1.813367,-2.5072174,-2.8751934,-0.2411852,1.8153933,-0.4225439,-5.462569,0.6906146,7.5058627,-3.2734003,-0.020678448,-1.9350178,-3.0572298,0.25474986,0.009326913,-2.854224,-4.315627,2.3016703,0.9418023
TCGA-OR-A5K8-01,2.1461322,0.16984986,-0.5509889,-2.0003855,0.4424531,1.2208513,-0.6629137,-1.1361136,1.6567096,-0.104537085,0.49982038,-2.4597409,2.020627,2.6154041,1.3148447,-1.1138266,-0.3387645,-1.1945425,-2.0690753,1.3269434,-1.6405003,3.0250301,-0.038044542,2.4729307,-1.2364671,0.3890197,3.396043,-0.3316436,2.8132412,-0.51008475,-0.8293167,-1.312923,1.2774463,2.2415822,-1.0909529,1.545333,1.5517541,1.8085982,0.7914067,2.1987574,1.9368408,-2.0003402,-0.689177,4.405214,-1.3028411,-0.21272856,1.2184529,2.8822923,-3.194256,-0.3248352
TCGA-OR-A5LE-01,0.5820261,0.6658118,2.6153421,-3.688303,5.4499364,-1.7063718,0.45629346,2.875893,1.885216,1.4359602,-2.5035245,-0.3015062,-0.8383594,-6.8140345,2.4733698,1.0946094,0.1607026,1.9077165,-0.10795112,-1.347278,1.387771,2.5710304,-1.7812374,-3.8620145,0.8180836,-0.35833302,1.1292573,-3.6660972,3.746735,-0.13196336,0.9119244,1.9693872,-0.16086875,-0.96689594,1.4266411,-0.33919647,0.03381028,0.9844222,-0.20166808,1.5354806,2.8448772,1.0465634,-2.136455,-0.3629226,1.3929397,2.1883392,-0.20294474,-2.0524485,1.0898731,-0.5770078
TCGA-OR-A5KO-01,-0.7069395,-1.1081904,-1.413304,1.2694957,-1.7314984,1.7756153,-0.015660388,1.1358877,2.8705802,-0.86778665,-0.06816911,-0.972516,-0.12655462,-1.718157,1.6612012,2.0983336,-0.2362351,1.5491976,-0.23167191,0.69658476,0.943187,1.0014652,-3.3625267,-0.7281933,1.4794364,-0.44459617,-0.6034358,0.17975363,0.6921857,-0.8384147,-0.4105133,1.8829212,-0.7132982,1.4181066,-0.78695196,1.4764876,-0.46184072,1.4189947,-0.7105862,-1.28306,2.441168,-0.12831876,-2.222329,1.8802412,-0.35510397,0.25559163,-1.4266101,-1.9638479,-1.7287706,0.18333824
TCGA-OR-A5K5-01,1.0591694,1.4935545,-4.2127824,-2.9852698,6.2302656,-2.5747507,0.15551905,1.639034,-3.0598752,1.3472999,2.2291496,-0.6731502,0.14874642,-6.2230225,-1.3748778,0.77944106,0.50365293,1.277989,3.2491896,-6.953,0.9275944,-2.6728654,1.7130156,-5.032759,0.35250267,0.017322568,-0.9281929,-1.4774697,1.7283665,0.19961485,3.4747434,3.292536,0.9130983,1.8993026,1.4105153,4.549727,-4.423929,-1.1278001,-3.6350012,-0.18390171,3.1985116,-1.6389054,-3.416601,-1.6536121,0.3320644,1.7900718,-5.503841,-2.0199385,-1.4992552,-0.35505056
TCGA-PA-A5YG-01,0.42421323,-2.9928286,1.772236,-0.61745715,-2.816953,0.1344947,-0.74191505,-2.719594,-0.66120994,0.17445387,0.6081857,1.0989528,-0.8522921,4.5089936,-4.1279116,2.5713744,-0.021782618,-2.004128,0.704545,1.9958292,-1.6645334,-3.169488,-0.70169705,1.324156,-1.4404969,0.61992824,-5.0223894,1.0386935,-0.34010807,-0.4408209,-0.32554832,0.066232406,-1.9306976,-0.32977358,-0.9621181,-1.283587,2.4527352,-0.5984964,2.1549046,4.9837728,-1.4882041,1.1485097,6.6597614,-5.0873747,-0.73657435,-0.14058743,-1.698271,2.9950233,3.015452,0.756235
TCGA-OR-A5JF-01,-3.034611,1.0533148,1.07632,2.9139595,3.646283,-0.059209295,-0.3680169,-0.03618465,1.0219511,0.62325835,0.1623295,-2.4069722,-0.23917234,-0.46531373,-0.58482945,-0.6789764,-0.1336121,-1.4862632,-3.5748565,1.5142022,-1.1971928,2.638626,-1.8886399,2.4124653,-0.7648014,0.36086676,-1.0276678,0.8502224,0.5613341,-0.24484421,1.9834476,-2.0129926,2.27888,3.3991747,-0.28481883,3.0186012,0.62779695,0.19902183,0.1721877,-1.891686,-0.95273155,0.76097894,2.088126,1.8561116,-0.43598297,0.28122622,-1.3878332,0.34844822,-1.3430154,-0.9534504
TCGA-PK-A5H9-01,0.56474763,1.2890704,2.8395615,1.7766997,-3.8908093,0.5486795,-0.44608116,-7.026972,-0.9390403,1.4278456,-0.12071611,0.9173495,-1.507443,4.98287,1.5909768,1.0151693,-0.2921838,0.44792315,4.331747,2.028207,0.70948434,-5.020675,-0.44581118,1.9489228,1.3682874,0.47337303,-4.712015,1.2844206,-0.08264663,-1.3344855,-1.0856328,-0.72858065,-0.9328104,-0.24946241,-0.8953914,0.47346395,1.4074459,-2.1296582,0.8268532,3.2310126,-0.8434314,2.4306898,0.6226726,-4.428313,-0.6315193,0.22067201,2.7735488,1.8271935,3.4940827,0.87445945
TCGA-OR-A5J3-01,-0.9713993,0.32749984,0.008664419,1.4304984,1.6782951,-0.04846342,0.37673643,-1.2800311,1.9022735,-0.49742153,-3.4282315,-1.4840828,-0.45684245,-1.4166144,3.2958388,-1.2557406,-0.18134561,0.926999,0.60891914,5.0558224,0.9223007,5.1554728,2.198641,0.10979912,1.0570483,0.20533583,-0.52678275,-2.027715,1.4217664,-1.4584476,3.3757565,0.9086564,2.6581655,-1.0129514,-0.41793543,4.7289824,-0.9779809,2.2669768,-2.558694,-1.3474295,1.4141314,-2.5230663,0.89113873,0.16431698,-0.42014712,1.0126415,-1.6341591,-2.3085525,1.3864233,-0.4685666
TCGA-OR-A5JS-01,-1.4803884,3.1393924,-1.7470213,2.278874,0.09000233,-1.7762169,-0.07528933,2.0177202,0.014499482,2.193845,-0.48118562,-0.5227824,-5.510356,-3.8544846,3.439325,1.146747,0.5678705,-0.08733049,1.5127406,-3.0950906,0.43939224,-1.9208131,1.4124612,1.5368726,0.54670906,0.47058502,-3.785641,1.9717841,1.0914834,-0.59531015,1.7701598,1.6147904,1.7939833,0.709644,0.96384144,3.4037824,-2.6505702,0.25874066,2.3679686,-3.432794,2.770382,-1.9988414,-4.567187,1.1859944,-0.27722228,1.3101943,-1.3746153,-2.1383362,-0.9442731,-0.8547326
TCGA-PK-A5HB-01,3.0715055,-2.9274063,-1.3105972,-3.3194728,0.26261413,-0.37058476,0.016265627,1.5017539,0.4387515,-3.886407,-0.32556015,-1.5226258,6.786108,0.62273824,-0.017110543,-4.4251766,0.83686715,0.28226066,0.21485323,-0.517109,0.9815913,5.071408,0.46032318,-1.0321401,0.9171515,0.77742183,1.2009114,-0.6081318,1.827383,-0.29331252,0.4659063,2.175975,0.069273196,-4.7110586,1.4504968,1.7991228,-0.44981417,1.0004188,-3.009133,2.55034,0.48957643,-0.64861554,-2.0912316,-0.421972,0.3853313,1.3943802,-0.7251223,-2.241419,-0.5225787,3.680316
TCGA-OR-A5JE-01,0.5842504,0.5367336,-2.155964,-2.0495281,4.05142,-1.5286388,0.44750363,-0.97903794,-1.9569795,0.9793936,1.4425939,0.8275773,1.4204307,-3.0534313,-1.3351451,-0.24579743,0.026140418,1.7201326,-3.0321867,-5.781327,1.1355515,-0.33040467,1.0725808,-3.930524,1.2180063,0.2662642,-0.08076669,-2.0493805,0.5089094,-0.64031065,0.025158485,3.3218162,1.5449091,-2.867806,0.42410105,5.402102,-3.3366754,-0.23826523,-2.491184,2.952661,2.084697,-3.092343,-2.9325643,2.375553,0.10423451,1.7368454,-3.6822724,-3.1104262,-0.5351583,-0.46865863
TCGA-OR-A5L6-01,1.6353544,-2.6374223,-0.9220706,0.3065301,0.45254758,1.7431,-0.76232255,-1.1995254,-0.09246544,-2.4352846,-0.59211785,-0.41589773,0.6403435,0.9659474,-2.2859282,-0.93290275,0.025518484,-1.627506,-0.23738214,2.2309148,-1.5637051,-0.9922775,-1.8631991,0.7447521,-1.3797716,0.6321717,-2.297691,0.93403554,-0.52027255,-0.046682138,2.0662758,-0.2790538,-1.8555614,-0.70209175,-1.5119917,-0.80884856,1.8618973,-0.25066093,1.6732901,1.7192065,0.44439763,-0.37250707,1.127837,1.1981078,-0.8847502,-0.17336033,0.345953,1.5035352,0.2766311,1.187483
TCGA-OR-A5LG-01,0.044291846,-0.30273205,1.4942293,0.3436185,-0.84628206,0.03748507,-0.30819297,-1.0724126,-0.919982,0.567644,1.0866711,0.9476993,-0.42176184,-0.6927632,-0.47129536,2.234611,0.17155112,-0.10750669,0.001018336,2.1388092,0.596974,-3.427961,-0.31662166,1.4055307,0.73792934,0.42568693,-1.999424,0.043679696,0.58754313,-0.8995817,1.0828047,-1.8712137,-0.86140186,-0.8778534,-0.34425652,0.0437134,2.2573948,-0.12868658,1.8777201,0.40134853,-0.6547972,1.0110673,0.32986543,1.8552362,-0.63984454,0.47712108,0.5251805,-0.21091889,1.618991,0.31766713
TCGA-OR-A5L4-01,-0.66606486,-1.9701679,2.3084517,0.043615088,-1.5646349,-0.68267316,-0.008823975,-2.0372307,0.32924405,0.17761503,0.068824865,-0.2771723,-0.36219555,0.48530442,-0.7202779,-0.12475753,0.31530115,1.2615342,0.2707992,2.781383,1.4544234,0.60808027,-0.07298952,0.5451766,2.0544693,-0.35954908,-0.5622035,0.007084354,0.2868612,-1.4571024,0.8570968,-0.6199324,-0.9706398,-1.4066331,-0.9808103,-0.74974245,0.6630142,-0.3388866,1.5186005,1.3910503,-1.0195897,0.6441065,0.7328921,0.014873313,-0.21428269,0.2988618,-0.17250544,0.13529961,1.3218931,-0.73397
TCGA-OR-A5LK-01,1.4831965,-3.191603,-1.0426104,0.42338756,-0.88413125,1.4320662,-0.7352509,-2.7285428,-0.117070265,-2.1313083,-0.42276585,-0.8263139,0.08557016,2.9681468,-4.1980257,-0.7774657,0.26012778,-1.9331098,0.7686608,1.2060897,-1.4838012,-2.4927223,-1.6833861,0.9038375,-1.1281217,0.8313121,-3.814378,0.31138247,0.2940481,-0.40191662,1.7618679,-0.1682818,-3.5742667,-1.6013091,-0.7548302,-1.0702585,2.2729425,-0.5099645,0.23179059,3.24096,0.4984609,-0.37647793,4.447743,-2.4501712,-0.871021,-0.5447429,0.95174694,2.522724,-0.03313511,0.7462788
TCGA-OR-A5K2-01,0.53234214,-0.96655655,-2.8149204,-2.4151654,3.0951788,-0.56492805,-0.1654741,-0.9293958,-2.0893726,0.8568808,1.0591345,-0.33470586,1.7131494,-2.237345,-0.64345884,-1.7689193,0.31905198,0.5619985,-2.5217156,-5.2522645,0.8754344,0.13265565,1.1129056,-4.6147823,0.70687145,0.35181272,-0.8181754,-1.8909551,0.3148491,-0.15942533,0.22787443,1.4856664,1.2563089,-2.1079707,1.2998723,1.9793665,-2.2133677,-0.41174054,-3.673204,3.1571388,2.9784172,-2.2939215,-0.8843111,1.694276,0.1378668,1.4573224,-2.3384423,-1.819361,-1.7534503,0.35289642
TCGA-OR-A5JM-01,-0.09575928,1.2061306,-3.364842,-3.0543458,2.3331134,-1.8124287,-0.48505592,1.8185953,-1.770605,1.353288,0.98183995,0.20721023,-1.5743366,-4.8391094,0.7179551,-0.49934444,-0.1608051,-1.2113737,0.9886546,-4.7612433,-1.7860662,-0.6724912,0.8850585,-5.597549,-0.6027276,0.021511603,-1.0340686,-1.3297111,1.8756491,0.0968168,1.121071,2.7239652,1.7016081,0.27763507,-0.46696112,2.3185656,-2.4094572,0.076516986,-3.6209512,-0.63941544,3.067284,-1.5848942,-3.20747,-1.0256218,-0.4443672,0.34797794,-3.6870368,-3.1566792,-1.3342249,-0.50897884
TCGA-P6-A5OF-01,-0.847915,-0.9695995,-1.497239,-0.4819629,2.1501658,1.7339826,-0.012268364,-1.695669,0.8307314,-1.1033201,-0.8977158,-0.89950603,0.6983179,0.014511642,-0.24209726,-2.9515688,0.29271856,1.0143567,-3.0134106,-2.8661127,0.7250974,1.6512522,0.81081766,-1.9658512,1.1214868,0.001235052,-2.6387696,0.42888433,0.58385134,-0.827626,0.9999983,0.7961124,1.4789677,-0.82142633,-0.10626311,2.6109881,-0.04981208,0.37551957,-1.3627763,1.7553525,2.908905,-2.193848,2.7289402,1.4252776,-0.113830805,0.8896835,-2.2992437,-2.5607915,-1.7369411,-0.080308445
TCGA-OR-A5JT-01,-0.85567576,-3.8606405,1.5924495,0.9745523,-1.2358057,0.55974376,-1.0587217,-1.1947554,-0.8060883,0.4893474,0.2859647,0.97674334,0.20488313,2.3860207,-1.5449892,-0.10175123,0.13677388,-1.4171054,1.0563157,2.5397618,-1.1074643,1.1170342,-0.14472575,0.32669547,-1.2540245,0.7678502,-1.1728556,0.066874005,-0.41710174,-0.5834406,1.6391071,1.2189134,-2.3166196,-0.87478495,-1.8075879,-2.089679,1.095286,1.3767544,1.9145753,-0.9197231,-1.2257646,0.6477315,1.2690096,-1.8657869,-0.8604342,-0.7929716,0.48375607,1.8374451,1.6786633,-0.7560965
TCGA-OR-A5KW-01,-0.80477595,-0.58965653,1.2278628,0.5108764,1.8050836,-0.33864534,0.4055445,-2.2467685,1.662822,0.49395192,-1.0212867,-0.68117684,-0.0059316456,-1.2671945,3.2795882,0.67381215,-0.073931165,1.1089822,-1.3207765,1.1156554,1.0557079,3.6458433,-0.22214018,0.94328123,1.5497534,-0.09724741,-0.26326767,-0.53012204,0.5279086,-1.4843944,1.4474323,-0.22326022,1.2302934,-2.579714,-0.8857306,2.6356034,0.80053747,0.15389472,0.925378,1.7582124,-0.044930004,0.8420998,1.1085095,1.6867365,-0.06318834,0.63795847,-0.120039724,-1.4714391,0.87489015,-1.2686136
TCGA-OR-A5J8-01,0.7457335,-1.9863057,-0.007869664,0.58666205,-1.0504241,0.7725458,-0.22594914,-5.276634,-0.31806752,-0.90629697,0.88375616,0.08138765,3.9904606,2.1099136,-4.5108876,0.46042228,0.23969975,-0.39382175,1.46704,0.38647443,0.3621447,-5.0371017,-1.8869705,0.65719104,0.4357482,1.0490226,-2.7929294,0.08424216,1.1307802,-0.47328642,0.03981155,-0.09636587,-1.4800814,-4.1903596,1.3224547,1.6861039,1.6668346,-2.0026839,0.24417298,8.708298,0.28706366,0.14382976,1.489032,-1.399819,0.21136042,1.1307564,-4.391273,-3.8954663,0.062294275,-0.10315245
TCGA-OR-A5JQ-01,-0.5866247,-2.4889874,1.1330225,0.6067085,-1.3230323,-0.33187208,-0.9537688,-0.92219836,-0.69496906,-0.1099771,0.32806614,0.6278766,2.7052178,3.3923569,-4.9764,0.73081666,-0.2325011,-1.4800428,1.6066141,2.3545628,-1.2273538,-3.6971684,-0.4379433,0.5671929,-1.2728385,0.5423959,-3.142593,0.35218635,-0.30348644,-0.6580555,0.9449531,-0.42112812,-0.60493433,-0.095752046,-1.1614779,-0.008907462,0.9309199,0.8735473,1.5239245,3.5598114,-1.4765491,1.3281211,3.553317,-4.0939474,-1.0569721,-0.1305037,-2.6612246,0.9699174,1.3013307,-0.4754296
TCGA-OR-A5JV-01,0.42192578,-3.3899617,0.17068923,-0.625715,-0.5758883,0.67079204,-0.40083942,-4.091251,-0.65846795,-0.33921447,-0.6880147,0.7802416,-1.3806821,2.9965975,-2.4948158,-0.13923942,0.23430078,-1.6961029,-0.46966672,1.3206875,-1.5837331,-0.3276975,-1.6163654,1.4998355,-1.4488156,0.5503408,-3.7493029,-0.19941324,-0.1425352,-0.26302502,0.5200486,-0.03577131,-4.097799,-2.237579,-1.5088732,-0.5980087,2.5738962,-1.6249073,0.44527024,4.626568,-0.002623838,-0.34124163,4.028615,-0.17070879,-0.4595935,-0.31783614,0.81178296,1.486693,1.257651,0.6632228
TCGA-OR-A5KX-01,-0.050898965,-0.67798066,-3.0453763,-2.4650373,0.44958606,-0.9872612,0.29442006,-1.5458969,-2.1480064,1.0381349,0.7778355,-0.8549173,1.98262,-2.707052,-0.122263,-1.4579456,0.30055618,-0.6188915,-0.40526694,-4.0331697,0.38248926,-1.1494262,0.6799561,-5.102184,0.33292535,1.3978361,-0.37373242,-1.6120138,0.30279142,-0.043571234,-0.24149798,1.4323499,-0.53868496,-0.613625,1.8992294,0.35248446,-2.559798,-0.2734617,-3.3990736,1.2132593,3.019357,-2.0364492,-0.99578923,0.26476243,0.3123419,1.3457102,0.010048839,-0.45351428,-1.4445094,-0.022785895
TCGA-OR-A5L5-01,-0.7796857,-1.8173772,2.3199468,1.1139736,-0.6354451,-0.7968753,-0.32439762,-2.2524884,-1.0634005,0.5541705,1.0864486,0.45144206,0.83154553,2.5133984,-2.832887,0.911462,0.43187627,0.271245,-0.38505936,2.6088285,0.6342317,-3.4104486,0.3835881,1.0992283,1.0427456,0.45205045,-2.994817,0.5007486,-0.6945637,-1.3017598,1.1734997,-0.3387228,-1.6976286,-1.047966,-0.70339847,-0.41961733,0.93625784,1.0437305,1.1476253,0.7523657,-1.039617,1.3778447,4.965195,-2.555315,-0.7160157,0.03377346,0.9197154,0.999672,2.0735557,-0.51045287
TCGA-OR-A5LR-01,-1.2155324,-1.965279,1.0145379,0.8931951,-0.70181686,-0.37099844,-0.6382015,-2.026788,0.04702673,0.115020886,-0.040186863,0.5522506,0.2733049,2.235942,-0.9866834,0.67231745,-0.023674406,-1.5142347,-0.19063933,2.384486,-0.93949497,-0.7840885,-0.043343227,0.37503663,-1.3236961,0.88516486,-2.295874,0.06054398,0.14900601,-0.8123339,1.5445627,0.41027066,-2.0874717,-0.041443318,-1.7084004,-1.6080992,1.620089,1.5226383,2.0100954,-0.63751036,-1.3161098,0.591881,2.61434,-0.76471406,-0.74411404,-0.30626634,1.297125,1.3412391,1.652434,-0.895652
TCGA-OR-A5LT-01,1.0941586,-3.6063485,-0.8045167,0.0202503,-1.4539624,1.8514061,-1.0758884,-0.1022962,-0.65501165,-1.6670895,-0.06086194,-0.9831283,0.18364511,1.9293965,-1.7560197,-0.841763,0.23495926,-0.71153146,0.64587384,1.746697,-0.16307952,0.4391908,-1.6985947,0.34006926,-0.2805569,0.33066848,-1.3533401,0.23482774,1.0009505,-0.72067076,1.2984241,-1.654466,-1.030848,-0.59259343,-1.254301,-0.069057815,2.1284642,0.28434148,-0.1896677,0.036361266,0.50673616,-0.0626214,2.1775796,-1.4822745,-1.5823528,-0.23780397,-0.110479236,1.9642798,0.6413698,-0.29929036
