,22,15,28,14,26,9,7,6,19,15,7,5,25,4,27,2,0,27,11,20,5,21,20,21,19,22,17,16,11,1,18,25,14,12,11,10,28,4,25,12,1,0,13,9,29,16,3,18,23,13
TCGA-4G-AAZT-01,1.4534026,0.045666676,-1.9229643,0.7642896,0.39391723,0.917465,0.14486016,0.17125788,-1.903127,3.2131333,-0.20383802,0.1321164,-1.2909237,0.41496295,-9.196443,0.035300083,0.8545572,-2.1955757,3.2818086,1.2201989,-0.4728817,3.7097068,0.6511753,0.29289803,0.29110473,-3.812715,-0.6195609,0.45185727,0.20840175,0.4739281,-0.09136721,-1.662179,-4.4605236,-0.7919726,3.3684044,-4.1640916,-0.5920833,0.696437,-0.05531442,-0.9015412,4.083372,1.465118,-0.8428599,-0.8489606,-3.524197,-0.7190983,-4.3893356,-2.6940339,-0.4062042,0.7064806
TCGA-W5-AA2R-11,-1.2319385,1.8798563,-1.7046347,2.7637942,0.059015747,0.20781064,-1.0292323,1.89619,-0.64181066,1.9400871,1.6875658,-0.6048633,5.096509,-1.2700574,-2.7005665,1.670332,2.2156615,-0.94805115,-3.2116885,4.435326,-0.3532102,4.176707,-2.5698113,0.14665423,-0.38031948,1.5330172,-1.9340299,-0.10429626,-0.96444905,0.48275426,0.6671281,-2.0474446,-4.1310124,-0.09817907,2.3723292,4.555498,-2.0917773,1.2560503,0.37291935,2.4276104,-1.5410515,1.3294528,-2.1862001,3.0892892,0.09432329,2.380721,-0.43327308,3.1931233,-1.6224174,0.58216685
TCGA-W5-AA36-01,0.58814186,-0.46524233,3.1018167,1.4044248,-1.6084497,0.36810508,0.6964433,1.4057757,-1.2485626,3.2986174,1.4245429,-0.07355246,-3.2754562,1.0804349,0.13477488,1.3050789,0.7826857,-1.4336252,-0.72819114,3.0674927,0.13755497,-0.07426109,-0.10065114,0.24359705,0.35877755,-0.6383172,-0.88901776,0.6239866,-0.39172342,0.46728352,-1.8153428,-2.5776505,-4.740521,-0.9028699,1.9591253,-1.4382222,-1.1439333,0.36913082,-0.08773672,-0.11320864,-2.4286475,1.3028796,-0.31158954,-2.3986037,0.6952341,-0.79943204,1.8175778,-2.1719847,0.3306157,0.7817141
TCGA-W5-AA2U-01,1.4124424,-0.09822761,1.2935723,0.53958005,1.5407071,1.0190078,0.19005401,0.25751373,-0.20262808,1.6120704,0.9389111,1.1326073,0.8359196,2.8540323,-0.8107382,1.3480581,0.52932566,-4.5705957,2.339638,0.9324288,-0.05355328,2.9378705,-0.9505028,0.7761142,-0.2479875,0.2895881,-0.45501688,0.059659544,-0.23753832,0.5189222,-0.7355441,-2.3235893,-6.5672154,-0.65575063,2.6717396,-2.3148482,0.2934237,0.6260274,0.64790344,1.6775464,-1.1342776,-0.607081,-1.1042538,-2.6052217,-1.4413271,0.31293213,2.7103877,-0.93291855,-1.6872542,1.0359637
TCGA-ZU-A8S4-11,-1.3810197,2.1599312,-1.4575394,2.769912,1.0181915,0.2648326,-0.94222486,1.7347952,-0.057160776,2.3496506,1.7392575,-0.44185808,5.866159,-1.5134256,-9.310553,0.31302306,1.922731,0.51826435,-2.3851717,3.4903255,-0.37719253,5.104438,-2.8977096,0.48061767,0.046220638,1.1171906,-1.5580281,-0.48586437,-0.8892734,0.76161516,2.3174376,0.662293,-5.382173,-0.10719829,2.492371,2.8835177,-1.9289731,1.1603324,0.22986801,0.92189497,1.7824235,2.8458226,-2.2068977,3.502421,-0.25949806,1.3374959,-1.2076422,3.8011446,-3.2203276,0.71746373
TCGA-W5-AA30-11,-0.6936676,1.949672,-2.7704532,2.952977,0.442662,0.29999095,-0.94442654,1.7294126,0.9840287,2.8779461,3.480381,0.34224027,6.162877,-0.25786245,-11.118247,1.1537309,2.1368263,0.5068882,-3.0433497,4.193677,-0.103681564,7.243261,-3.300556,-0.22329348,-0.6134439,-0.56191236,-1.7586722,-0.2030914,-0.68544614,0.75953007,2.8366556,-0.5982686,-6.4437084,-0.3317257,4.1965604,2.5676513,-1.9702495,0.65242755,0.44325787,0.67058384,1.5489345,4.2017717,-2.6508431,2.3827937,-1.3114406,1.1522645,-0.63121736,3.0415537,-1.8852195,0.5495394
TCGA-W5-AA2T-01,0.30070332,-0.026142497,1.6127566,-0.37253183,1.0627551,0.94241714,1.0744703,0.71897566,-0.20936519,0.98604274,0.6256772,-0.91394913,-2.872251,2.6899798,-1.9683658,-0.7198611,0.9245146,-4.2555823,1.8272247,0.33674777,0.27740395,2.3693042,-3.8255203,-0.18020742,-0.07255967,1.0462321,-0.29691252,1.3655266,-0.065091856,0.63212013,-0.026148992,-3.229792,-5.700638,-0.9110401,2.658437,-3.6591713,-0.63664424,0.33968687,0.96363,1.9605796,-0.7654493,-0.7426027,-0.25176924,-3.5099163,-2.212239,0.69076025,3.7813675,-2.4062326,-2.6872878,0.30405736
TCGA-W5-AA2I-01,-0.12135639,0.17226295,-2.5373158,0.4080671,1.685586,0.5466569,0.11753482,0.45421705,-4.5780663,1.2844841,-0.24052079,1.4353055,-0.64507145,5.8853474,-8.084386,-1.2431229,0.08041769,-2.6775157,2.592741,3.382073,0.20819703,-0.77216405,0.78591967,0.15781662,0.11161483,-1.159704,-0.5259711,0.6324843,-0.005793045,0.23310746,-1.7286042,-1.1527702,-1.3133758,-1.0961816,0.30547377,1.9274142,-0.26842514,0.5185944,0.8424041,1.912241,0.039571453,-4.861163,1.3176129,-0.004818026,-1.4272093,0.0564324,-4.4277368,-2.1577847,-0.5018089,0.33613175
TCGA-W5-AA2H-01,1.029783,1.0246254,0.82210064,1.298282,-1.0087056,0.403864,-0.14351833,0.5427426,4.627938,4.47721,-0.51645833,2.5788703,6.208091,-2.4274962,0.4579795,1.133317,0.9174417,-0.52973926,0.15484728,-2.5529776,0.3367205,-0.22415988,0.9535646,-0.8257387,-1.1011473,-0.03309791,-0.47779095,-0.23012869,0.66143024,0.26377138,-1.6389614,3.8511517,-0.5615606,-0.2590253,-2.1146152,1.1836333,-1.2341007,1.2399653,-0.17566289,1.4273019,0.3128685,-0.37104067,5.522526,0.62497365,-6.0794334,-0.3253448,0.3558978,2.3897557,-1.8072332,0.07195551
TCGA-3X-AAVA-01,0.5225655,-0.40427878,1.8883817,1.0362016,-1.5000684,0.89902604,-0.15021957,1.0836762,0.9762653,1.9793359,1.1610126,0.36954838,-0.9091152,1.2543794,-1.8590543,1.1606692,-0.28080463,-1.0981684,-0.28204116,4.037812,0.048224114,4.013453,0.91374695,0.18687609,0.16297919,-0.86175376,-0.40683845,0.23937826,-0.646039,0.17121528,-0.8609985,-3.5977201,-7.1563087,-0.84657085,4.3060246,-1.1318119,-0.2940279,0.30906495,0.32320955,1.8428444,-0.6692684,0.84114707,0.13833338,-0.4681394,-0.19836286,0.9816252,3.5857725,-1.3708973,0.3646117,0.6809297
TCGA-W5-AA2Q-11,-0.95685685,1.7908446,-0.68202406,2.8010032,-0.39229318,0.2833055,-0.6872121,1.7209727,0.49296263,3.7453425,2.147717,0.41681698,5.6186132,-1.2054346,-7.9916844,1.161713,2.1135063,0.54637176,-3.5114615,3.9574301,-0.08333125,3.0448892,-2.8746805,0.11081049,-0.4726064,-1.6137873,-1.6981567,-0.024818856,-0.721665,0.8573653,2.9277244,0.3837373,-1.7058635,-0.25036156,2.4680114,3.4944348,-1.6827754,1.0535374,0.4881574,2.176709,0.5675521,4.21011,-1.6792983,2.6834264,-1.4351836,2.091382,-2.7029564,3.304855,-2.0048888,0.84125185
TCGA-ZH-A8Y8-01,0.5648986,-0.048194643,1.4626455,0.2367611,2.5735235,0.050086576,0.22054254,0.3567707,2.0106847,2.6603405,-2.1206448,3.3270082,3.0779946,-0.60934126,-5.9912343,-0.40186375,0.6743787,-1.9509128,1.2012917,-0.20244762,0.20776074,0.94784343,-2.8693135,-0.14005733,0.15915218,1.8151392,0.28341812,0.093873575,-0.429887,-0.33229595,0.77371997,3.2301013,-0.0109465495,-0.9127496,-0.7048271,-2.204945,0.40151396,0.74144244,0.37087172,-2.0580785,3.6120646,1.4209584,-1.3410257,-4.3270516,-2.6699843,1.553629,-4.275736,2.3388767,0.4967106,1.0648365
TCGA-3X-AAVB-01,1.2849541,1.032665,-0.48471922,0.575329,3.1822155,1.0312455,-1.023331,0.07286364,5.5582504,0.08340424,-0.6557857,0.9670997,2.3719914,-1.9705228,3.790271,-0.005494507,-0.42543814,-0.3002046,3.3064954,-1.3735744,-0.224515,0.17717785,-1.4654953,-0.09043536,-0.31003729,2.575733,-0.63186747,0.46682644,0.47748068,-0.15116212,-3.2960234,0.9363769,-0.65179926,-0.42128885,-1.4089936,1.6906474,-1.0618825,-0.8121564,-0.25779933,1.4936811,-0.37527683,-1.6103393,0.7142063,0.3319604,-0.4967404,-0.9563426,-2.3972692,1.7950866,-0.15799667,0.75987697
TCGA-W5-AA2U-11,-0.9147672,2.1192513,1.0496095,2.80064,0.36160186,0.39075124,-0.6922635,2.0843303,0.24081886,1.5668483,-0.56283045,-0.7028406,5.944962,-2.0275562,3.2758274,1.7190847,2.2398748,-0.76592696,-3.4426785,-2.302583,-0.1290274,-1.270706,-2.9744358,-0.15417421,-0.5958143,1.4692799,-1.7073306,-0.25344414,-0.81780994,0.78753066,-0.071095325,4.159751,2.4474256,-0.31357574,-0.19954865,3.88316,-1.7493755,0.8588978,0.6167438,3.2369435,1.073451,-4.546226,-2.908702,3.311633,-0.48496318,-0.5653103,1.611967,3.0647886,1.5324699,0.93870294
TCGA-W5-AA2I-11,-0.92982686,2.1479583,2.249871,2.7024915,-0.22081962,0.44940397,-0.9225161,1.9311522,-1.5148244,1.3013091,-0.36578697,-0.78489083,5.6332736,-1.6543269,-5.3115287,1.329345,1.828095,0.72009605,-2.4788718,3.0078616,-0.5373342,-1.6541116,-3.458887,0.41245437,-0.06595007,0.37951487,-1.8224235,-0.47505957,-0.8901009,0.6352693,1.1336535,4.116458,-0.26210338,-0.25633976,0.3884553,4.218998,-2.0893176,1.125027,0.6394368,2.9261506,0.85450417,0.06672472,-2.6097662,4.8714833,-0.08996959,0.3717996,-1.2200259,3.410127,-0.42865896,0.80808747
TCGA-W5-AA2X-11,-0.6043886,1.8034446,0.47527218,2.7651417,0.4869138,0.33539167,-0.92502373,1.6061139,0.8493048,3.0549862,-0.3593212,0.38392016,5.70968,-0.20209332,-7.887477,0.489037,1.9263089,-0.013961649,-2.3700197,1.5783834,-0.5003187,1.6329708,-3.5049531,0.09153825,-0.015502207,-0.7559951,-1.8711509,-0.13548055,-0.5895357,1.2378001,1.8129094,2.6997309,-4.2516217,-0.49528962,0.40583766,2.7542884,-1.7870073,0.5691224,0.36791018,0.10799581,3.0434248,2.0353038,-2.4972196,2.4224896,-1.3588506,-0.5679231,0.22297737,2.1792278,-3.847206,0.71586263
TCGA-W5-AA2Q-01,1.1373607,0.4145155,-0.11430849,0.5254345,-0.94833565,0.9400692,-0.25006124,0.43383268,0.8692318,-1.0905236,-0.9318815,2.1232457,1.2910467,2.620997,-3.613193,-1.9870833,0.2235504,-1.940157,3.7661216,-0.8814242,0.046573956,-2.0418806,-4.6702595,-0.062434167,-0.60389733,2.20292,-1.0650824,0.8171139,0.015746433,-0.2290804,-0.2668159,-2.6947339,4.2747817,-1.1521848,-0.2045132,2.175464,-0.77602375,0.6915642,0.2565708,3.93927,2.760017,-3.566344,0.46042114,-1.9957039,-1.4187366,0.6817437,-1.2149924,-0.93880725,0.9352643,0.50827104
TCGA-W5-AA30-01,1.6018004,0.28265193,-1.1134003,0.10210351,2.2595897,0.79659414,-0.3001321,0.1936381,-0.81854,3.0215578,-1.0549822,1.0818073,1.1766243,4.060053,-4.247982,-0.4162149,0.006825432,-3.0586865,2.7307324,1.641458,-0.04714002,-1.0587996,-3.129946,-0.3810472,-1.1449517,0.37123278,-0.9045562,0.054485966,0.75891733,-0.16308618,-0.2400527,1.1241522,2.113337,-0.9590781,1.0736119,-1.4452276,-0.3160411,0.6982793,0.4793995,-0.53312516,2.8854504,-0.6980985,-0.4625228,-2.8955941,-2.7961717,-0.0730388,-3.9621003,0.08554766,1.3701268,0.11156706
TCGA-W5-AA2G-01,-0.14381143,0.7740065,-1.9211661,1.7668679,-2.1467948,0.7561835,-0.37105325,1.3393958,0.5636847,1.9197537,0.7041289,2.6578732,-0.5407437,-0.7454013,0.960806,0.5009615,1.5985178,-1.4745605,-3.290596,2.4863389,-0.38886476,0.77611053,-1.8223602,-0.2798834,0.11205946,-0.789019,-1.0489808,0.6302446,-0.20492056,0.8994583,-2.7525868,-1.4850736,-4.285282,-0.5390925,2.9162285,2.0057204,-1.2795192,0.54431486,0.38415563,0.25961757,-1.3053112,0.69438475,-1.0664006,-3.6980243,-1.6969885,-3.6129704,-1.0486408,0.4491969,1.6723292,0.5666058
TCGA-YR-A95A-01,0.60729724,0.16643521,0.09840712,1.245303,-1.5064669,0.5189584,0.27128232,1.1899307,0.7430867,1.4813225,2.5067475,1.0713024,3.5933115,2.8662493,-12.823853,0.5878119,0.97247535,0.118843235,-1.6541203,4.0965843,-0.2708442,7.0167723,-2.8028436,0.08528571,0.45156863,-3.195626,-1.041444,0.20889871,-0.1557418,0.52351993,1.9923303,-2.8872414,-8.286231,-1.0977868,6.409241,-0.4164252,-0.66145283,0.3910736,0.40398312,2.5251098,0.81784135,1.2004056,-0.23929979,0.70854247,-4.0131907,2.607577,0.97054034,-2.8911877,-2.5040054,1.1255682
TCGA-ZH-A8Y6-01,0.5617832,0.53072447,0.30338177,-0.108705245,4.158595,1.1449301,-1.7447764,0.8266944,3.5209374,-1.7951951,1.7514493,-1.4880279,-1.3304912,-3.5563266,3.0546787,0.99818254,0.4835999,-2.29106,0.8209828,1.2224355,0.33270913,1.8653913,3.373125,1.3845569,0.06132689,4.3203754,-0.8521223,0.25219163,-0.8043663,0.69745743,-0.84795004,1.4789687,0.9560926,-0.048752602,0.23965195,2.8432522,-1.0409664,0.9022075,-0.4020012,3.3854072,-2.1268687,1.8920627,-5.6530766,2.2262657,4.2727327,-0.24270883,-1.7618525,-0.97761667,-0.94139683,0.7752462
TCGA-W5-AA34-11,-1.1058314,2.0120416,-1.9344286,2.9366703,-0.36865053,0.25788042,-0.8769898,1.978039,-1.1281701,1.2835662,2.9047513,-0.6707089,4.8829846,-2.3466892,-3.809191,1.564258,1.7975713,0.14205423,-3.1825576,5.1715565,-0.47344467,5.754802,-2.6885793,0.3877637,-0.2908767,1.2872437,-1.7021804,-0.3517252,-1.0303141,0.54533786,1.0405812,-1.2486223,-6.4351034,-0.31487647,3.146642,3.8646877,-2.1255789,1.483221,0.3737808,2.7138968,-0.7498897,0.7769069,-2.0739596,3.871976,0.043998223,2.1632812,1.0140749,3.7842088,-2.5663345,0.49079156
TCGA-3X-AAV9-01,1.1421279,0.82369745,-0.30958438,0.2366899,2.1674216,-0.29922965,-0.5751307,0.4038343,4.930682,2.9227638,-2.183094,2.014231,4.898526,-0.5483567,-5.194679,-0.3799419,0.8962226,0.14765343,3.8922608,-1.8974084,0.1860663,-0.13482629,-2.3268738,0.009734154,0.10656292,0.35890016,0.03006695,0.09419684,0.029050589,-0.42756364,-0.1980529,3.4076114,-0.66960824,0.011765442,-0.23172523,-0.53618485,-0.18997774,-0.4706637,0.08519414,-0.808273,5.864761,-1.9060735,2.348904,-0.006400088,-4.093821,-1.3056067,-3.0672805,1.9444708,-0.19133314,1.0386082
TCGA-W5-AA2O-01,-0.021475332,0.225211,-0.028137391,1.6714028,0.6561503,0.94324875,-0.808222,1.6455201,-0.47116306,2.1213593,1.2270178,2.5270388,0.12377254,-0.102488786,-12.503584,0.038835965,0.87397224,-2.1882753,-1.554301,5.35165,-0.101527974,5.45886,-3.2015102,0.1003141,-0.09890798,-0.13324662,-1.3912494,0.26745954,-0.122664995,0.47311655,3.0447724,-1.477599,-8.526281,-0.7243517,4.847227,-0.9886187,-1.4946802,0.724835,0.29505,2.6160438,3.639609,1.8958799,-0.45611048,-1.552572,-0.5956285,2.9744751,0.7141962,-0.77307063,-1.6471964,0.15871665
TCGA-ZH-A8Y1-01,2.0665302,-0.4957981,-1.6846095,0.22590357,0.5643604,0.56397265,0.50016135,1.0678186,0.16050357,0.58223176,-1.758323,2.1222644,-0.29723755,-1.5394968,3.260171,0.6048978,-0.37465623,-3.2265186,3.5151277,-2.0101361,0.41672263,-1.1257788,-4.3261786,-0.10731326,-0.3273711,3.383409,-0.20899665,0.31363186,0.64642674,0.32212433,-1.6481338,-0.6631357,-1.334929,-0.8798211,3.6996546,-0.62829775,0.95143527,0.46672854,0.35867023,1.7997268,3.1322808,-5.527853,-0.45112753,-3.0102072,-0.04478359,0.42850465,-1.8121765,-0.60323447,2.7411535,1.1363653
TCGA-W5-AA38-01,0.14141342,0.100331254,0.356922,0.9242133,0.66698134,0.47749665,0.16595572,0.36719605,-1.9224632,2.7216222,0.5794794,1.7729888,-1.8630866,0.5954757,3.620007,2.507739,0.18348607,-5.79391,1.847125,-0.78258115,-0.02770795,-2.819633,0.112782724,1.4244069,-0.47243825,-0.7803769,-1.0938348,0.38860953,0.065581545,0.56366986,-1.3624393,2.120256,0.27890113,-0.42921305,-0.92916036,1.721183,-0.3866755,1.067274,0.2879024,2.514213,2.1123776,-5.5716043,-1.4286207,-2.2430944,0.5801513,-0.9102857,0.052582674,-1.4057082,3.9515219,0.049667403
TCGA-WD-A7RX-01,0.42549875,0.4802914,0.17376386,0.8508918,0.705373,0.71396196,-0.053696964,1.0684464,1.3708843,3.922239,-1.567256,2.160448,4.5718822,1.9809985,4.6746063,1.0766114,1.476276,-1.759121,-0.63726115,-1.9698751,0.09535882,-2.5466616,-4.420449,0.013943657,-0.8245333,-2.32805,-1.0276015,0.071214825,0.048430234,0.35522377,-2.5936687,1.3169012,1.4077395,-0.83567625,-0.7172335,-0.681395,-0.98174775,0.55546343,1.2430215,0.7226523,2.530781,-4.5324593,-0.82312053,-3.0366554,-4.5312095,-2.0230467,0.84714955,0.47720096,5.203863,0.80876935
TCGA-W5-AA31-11,-1.1549175,1.9337354,1.2169099,2.9740224,0.06344579,0.40989295,-0.9927895,1.9034669,-1.0658592,1.713077,-1.7414283,-0.60414946,5.86631,-3.2018807,-6.377407,0.7941639,2.1467216,0.62365866,-2.5657964,2.8177133,-0.42624816,1.1384778,-3.2550893,0.31439218,-0.44436574,0.5629394,-1.800397,-0.09482839,-0.91115874,0.53308916,1.8718094,2.8422654,-1.2505404,-0.22753635,0.19389926,4.5085278,-2.201955,1.3329246,0.42899892,2.7589355,2.2567384,2.1173234,-2.4117596,4.3483953,-0.03840697,1.1775056,-2.208393,3.6265597,-0.1670847,0.4782193
TCGA-W5-AA2X-01,1.4416236,1.0004833,-1.4312166,-0.39635983,3.4862928,0.48370984,-1.7614199,0.34601185,-0.030744616,1.2929338,2.399141,0.21124981,0.5721558,2.806977,-9.269356,-3.217359,0.5447026,2.213776,1.453961,0.123589486,-0.52552354,4.2769494,-7.9889493,-0.7711378,-0.4969418,3.2702608,-0.42773297,0.7688249,0.6419754,-0.1367479,1.8936678,-0.73678917,-3.3444643,0.13852656,1.2837492,0.2970795,-1.306751,-2.0561633,-0.7893407,-3.2507145,0.91142136,2.522731,2.00173,2.8997676,-1.3948776,-0.5067765,-2.0374024,-2.624013,-3.2229197,0.4701846
TCGA-W6-AA0S-01,0.44445008,-0.08941877,3.0982025,0.7140651,1.2079506,0.5945827,0.120851,0.3352164,1.8868579,0.990396,1.5557796,1.4637823,0.47057107,-0.6077115,0.5444341,1.5470268,0.21124543,-3.353405,2.376516,2.907514,-0.20501232,0.26465082,3.7993085,-0.40107915,0.4333394,-1.160269,-0.2852221,0.9696242,-0.28275976,0.07036643,-2.0128171,-0.03577866,-2.9187908,-0.47842297,2.7099438,-0.21648158,0.11237686,0.1625577,-0.1241132,0.8791605,-2.4042609,0.2606492,1.3852236,0.4124169,0.9712037,2.138555,1.0741082,0.18292315,2.6543844,0.9794904
TCGA-ZH-A8Y4-01,0.7485705,0.46398792,-1.1663799,0.8642138,-2.0817702,0.34701464,-0.13706678,0.94977087,-3.470806,5.7328115,1.7833139,2.3616588,-1.5697253,1.9450878,-8.2303915,-0.48134828,1.0808994,-3.9227157,-0.35611707,0.57454884,0.039712556,3.578382,-2.4492989,0.17216992,0.13157646,-0.35790676,-0.6743357,0.69049996,-0.4610855,0.037647814,0.94413614,-3.8734114,-4.4158764,-0.892851,3.2396357,-5.187156,-0.6425354,0.25538778,0.2463649,-1.4998741,0.8814632,2.0132053,1.1043941,-3.5858853,-0.42040575,-1.6105877,-0.6427855,-0.65623987,0.055288896,0.40266362
TCGA-W5-AA2R-01,0.83112264,0.5067366,0.9038649,0.76951945,-1.063032,1.1827003,-0.32722062,0.6212655,-0.5104243,6.071329,-2.019255,0.31863496,0.45137975,0.2419877,2.1126192,3.8667433,0.88314474,-5.284839,-0.048427723,0.37691104,0.17104954,1.3777802,-0.41258848,0.12468147,-0.7077299,-1.9565047,-1.1841091,0.6169387,-0.29015255,0.47735733,0.5583127,-2.2367554,-0.23566727,-0.5056363,1.2125603,1.3710551,-1.0119568,0.33201164,0.8073112,1.4878895,-1.1134753,0.69115627,0.5385137,-2.8928082,-0.9942711,2.1012175,-1.4718179,-1.0279025,1.3917266,0.5278656
TCGA-W5-AA34-01,0.87350535,-0.2363297,1.1320131,0.78628963,-0.21771011,-0.1757545,1.3273443,0.8703462,0.15193583,0.5629495,0.559043,2.5894303,-1.9621763,-3.8381076,0.55014104,-0.7992452,-0.45273384,-2.7404325,1.7548808,6.0487757,0.27764472,2.05775,-1.9539354,-0.10206772,0.009464478,1.3376453,0.16485213,0.5108102,0.007810966,0.825334,-0.70906,-0.7966889,-4.9913583,-0.9419524,4.052436,2.051414,0.19002597,0.8173835,0.1515369,3.0838652,0.6990771,0.39882705,-0.17999886,-1.2236178,1.109768,1.9726067,2.3986123,-0.48930073,-1.9340107,0.5530318
TCGA-ZH-A8Y5-01,1.0533628,-0.14835301,-0.78746897,0.14784017,0.6877816,0.56564194,0.977059,0.89876366,0.3075149,-1.4552281,1.6240557,0.8540028,-1.1574688,3.2661982,-10.741772,-1.8340205,0.2413589,-2.3495462,3.730954,0.69595563,-0.035255853,5.766799,-2.7858071,0.0298687,-0.0638686,2.5276933,-0.58922094,1.1957637,-0.62525177,0.35414696,1.848891,-2.8180172,-6.193961,-1.2558959,5.4730763,-1.8854657,-0.45365512,0.12424632,0.71954685,1.8283612,0.7948368,0.08642052,0.021006498,-1.2980855,-0.77861714,1.8887331,0.60169536,-3.0591428,-3.3771718,0.8832412
TCGA-ZU-A8S4-01,0.69117415,0.46588054,-1.3726807,0.8708452,2.9272048,0.43361127,-0.41169477,0.11700116,2.6491444,0.25202653,1.1675661,2.98273,1.2498845,-0.39682347,-9.814865,0.095329136,0.56377935,0.33854404,0.8849523,1.1724958,-0.7826668,5.7443204,0.091170534,-0.45565176,-0.08117214,3.1865275,-0.763928,0.31460115,-0.36252916,0.42868072,2.8840256,-0.30629852,-5.206916,-0.09034904,2.0551445,0.12242966,-1.0777801,-0.08998545,-0.4242771,-0.576344,2.2086294,2.9711666,1.5920517,-2.8103073,-0.24498698,1.1276548,-2.129578,3.4466012,-1.9130718,0.5094311
TCGA-ZH-A8Y2-01,1.1937164,-0.12077914,-1.8614709,-0.08857652,-0.035379443,-0.18251255,-0.105920486,1.0744158,-2.4085,4.424175,0.042432223,0.72974735,-3.3404288,-2.9180787,2.7591846,0.89167756,0.4662722,-5.550104,-0.2497545,2.2303135,0.26213488,-0.8457427,2.1143084,0.7772514,-0.20337717,0.96016276,-0.26613706,0.7009832,-0.2637491,0.18379845,-0.39251977,1.0693486,1.3663368,0.068655714,-0.63009787,-0.40805244,-0.2451048,1.4262455,-0.26129657,-0.47717935,1.4264321,-1.950119,-2.3042178,-5.973383,-0.40720925,0.60308945,1.2295184,1.3118662,-0.63792384,0.23686321
TCGA-W5-AA33-01,0.54424274,1.0205925,0.24926603,1.3629073,0.42426738,0.8462923,-0.2406253,1.0103742,1.5367607,3.4700043,-1.3724505,2.1693928,3.9974086,1.3077954,-4.68473,-0.06921364,1.4795092,-1.7140305,0.1977592,1.0959044,0.30922368,-0.45329216,-2.8831656,-0.117216654,-0.50672925,-0.8953998,-1.4413722,0.24920829,-0.36317304,0.45456165,-0.6484515,0.95055974,-0.6114005,-1.1192708,0.93215036,-0.17972085,-0.68157595,0.3197235,0.6624654,0.6910282,2.144169,-0.29096735,-0.4114674,-2.4000616,-3.9955015,2.0455647,-3.652856,0.67109,0.031054193,0.587516
TCGA-4G-AAZO-01,0.76175,-0.32313275,-0.89502466,0.58839107,1.1993053,0.31067887,0.37136206,0.45289528,-1.3010896,0.45317194,0.36662385,0.38062918,-2.0481286,0.58598715,-1.1018412,0.39315742,0.4557832,-3.1532543,1.3297491,2.2914186,-0.31327826,3.8084652,0.83428013,-0.28743783,0.61058754,-0.03719964,0.2718557,0.76818776,-0.43884814,-0.11050991,-0.72466475,-3.878318,-4.669181,-0.9286061,3.2700093,-1.1600409,-0.16680986,0.39260548,0.37605318,1.0348021,0.29467472,0.41847035,-0.980018,-1.4331723,0.04552345,0.3895989,1.6165756,-2.3051605,-0.43822125,0.72449577
TCGA-3X-AAVE-01,0.8626297,0.5431138,-0.36667964,0.6276917,0.6262875,0.86624706,-0.50211376,0.35728392,-0.26323903,3.8840876,-2.847736,1.9190573,0.7397066,1.7400657,-3.8142152,1.2506586,-0.03500337,-3.5827289,1.0769895,0.029789079,-0.42317706,-2.2088091,-0.76371086,0.06216356,-0.77750546,-0.4672328,-0.6599846,0.22888835,0.0734807,0.21657117,-1.0292573,3.0839007,2.3477905,-0.50643927,-1.1270149,-0.25287223,-0.60552996,-0.06825704,0.24315338,0.77053624,5.3280144,-2.4707258,0.107382655,-3.1563811,-1.3084346,-0.048205584,-4.407604,0.6588066,2.167461,0.22995393
TCGA-W5-AA2W-01,0.7871571,-0.09160119,-0.24670276,0.9373529,-0.93815386,0.5164428,0.52689284,0.630728,-0.70981324,1.859982,-0.038568478,0.97197837,-1.0124208,2.1352596,-1.7835838,1.0506847,0.18194519,-3.8332725,0.7103126,1.3048364,0.31621227,3.7426972,-1.8872851,0.14707914,0.10248452,0.8643932,-0.30385554,0.72637206,-0.20651992,0.17428291,0.09265634,-3.8142056,-5.5315065,-1.285498,3.1855545,-1.964513,0.06331486,0.8525469,0.7506626,1.5940198,-0.863452,0.1571289,0.537274,-2.2737968,0.30660278,0.23013258,2.3778365,-1.5300423,-1.3137872,0.4172594
TCGA-W5-AA2Z-01,1.3462021,0.15549524,0.22030179,0.6363969,0.40061244,0.18073916,0.83440095,0.25807017,0.7915722,1.8874133,-0.3075571,2.1396246,0.3314785,-0.6358239,0.7475301,-0.14685504,-0.20771423,-3.2090328,3.0124817,1.9307226,-0.0013895845,1.0961235,-2.2184505,0.25844523,-0.07877846,1.559594,0.02029416,0.31273657,0.021013647,0.38037732,-0.84593856,-2.058454,-3.2752323,-0.7903228,2.3207433,-0.06999346,0.40631437,0.89464736,0.44855693,1.0525625,-0.20908657,-0.22873822,-0.6307362,-2.5814397,-0.81984526,0.8452763,0.93540496,0.06756149,-0.5361053,0.9466864
TCGA-ZD-A8I3-01,0.2988296,0.47145918,-0.20202783,1.180748,0.87025446,0.43322763,0.002138463,0.64895576,-1.4830931,1.5067621,-0.8190302,1.5050814,-1.0147462,0.6726665,4.1913037,-0.3072538,1.1570941,-3.6496885,1.915269,-1.3383933,-0.103342324,-2.1378322,-1.5463709,0.11839482,0.33885774,0.980577,-0.38334778,0.742408,-0.59873515,0.4081671,-1.4263043,1.0438831,0.008094286,-0.5442172,-0.5858856,-0.24498738,-0.6912291,0.3845127,0.39920315,0.25811404,0.3296218,-3.004761,-1.0435691,-3.2823086,-1.5804323,-0.98228383,0.2017166,-1.0167671,3.4035926,1.1433117
TCGA-3X-AAVC-01,0.5154056,0.834666,-0.1666064,0.6102874,2.9058914,1.1244639,-0.86981165,0.3735848,0.9699869,0.9704541,-0.29244867,0.9711191,2.0480983,-1.1198529,3.0721066,0.02205555,0.99360067,-2.4140942,1.6540271,-0.043910455,0.08532192,-0.65356004,-0.8207955,-0.16663145,-0.95537853,1.003282,-0.87091184,0.6451808,0.4810426,-0.23312692,-1.6745304,0.28497347,-0.6617781,-0.5643481,0.4938763,-0.43656373,-1.1987509,0.39360237,-0.32627496,0.16710372,-0.45585483,-0.23346268,-0.07103929,-0.964291,-1.6972429,0.47884244,-0.06869445,-0.012785548,0.038760103,0.11089567
TCGA-W5-AA31-01,0.58137935,0.5683888,0.2137424,0.72782946,-0.50745875,0.8009867,0.10534536,0.6596515,0.8507172,2.4230354,-2.42984,2.5814884,1.7264689,0.1889291,-3.9294603,-1.2649013,0.8958316,-1.4885162,0.51534307,0.7162729,-0.12733856,-0.94925654,-4.5986037,0.062151924,-0.26658893,-0.11741129,-0.43044686,0.62925124,-0.3166594,0.5067425,-0.5914763,3.8168125,2.5093093,-0.93665075,-0.037575763,2.1888785,-0.7530327,0.12247301,0.6551913,1.4954147,4.615945,-1.2486607,-0.8100298,-3.1672213,-2.6360626,0.8797544,-3.56601,0.2763288,1.0044391,0.70639884
TCGA-W5-AA39-01,0.08894474,0.9887106,-0.9587077,1.1908643,1.0036811,0.83904546,-0.3390542,1.9885845,-0.7083988,0.17123532,-0.1441163,0.1360798,1.9851413,-0.004003411,-5.904022,0.36010596,1.4431024,-1.9925771,-0.6889509,1.3212361,-0.52245903,1.581851,-3.0064085,0.3751431,-0.013336284,0.976736,-1.4340712,0.43582532,-0.109283425,0.20647478,-0.14889376,1.0371544,-2.479632,-0.25645047,0.4606906,0.038268987,-1.5029806,-0.26557928,1.1299963,0.18673022,3.1879518,1.5211325,-2.2819953,0.24484292,0.37757364,1.2448834,-2.9778574,0.2411735,-0.6012955,0.94859135
