,8,29,0,4,5,11,20,0,28,15,17,18,21,22,24,26,27,16,0,1,2,14,8,7,5,6,4,8,3,10,11,13,1,15,3,10,5,9,27,18,3,7,27,25,21,19,7,1,25,14
TCGA-KN-8419-01,0.033724878,-0.042802773,-2.0502021,0.6214867,-3.543089,1.0783241,0.43218377,-0.53572094,1.7005413,-2.5111408,2.0970297,0.50271094,-2.4218435,-2.055227,1.7987679,-0.815627,2.953027,-1.3007121,-0.3848469,0.5363432,0.15320475,-3.629916,-1.8254234,-0.3439676,0.22199117,0.11936411,-2.1279151,0.5216901,-3.3229213,0.09544792,-0.6936349,0.702412,0.13071302,0.9449552,0.70013463,-1.1198922,-3.3448155,-0.2728449,-2.8104472,0.6262006,1.2784923,-0.6009448,0.29563197,-0.40192452,-0.3977957,-0.14142151,1.8853397,3.2150621,0.7862017,0.5398539
TCGA-KL-8346-01,1.4333999,-1.0189974,-0.26681495,-5.466068,1.1621096,2.4972541,-1.64098,1.126875,-2.862195,-1.6682714,-1.6854726,3.5056052,2.7234786,2.7742293,3.091118,3.85808,0.52374816,-0.33590263,-0.52638537,1.22846,0.41583285,2.5620801,-0.67756796,-0.46642742,0.0039069355,-0.17494412,-1.9956524,-0.71790683,-1.7728556,0.6253564,-0.33720362,0.31049004,-0.020867974,0.29401147,0.27819747,-1.5231805,1.0708077,-0.48801103,-1.0661031,-0.4711787,-2.118088,0.14144912,0.44750294,0.46434513,0.2521299,0.9463321,2.983102,2.6179252,-3.519875,0.67960894
TCGA-KN-8422-01,0.85689545,-0.86656797,-0.1237308,4.0714297,0.079362445,3.1966093,-1.4562429,2.4068406,2.4668992,-4.58861,4.3608027,-1.3879976,-5.568377,2.082888,-4.0199018,-2.1566107,-2.2263536,-1.975928,0.026883202,1.56699,0.69650406,-0.5834916,-1.6149011,-2.210367,1.0754057,0.2868629,1.2715305,0.2278802,0.45012745,0.15934715,-0.383567,0.33857718,-0.80818135,0.67939025,-0.13548134,-1.1228842,-1.0782888,3.3701262,2.7408018,0.34393498,-0.3915521,-0.9408213,0.032469533,-0.05236064,0.77604383,0.14711837,-0.33537728,-3.256144,0.83082694,1.5147345
TCGA-KM-8440-01,-4.0798893,-0.6362529,-0.647362,-1.6328111,1.4787542,-0.40796983,-1.471215,-1.1489576,2.1631458,1.4231212,-0.11455278,0.19738005,-0.68367356,3.0464485,1.3002352,-0.35516408,-0.10853659,-0.30339292,-0.8230915,1.0090069,0.023262095,2.3213296,3.1579497,1.2701974,0.09753801,-0.4043496,-3.420949,-0.5029386,4.0772557,0.33997425,-0.056901723,0.33447617,1.7490407,0.030202344,0.104897514,4.296691,3.7045355,3.2425826,3.7470114,-0.21845177,0.10739025,0.4052326,0.47315976,0.9435574,0.088841915,0.58036417,-0.9196343,-1.968687,1.1956472,0.10293664
TCGA-KO-8414-01,-3.3611605,0.03554581,3.4574237,2.7027755,0.016139321,0.37485766,-1.2246603,1.1673303,0.16596055,-2.4842112,1.596102,-3.4352329,-2.5517614,0.5755793,-2.8682973,-0.7213695,-0.74168766,-0.52276236,-0.63673675,1.1273447,-0.030391147,-3.8086784,0.16060969,-1.1023705,0.11648559,-0.11175356,0.44977716,0.44279942,0.029572811,0.10523788,-0.4369586,0.1916836,-1.9064214,0.44898066,0.5905805,1.2433236,0.08276833,2.7837238,0.38079745,-0.49650058,1.0375867,0.6574106,0.6073685,0.85474813,-0.21297204,1.2241158,-0.41457534,-6.503751,0.12900056,0.06214551
TCGA-KL-8323-01,-0.08877247,-0.5265632,5.2040434,3.4669776,0.7252229,1.0292606,0.20981455,-0.7467712,1.8176527,0.25204074,1.91183,0.063412294,-0.15871905,0.30776015,-0.64243275,5.628303,-4.5444584,-0.53677094,-1.4359944,1.3839694,-0.38753954,1.9146813,-2.7144299,-5.6240373,0.18177238,-0.73848325,-0.9031964,-0.79171085,0.15485954,1.036521,0.09462624,0.022157045,-2.0852652,0.07379115,0.34030205,2.9089913,1.2230796,0.52499527,-3.7060256,-0.46570107,-0.573256,-0.8316794,0.83272886,-0.05023276,0.14325574,0.77894217,1.0421062,-1.7745342,0.6066099,0.43183005
TCGA-KM-8639-01,1.1100498,0.040297605,-0.24513368,-1.6916704,1.7571254,-0.26407218,2.5008218,-4.98664,2.2538095,0.41211858,1.7120574,-2.3374777,1.6646793,-2.1917512,-1.5713335,-1.2183237,-0.18611844,-0.6378881,-1.209199,1.4072894,-0.9466456,0.48643452,-0.14862464,5.087853,-0.13664319,1.1265564,3.8907206,-0.3659265,0.7654336,0.4641488,-0.4709219,0.7738161,1.6192242,-0.3761912,0.044335447,-4.316115,0.49881452,-2.3755007,2.9553409,-0.25064287,1.804527,-0.86324555,0.59195423,-1.1519256,-0.5736861,-0.34992543,0.74941784,0.2933983,-0.69544154,1.8870525
TCGA-KN-8423-01,-1.0921545,-0.40442482,1.2441567,-2.2637534,0.42607787,-0.61289257,-0.98578423,0.24090123,-2.235505,-2.3163807,-2.5126982,-0.5915962,-5.603397,-3.220665,0.76654536,3.6686206,-1.0476637,-1.8261985,0.2447294,1.0347449,0.76789093,-2.9862478,-0.8938848,1.4186825,0.7949149,0.5213259,1.6198841,-0.54575574,-5.309556,0.8966657,-1.1224802,0.5468879,-0.9567448,-0.20264553,0.42699617,0.89971465,-4.632297,-2.9985,0.1446215,-0.29564863,-3.1168454,-1.1169286,0.6322425,-0.047546484,0.55309993,0.46766284,0.36366,1.6336344,0.8431138,0.5589239
TCGA-KN-8426-01,-1.2299477,-0.009504289,-1.4618424,-4.3442698,0.7990879,2.2327645,1.9081346,1.0684943,1.135634,-4.1377406,2.7233558,-2.0545263,-4.499072,0.48899668,-2.131347,2.802945,-0.7507255,-1.1933614,-0.83634275,1.1887529,-0.5527148,-3.7840543,-1.4759703,-1.3750579,0.42876834,0.4404984,-0.8956614,-0.5055207,-2.4203446,0.28760347,-0.75498205,0.7277888,0.8248752,-0.11242697,0.29400623,-4.35022,-3.9663086,-0.020959433,0.6299774,-0.640251,0.732133,-1.0099292,0.9725591,0.06718765,-0.12762868,0.057382233,-1.8741364,1.0088385,2.5286126,0.2587429
TCGA-KO-8416-01,-3.6109488,-0.91089606,-1.6503472,-2.323984,-2.7749155,-1.442827,-2.2684839,0.1315487,-1.0723388,0.93049985,-3.705271,-0.6924512,0.56680775,1.2210429,1.7242153,2.1649823,-4.5213375,-0.71834826,-1.2489123,1.5975206,-0.35159734,-2.1462607,0.07253221,1.1246598,0.6295471,-0.64733934,0.98688006,-0.64688045,0.48430878,0.514971,0.12623847,0.008048061,0.7985824,0.12481138,0.49237412,2.0496302,0.7167632,1.8880637,-1.3649246,-0.34945473,-0.08656542,-0.7874905,0.4467149,0.3464165,-0.09053007,0.4878605,-2.0970082,-0.7856598,-1.3941966,0.021790441
TCGA-KM-8476-01,-0.88977176,-0.84196186,3.376347,0.18000591,-3.8368895,0.7428072,5.346713,1.9777246,-2.1765342,-0.31897542,-1.8179349,-2.9287019,1.0462058,2.6280537,-2.2133288,-0.16708373,-0.7750982,-0.906009,-0.7356284,0.87037003,0.43515244,-3.585837,3.180877,0.556332,1.1782104,-0.14730906,-0.29052088,-0.36265117,1.734119,-0.16841966,-0.020593392,0.4112326,1.9268763,0.10358086,0.8131558,-0.9768332,0.6127963,0.5576548,-2.2087188,0.48247677,2.8759031,-1.0200613,0.60206634,0.7449071,-0.013335117,0.51869136,-0.534856,1.0907544,-2.6232593,0.15033281
TCGA-KN-8433-01,2.7424319,-0.6052614,3.4857745,3.2900863,2.4970224,-0.3982501,0.43444404,1.240899,-1.8640281,-4.296208,-1.4215902,2.5353415,-4.4128633,3.1523933,1.4268374,0.8591702,1.1134919,-0.81943697,-1.2246568,0.68889177,-0.6001828,-3.3291743,1.197791,0.3358849,-0.80662036,0.28619665,3.784268,0.4008921,-1.9221438,-0.03499196,0.70110005,1.2117223,-3.8836708,0.26996636,0.0072502703,1.0204562,-3.6539626,-1.9949602,-3.45898,-0.057090715,0.017987363,-0.9748801,0.17651793,0.35700548,-0.44949841,-0.33730167,3.3380463,-0.2535854,-1.1466272,-1.5171481
TCGA-KL-8331-01,3.207868,-1.180068,0.015336831,3.0720382,-1.7241632,-0.91092616,2.020745,1.0774617,-0.086870104,-0.98031235,2.1565886,0.13523935,-0.43133944,0.4025123,-0.8862795,-0.9332957,-2.3598542,-0.7421967,-1.4027011,1.6681656,-0.3320697,1.953822,2.0151927,-1.8086187,0.26610172,-0.15586331,-0.9658245,-0.6667711,1.5516164,0.40714347,0.6758165,0.33454156,-0.68908894,0.4138916,0.114312656,1.032904,1.8326731,3.0407176,-3.5874088,-0.29742837,-3.2089176,-0.09268282,0.35119915,0.5555702,0.2688265,0.01229771,-1.9075376,-3.9734685,-1.6752325,0.01983729
TCGA-KL-8342-01,0.9386173,-0.76658267,3.5011218,1.1696662,-0.15888178,0.53230405,-2.038401,0.7817773,-0.89806324,-3.6490831,-1.5848302,2.4702768,-0.6973093,-0.16928166,2.7387145,0.3081608,-2.4063785,-1.6261247,-0.9172482,0.36960363,0.110735424,-1.4428021,-1.8225592,-3.921542,0.94914526,-0.4656026,-0.14633474,-0.1994405,-0.9830088,1.1818699,0.23948884,0.28518328,-2.5866692,0.14223665,0.57506907,2.5900843,0.4749146,-0.7583828,-3.5835154,-0.2738783,0.24009655,-0.67511,0.3894173,0.25483257,0.31223834,0.31522545,-2.6924121,-2.1239333,0.39854285,-0.31121764
TCGA-KO-8410-01,1.7881876,0.008744127,0.41772413,3.4201546,1.4837674,-0.17274283,-0.2296199,0.9434894,-0.052918434,-0.61424375,0.51599663,-3.4152167,-4.372543,-1.9564976,-3.1723833,2.0356324,-0.8534888,-1.7373351,-0.4673512,1.0591732,-0.37712544,-3.0782545,-0.4835931,-0.83004427,0.92201716,-0.17235775,4.183233,-0.32024282,-5.7445745,0.5971902,-0.5307797,0.29708177,-3.730972,-0.015069934,1.0480115,-1.7337396,-4.2779555,-0.09320932,0.4431818,-0.12446547,-0.7330092,-0.5627517,0.9341223,-0.4925674,-0.13205215,0.49502757,-1.1429907,-0.52192855,-3.1646886,1.4209834
TCGA-KN-8424-01,3.1310558,-1.253447,0.6007238,1.3361747,0.5692435,0.35391307,-1.1117728,-2.0404375,2.8929937,-2.0468163,1.1676458,2.366176,-3.7556493,-3.8563986,0.46214446,3.206658,-3.4873743,-1.4128444,-1.015315,1.5323259,0.0017562318,-0.35089344,-2.5156987,-4.227038,0.6040116,-0.41256753,0.60620826,-0.34092054,-0.0687272,0.913831,0.41115385,0.008987786,-2.0436857,0.45406038,0.38410637,3.058144,-0.938786,0.58313954,0.8401268,-0.40391645,0.1399885,-0.6054945,0.8266311,-0.21986909,0.46775827,0.17881063,-3.0737462,-2.0673194,-1.6404938,0.36628842
TCGA-KN-8425-01,-3.827097,-0.894731,-0.21078818,-0.3411918,-0.29124436,-2.4953058,0.34752133,-2.6369514,1.1398687,-3.641437,-0.8131259,0.24321416,-5.836309,-2.3490398,2.037359,1.3764963,-2.0651083,-1.7507232,-0.9850596,0.6819083,-0.12116152,-2.5385857,-0.68081194,2.1845174,0.20503867,-0.3070291,-1.3081754,0.27823743,-1.6155467,0.22222723,-0.48762167,0.50828546,-2.1925442,0.68562204,0.32923436,4.6972675,-2.143908,0.6939789,0.16276565,-0.3770193,-2.855155,0.115173794,0.082046576,-0.05433224,-0.09933291,0.09814144,0.19094916,0.8082476,0.06985604,-0.06679241
TCGA-KO-8409-01,-3.0867252,-0.7409319,-1.815041,-3.7555614,-1.0765227,2.4533937,-2.1727045,0.7407038,-0.5059037,-0.8500985,-1.1794617,0.7308994,-1.0923673,1.0753142,-0.54404885,2.250454,2.5709624,-0.819414,-0.5011109,0.5503926,0.37538302,-1.4315066,-0.8124987,3.1379912,-0.10699427,-0.07539286,-2.5672054,-0.165009,-0.9664333,0.47030935,-0.5049011,0.61586654,0.57075745,0.07076383,0.45333737,0.4080757,-3.1218805,0.7713267,-0.10717755,-0.83028203,-1.4166715,0.2138034,0.34837982,0.6651609,-0.036644887,0.66165566,1.5086747,0.6234686,-1.5299958,0.2760702
TCGA-KL-8324-01,-0.45809257,-1.0272642,-1.0447309,-0.72490734,-0.17680678,-0.5062386,-1.1448978,-0.39608136,-2.9749627,-1.0702268,-1.7180072,4.2880454,-3.612743,2.789037,-0.6242931,1.4168931,-1.1597676,-1.6164683,0.14632119,1.145735,0.78954583,2.334847,-3.4206603,3.535221,0.82329375,0.54370177,2.4705074,-0.75231785,-0.19266063,0.7095519,-0.5454067,0.6814477,0.32110742,0.048923865,0.27553925,-1.2152627,-2.6067672,1.6747954,1.5473486,0.39451304,-1.2622777,-0.57689345,0.593185,0.16028874,0.08186422,0.5288469,-4.355824,-2.842404,1.7478166,0.34867355
TCGA-KO-8413-01,2.338126,-0.33354655,-0.38263047,-4.1719337,1.346515,-0.09074657,-2.5442789,-0.60565597,-0.68578434,-3.6213093,-0.18047523,1.2208451,-3.4209118,-2.462141,-1.961356,2.93354,-1.4229788,-1.646064,-0.38450783,1.3170328,0.33898756,-3.7291827,-2.6897545,-0.5570891,0.54744744,0.4804679,1.7050277,-0.018697333,-3.0563695,0.9282814,-0.4017796,0.39050916,-1.039049,0.07256406,0.30399376,0.7498153,-6.4106407,-0.6667922,-0.83350587,-0.35359278,3.2394834,-1.2585715,0.42430937,-0.12927765,0.68408924,0.07402398,-2.2417102,0.018689921,0.81510043,-0.22555935
TCGA-KM-8439-01,-0.63630664,-0.77589095,1.3111063,-0.38180834,2.195421,-1.5762771,3.0302978,-6.314073,0.3375247,-2.93681,0.7055956,-4.9835277,2.2551248,-0.055705585,-0.7170218,-1.6449424,3.4379091,0.6589643,-0.74562305,1.052334,-0.6213232,0.8972728,0.5546559,1.8090059,-0.5515726,0.760186,1.6802931,-0.20511061,-1.2757525,0.0690447,-0.76852787,0.93017185,2.1495438,-0.69914484,-0.25242355,-5.1407633,2.8517396,-2.7515783,1.2080591,0.18062778,-0.27196372,-1.448838,0.5103859,-1.0133891,-0.1303686,-0.60641295,-1.1200023,1.7025605,-1.4864134,1.8421147
TCGA-KL-8329-01,4.981053,-1.113861,4.5475564,1.9321971,-0.42427006,-4.8294888,-0.5631938,-3.4323547,2.8429375,-1.6219866,0.6601517,0.32281798,-2.1530027,1.1298702,1.1915507,1.0696405,-3.7822595,-0.99466604,-0.95860523,1.3188037,0.3911442,-0.92575,-0.955235,-2.3591418,0.30007282,-0.72620296,1.5401075,-0.34397173,1.4940387,0.45317742,0.10439846,-0.17157462,-3.1574955,0.08275835,0.16387498,4.020019,1.6426268,1.290132,2.278265,-0.24497876,-1.7051084,-0.72807515,0.43187845,0.22723895,0.34932736,0.7069965,-2.1687353,-3.8658407,0.7256024,0.15220523
TCGA-KL-8334-01,3.123055,-0.7185784,2.1329288,1.8448446,0.22917989,-0.9906525,0.18660428,1.8165175,1.9247179,-3.1223376,2.3174124,0.07927668,-3.6888795,-2.086301,-0.5707659,3.31518,-5.167125,-0.96748304,-1.0192517,1.5318543,0.104231775,-1.9519535,0.53413945,-4.106844,0.5778628,-0.3836631,2.5067976,-0.28377607,0.69177186,0.7765662,0.29542488,0.20762123,-3.5324845,0.24280757,0.60104764,4.919012,-1.1703314,2.072319,-1.7099568,-0.82986265,2.2130282,-0.73453605,0.8883287,0.15165891,0.109066896,0.50704527,0.69120574,-4.8095527,-0.9974168,0.15808024
TCGA-KN-8429-01,-1.0809444,-1.1700956,4.374275,1.9591298,1.0015637,-0.5326776,-1.4564791,-0.6053162,1.836342,-0.58409315,0.32936195,1.5079492,-4.9576135,-0.40916684,1.7026896,0.7165732,-4.448253,-1.0849328,-0.88709617,1.1872225,0.7258029,-0.7534973,-0.52824736,-1.0374959,0.33811945,-0.7469126,-1.1776028,0.109672286,2.557216,0.5658438,0.33295166,0.42060763,0.3406335,0.31892145,0.44509175,2.3308518,0.41439483,-0.60585916,0.082292385,-0.63684213,-0.8004498,0.088298306,0.053949296,0.27662888,0.4642752,0.5771742,0.015311376,0.3321876,0.6630011,-0.34191278
TCGA-KM-8477-01,-3.1190927,-0.36132532,-2.6100838,-0.71443534,-0.6604969,1.452042,2.0673623,-0.47504982,0.8839252,0.57081985,0.51335645,3.4292364,1.3507559,-2.7556252,1.6465583,-2.0810997,1.5461937,-0.074518986,-0.40305248,0.44710675,0.38942257,0.5757064,-2.9126687,-0.22714294,1.0808142,-0.5720764,-1.5183187,0.35456127,-3.8806229,-0.1944411,-0.2859514,0.4366204,-1.7256119,0.25933602,1.137833,-2.14961,0.36992744,-2.4019113,1.3570225,0.8501101,0.41853154,-0.13392733,0.06290043,0.6204779,-0.5981619,0.44964623,-1.6069651,3.6818357,-2.1429243,0.04541584
TCGA-KL-8343-01,-0.9781589,0.60928464,-0.16653907,-1.1328151,-1.3344152,-1.4625483,-0.9807281,-3.0873892,0.12004392,2.6173692,-1.4156133,1.1684893,0.32807183,-1.6518513,3.3382452,0.9141704,2.902457,0.031590432,-1.3924713,0.18638374,-0.98040193,1.0168164,2.0784173,3.4458,-0.54496,0.9564588,0.2943749,-0.37669155,-3.9857903,-0.38848627,-0.1404873,1.221576,-1.0680403,0.05643332,0.392295,-0.0047141807,-1.5963664,-0.7818594,-1.0959462,0.18195955,0.80686456,-1.2016363,0.24503809,0.37664136,-0.90386623,-0.40360165,2.9878259,2.074475,-2.1408663,0.020249184
TCGA-KL-8341-01,-6.538523,-0.73819375,-1.290075,-1.9195567,1.4176338,0.70347726,-0.026221024,2.7287898,-3.3137143,-0.92449504,-0.42667776,1.170732,-1.6224846,2.42546,-0.14564386,3.3394678,-3.538508,-1.3544358,-0.2459643,0.82733834,0.16806848,3.2937446,0.39979652,-2.8720653,0.9819488,0.38963407,-2.9950457,-1.3173741,2.1082754,0.9648513,-0.2126829,0.098951876,0.37663135,0.00827901,-0.28467277,-1.9464731,-0.18801665,-0.58734065,-0.0869074,-0.19300477,-1.6238725,-0.9107602,1.0707532,0.030604145,0.6277256,0.13758281,3.2974696,2.3659554,-1.6878325,0.35021126
TCGA-KO-8407-01,-0.4311269,-0.56148213,1.5750002,-2.7538292,1.4151871,1.2516493,-0.18324047,0.7411054,0.047661856,-2.3609142,-0.52801245,1.4088917,-1.5047241,-0.90504146,-0.49789843,1.9682617,-3.1664433,-1.116712,-1.0256077,1.6316527,0.30247,-1.1390668,-0.15915345,-1.0245447,0.7029722,-0.23397487,0.9980092,-0.517787,2.2739596,0.6264745,0.2448066,0.18269421,-1.0329373,0.19902962,0.668533,3.0758688,-2.6398618,1.5817595,2.2659407,-0.4868701,2.172881,-0.92092025,0.34882087,0.22391225,0.39780566,0.3622609,-2.9075816,-0.2949679,-0.33361042,0.3056418
TCGA-KM-8441-01,1.1442193,-0.24916534,1.7506557,3.0598032,1.1998576,-1.8967594,0.46791586,-4.7614236,2.2526848,-1.7081909,-0.20003253,-4.318332,-0.26882246,-0.45918342,-0.14239144,-1.5467494,2.5545702,0.23727313,-1.3261455,0.5136355,-0.93904334,1.0733423,-1.141987,1.0638487,-1.6498779,1.267081,2.8407233,-0.2567167,-0.98560774,-0.15922335,-0.39511037,1.1842053,0.15908068,-0.7577371,0.20218258,-2.482874,0.038375296,-1.7401123,0.28746462,0.70798284,-0.96094817,-1.9905996,0.09029774,-0.54861367,0.13810734,-0.54903305,-0.31804064,-0.026879612,0.32349464,1.0580529
TCGA-KO-8415-01,0.9402707,-0.869906,0.35396448,1.2519908,0.97707,-3.6959908,-0.31183118,0.4143373,1.0384873,-5.798143,0.08777397,0.39683336,-4.139073,0.7324104,2.1426587,1.7405634,-1.7211126,-1.2580609,-0.8089319,1.3881325,-0.49202022,-3.2090394,-0.2505752,-4.4336205,0.23182696,-0.5898473,-1.7127873,-0.66071945,-1.7746203,1.0786245,0.07211314,0.038624816,-2.4450786,0.20034897,0.3568091,-0.7190445,-1.6599069,1.7603358,-4.2415104,-0.3233993,0.97817475,-0.5604921,1.1214957,-0.2100933,-0.18738502,0.5699052,1.7873727,-1.2688698,-0.8212265,0.36125192
TCGA-KN-8434-01,2.5181744,-1.5969349,4.980533,3.3827486,-2.1255202,-1.7233472,-1.429113,0.87867683,1.367789,-3.19285,-0.29741147,2.1536393,-4.1663523,-1.5523244,-0.73586243,2.5294857,-5.5915475,-1.1388781,-1.2493677,1.7426649,0.11002535,-1.4783449,-1.252184,-3.0055792,0.6184361,-0.3062976,2.3091238,-0.34477973,1.8734303,0.50748235,0.36659473,-0.07319066,-2.3270898,0.43370906,-0.15868416,1.9074353,-2.9045453,0.82905006,-1.8299111,0.027063318,-2.5233037,-0.19252914,0.2565108,-0.01758591,0.42808348,0.17204455,2.005537,-0.4259785,2.589369,-0.1904121
TCGA-KL-8339-01,-2.9065728,0.0457782,-0.704169,-4.139548,2.6421309,-0.9996947,-2.041678,-0.7210267,-1.6148024,-1.7508435,-0.95763946,1.0499502,-1.6926479,-1.3705411,-2.7229707,-1.1818466,-2.094208,-0.97166073,-1.2746575,1.121587,0.030215565,-1.4572408,-0.91012836,-2.5864768,-0.45875975,-0.3844139,-2.3631957,-0.46350923,0.4108941,-0.21607217,-0.18811536,0.06567411,2.3201742,0.044647343,0.68072706,-1.7569356,1.659459,0.5112508,6.554548,-0.10435014,-1.9434617,-0.5705309,0.7221396,0.69603354,-0.47607636,-0.19132322,-2.2096565,-3.737382,0.14738053,-0.047621466
TCGA-KN-8418-01,1.5193561,-0.52572507,-0.8468526,3.9080172,-1.6084036,-1.8679883,-2.4120934,-0.843965,2.8555493,0.77683264,0.7595286,-0.08854968,-1.9680014,3.3603046,-1.5981632,-1.8055369,-0.23778659,-0.6274521,-0.35804465,1.1506535,0.37197244,0.001530474,1.5143964,-0.7392451,0.18072927,-0.0028281193,-2.1976976,-0.10487644,2.8333843,-0.107450105,-0.44787267,0.52056766,0.86577064,0.5060292,0.61372095,0.19994392,4.4517207,2.02791,-0.83181053,-0.19166224,-4.6136513,0.40864393,0.13179368,0.8704582,-0.10881508,0.8294169,-3.8185315,-0.7063247,0.9550126,-0.06997247
TCGA-KN-8435-01,-2.1077807,-0.9962116,1.2288554,-4.9871798,2.166555,0.19082528,5.470734,0.34380987,-0.35289663,2.0422761,0.34285432,1.8194835,1.1601969,3.2135696,-0.43076706,1.4027383,-2.2897851,-0.7455015,-1.1947852,0.86243254,-0.32584113,2.980176,1.0113417,-2.715479,0.14813946,-0.3407598,-1.9689463,-1.0157155,1.8372324,0.3467859,0.43866885,0.51623774,-1.4020382,0.13929678,-0.07988555,-0.19932155,0.7697409,1.18216,0.56122226,-0.42847523,-1.2332292,-0.26062608,0.54159087,0.63267034,-0.20580725,0.49986443,2.6408582,0.6416148,3.9456394,0.5042109
TCGA-KN-8427-01,0.8443809,-0.0065134848,1.9781182,-3.0780656,4.8363023,-1.7996248,2.4286115,-0.43731824,3.9839246,-0.2086658,-0.4230228,0.9633018,-0.0064559206,0.23376168,0.1903663,-0.28726274,0.91085535,-0.32377946,-1.4271427,0.16858652,-0.32683077,3.3201478,-1.2911869,-0.9674498,-0.3484964,1.4743757,6.754721,-0.6579176,-1.3216463,0.52768326,0.0031011808,0.29075685,0.65983325,-0.38028204,0.9590955,-3.3106415,1.9047413,-4.6432343,2.1683366,0.13816585,4.2254515,-2.5688105,-0.5455587,0.76775146,0.5636419,0.00784328,2.681054,1.397403,2.2314389,-0.07724372
TCGA-KO-8403-01,0.5276617,-0.91041034,1.3764485,3.3977702,-0.69105273,3.3843217,0.48508075,-0.7010862,0.3114672,-2.3726444,-0.8774238,1.1163992,-2.289792,-1.777515,-0.8751292,1.6044116,-5.055332,-1.2768725,-1.4298476,0.9155868,-0.12716651,-3.1216607,0.22435658,-3.5494397,0.6260666,-0.7688084,1.633337,-0.1906738,0.28714427,0.7556483,0.25144118,0.10554081,-0.7619132,-0.110857904,-0.0051733865,3.8901935,-1.6332202,-0.010436191,-2.6209831,0.10005652,-1.6971893,-0.3876284,0.4992587,0.23215862,0.49224535,0.48941544,-4.3241315,0.55259097,-1.225889,0.15636006
TCGA-KN-8432-01,2.2532158,-0.22840773,2.6651316,4.9781165,-2.533536,-2.449823,0.85781926,0.8387701,2.5548851,1.7331293,-0.549637,-2.486205,-4.7752595,-1.6034398,-1.2272087,-1.2204485,2.1711628,-1.2975901,-0.6194899,0.6905145,0.12614675,-1.2882607,-0.7185341,0.7942764,1.178544,0.51671755,0.9385289,0.3509571,2.768855,-0.18642072,-0.40161297,0.4687675,-2.0419853,0.453695,0.1745678,1.9845004,-0.44714946,0.83614516,-1.2971878,-0.7639227,-0.2666357,-1.430387,0.7658793,0.04974495,0.020318773,-0.14533053,-0.7200085,-4.5158253,-0.461693,0.61867064
TCGA-KL-8335-01,-0.02626976,-0.7955546,-1.694391,-1.3793519,2.5219657,0.5905396,2.5477865,-1.3793452,0.54814607,-0.016561717,0.7863337,1.5981474,-2.1200645,3.9845078,0.86634797,2.5505264,-1.3473085,-1.0701712,-0.9494297,1.8223319,-0.05543288,3.053785,0.9461402,0.1498985,0.027651262,-0.19052806,1.2710027,0.17090948,1.751254,0.4462759,-0.09735552,0.41673517,0.15268095,0.7876725,0.9923847,-0.2727673,2.2048182,1.4615166,4.8204856,-0.02351193,-1.8389034,-0.34499264,0.27187777,0.24151844,-0.03722944,0.2660072,-2.872247,-0.08912261,0.82690567,-0.24595635
TCGA-KL-8326-01,-1.2580472,0.06773984,3.7392333,-2.17727,3.0923643,0.08745159,0.8722095,1.4059491,-1.1171927,1.2615745,-2.373431,0.9852595,3.6635103,-0.53058016,0.27271843,-1.5964757,3.3866482,0.46750945,-0.31139866,0.18812796,-0.23710422,1.2126664,2.5411053,2.9291596,0.28094807,-0.31612068,1.524094,-0.22893317,-1.3535908,-0.6181024,-0.08790596,0.24636629,-1.5242076,0.32602632,0.73628604,-2.6807425,2.300705,1.771078,-0.13733245,0.2552621,0.24956307,0.4549092,0.4918581,1.4008366,-0.6597316,0.3566311,-1.3419943,4.696736,-3.294513,-0.011993962
TCGA-KN-8437-01,2.9493525,-0.5652132,1.371175,3.4280937,1.0611755,-1.4970086,-0.35341722,-7.069678,1.9291389,-1.2878281,0.8244942,-2.5440462,-1.1634912,-0.37735423,-0.6935908,-0.15971443,0.9190613,0.4375736,-1.1516149,0.9739872,-0.76753193,3.998507,1.5938594,2.0925708,-0.55169576,1.0888208,2.783293,-0.26044622,-1.0870959,-0.0057585128,-0.42026535,1.0319552,1.3461586,-0.6474356,-0.20635915,-4.055608,0.069807336,-3.1736462,-1.6890488,0.17996724,-2.1419704,-1.1513172,0.1651732,-1.0124274,-0.34211203,-0.7003486,-0.8000661,-1.2553601,-0.7165712,1.9100672
TCGA-KN-8431-01,2.8133729,0.12075217,-0.61338806,1.0592767,-1.8194203,-1.0184027,-3.0475073,0.9110404,-1.0952016,-2.4510708,-0.36015946,2.9918106,-3.9633474,2.2392733,2.6069496,-0.71269,2.7014215,-0.37727895,-0.42348063,0.45271397,-0.46293065,-3.4440475,0.6601846,1.4008653,-0.714127,0.04921262,-0.9935772,0.33747777,2.4801881,-0.8639795,-0.26648325,1.2735038,-0.2575899,0.0073229177,1.0104222,0.6833112,0.07893946,-0.64723575,0.5139325,-0.13406439,-5.1396046,-0.5519521,0.30393276,1.0066066,-0.3597238,-0.087575234,-1.2316207,0.88206095,-0.85288835,-0.6709935
TCGA-KL-8332-01,-1.7115223,-1.205357,-0.84905237,-6.408034,-0.2149199,0.10207092,0.53687084,1.3809607,-0.28812924,1.1558217,-1.0949063,0.88258666,-0.44368985,-5.41369,-0.9475355,0.36330232,-3.4231553,-1.0465052,-0.48298523,1.9074326,0.9183752,-3.6863122,-1.4683483,-1.8127865,0.49660188,-0.77099377,2.2690947,0.05162197,-0.65486366,0.5895562,0.42958096,-0.08948703,-1.0497427,-0.12572528,0.52912056,2.7295358,-4.1251993,-1.292846,3.7738855,-0.33592123,0.7121531,-0.2626864,-0.118700355,-0.030054385,0.6334175,1.2579863,3.6048193,1.97409,-1.4019454,-0.62116927
TCGA-KL-8338-01,-1.0451552,-0.93766594,2.7978985,-3.9734006,0.70702636,-3.4378147,1.3755836,-0.72606975,-0.3697751,-1.7581602,0.29814067,1.6948406,2.3206036,0.18457581,-0.92906547,5.1832156,-3.0926335,-0.24812481,-1.7524332,1.7024814,-0.6275095,-1.5974914,1.2260382,-2.2112277,-0.9321945,0.6215809,2.9744165,-0.09608959,-2.3286862,0.2369495,0.6355949,0.90925306,-1.1966677,0.6034076,0.19283882,1.404001,-2.3565526,2.587161,0.48738262,-0.08610159,-2.36563,-0.669234,-0.019656256,0.9549201,-0.08871252,0.111664884,0.89634407,-1.641331,-1.5764642,-0.40882775
TCGA-KL-8344-01,-3.228851,0.5994195,1.1374215,-2.9934342,0.021349952,-1.0721909,1.4751557,-4.098959,1.7306293,2.2508287,-1.6248876,1.38056,2.5537384,-2.1000853,-0.5848831,0.8879172,-2.197971,0.08890274,-0.8427177,-0.11843385,-0.3182893,2.9447803,-3.757911,0.38114718,-0.4382599,0.007654839,3.8722174,-0.5721331,-2.3932405,-0.77680653,-0.24894018,0.26512578,-3.402828,-0.55302584,0.47310382,-0.802481,-1.4357064,-2.1211498,-0.25075564,0.42484638,0.5238021,-1.4970715,0.6588389,1.4151869,-0.7901364,-0.36350542,0.036832787,1.5226692,-1.5664773,-0.42472932
TCGA-KL-8333-01,-0.47569007,-0.093103714,0.29385296,-2.7761478,0.94257885,-1.224037,-0.17239238,-2.1448467,0.45643327,0.950778,-1.6329445,0.02451644,-3.2099628,-4.0842643,-0.44446844,3.4499376,-2.2814288,-0.9468964,-1.1973877,0.9837356,0.25489983,-3.2609868,-2.0260584,-3.1943784,0.9694692,-0.9006726,5.602749,0.40192562,-4.9572678,-0.050712995,-0.010048609,-0.21063486,-5.4464216,0.69739026,0.40881678,-0.27592584,-0.16936982,-2.3810275,2.8132684,0.26935926,1.9162356,-0.5396675,-0.37109604,0.148846,-0.590928,0.32905814,1.4121575,0.55311245,0.6027665,-0.4039367
TCGA-KL-8328-01,-0.12542683,-0.70326954,2.359777,2.0888243,0.65307504,-0.4716849,-0.56818795,2.3856764,0.42018658,-0.6823344,2.5943823,1.8663428,0.07906765,4.4041176,-1.0389744,2.3056293,1.3722045,-1.2219341,-0.26871842,1.5449716,0.24502634,2.4901917,3.7253926,-1.1991179,1.5128399,0.6841959,-2.0266285,0.17276818,4.185103,0.15213902,0.3478987,-0.067408696,1.8380693,0.52650183,0.3982844,-2.086227,0.41721746,2.896554,3.1624498,0.2566151,-0.6840266,-1.9332249,0.3428604,-0.06336004,1.0701865,-0.26759443,-0.08651187,-1.1140976,-3.6389048,0.6201012
TCGA-KL-8325-01,-1.4913417,-0.5977637,-0.44170743,-0.31356442,-1.372581,0.6822806,-0.62129897,-0.4840952,-1.556088,1.2124218,-1.4485661,1.6667627,-0.8470994,-4.6403112,3.0360026,2.3456292,-1.7494128,-0.7783586,0.25705984,1.1289488,0.894568,1.0938181,-1.0130867,2.5227115,0.037589684,-0.08130528,-4.590397,-0.42948115,-0.17090099,0.52685237,-0.7260381,0.39537832,1.9100056,-0.3052561,0.52183324,4.7698097,-1.5208981,-0.5504081,-6.028239,-0.11360493,-1.5111945,0.19862184,0.41386572,1.0950847,0.007933332,0.9793063,1.2834817,2.9519236,1.8481202,-0.15851156
TCGA-KO-8411-01,0.82183355,-0.26189423,-0.3751411,-2.5446315,-1.3806986,0.37745214,0.43827492,1.316908,-4.0841994,1.2040428,-3.3150785,-0.62848157,1.044867,0.38378587,-0.62377924,0.33768603,-0.727357,-0.895556,-1.4219713,0.9688592,0.14946195,-1.7747031,3.4146206,0.4490752,1.4306955,-0.043230005,-1.6292089,-0.31209478,0.849568,0.07597892,-0.16886422,0.43343484,3.1962736,0.09151669,0.95485014,1.9338706,-0.12131364,1.711309,-3.0990548,-0.25654352,-0.9034096,-0.841905,0.5341296,0.5653255,0.09814768,0.507041,-0.19271736,3.2812855,-0.6586252,0.3987055
TCGA-KN-8428-01,0.46960545,-0.13480993,-1.4056141,-0.7798536,0.40027925,-1.6886193,0.7022986,-1.6539291,0.029244624,-1.0613041,0.95084584,2.573111,-2.7312512,2.1254382,0.5516784,4.0019345,-1.0659045,-0.58363557,-1.798036,1.8758788,-0.43248743,0.584693,1.7217611,-6.0741963,0.29804006,-0.37826467,4.600812,-0.4968064,0.5592765,0.824103,0.055978306,-0.2785625,-3.7478154,0.43594292,0.70059514,-2.1879783,2.2670467,0.81138617,1.645292,-0.52065367,0.01351294,-0.7014853,0.64102805,0.08961177,0.5521416,-0.41891786,1.5009768,0.8269645,4.126198,-0.3577356
TCGA-KN-8436-01,0.93569624,-1.2997742,-3.9147172,-4.0739965,-1.4380859,-2.9205701,2.9807405,2.3535507,-3.1415534,0.41719177,-0.27260783,-1.9561045,0.6890891,-0.76001424,-2.7337253,1.0435513,2.7818022,-0.23890486,-0.5576826,0.5374276,-0.107759394,2.0590532,2.487663,-1.9870927,-0.5377423,-0.5022978,1.5555531,-1.3778645,0.9799568,-0.39553455,0.856703,0.5588626,0.98455334,-0.17077541,0.25370076,1.6332889,-2.4281652,1.7894472,-1.7409258,0.036094334,-2.1356764,-0.9275634,1.0965629,1.2336496,0.51480764,0.095387906,-2.968972,1.2924511,-0.65689224,0.51797533
TCGA-KL-8337-01,-2.0108051,-0.8224412,5.6251273,1.005907,-1.3257495,-2.341754,0.42158607,-0.5001206,-0.3737031,3.4227865,-1.334025,-1.1726185,2.6991742,3.7411437,0.103277415,-0.23534383,3.1728992,-0.41151163,-0.31591287,1.0668118,0.37971342,2.869955,2.0811386,-1.0948875,0.04027623,-0.68162626,-2.7202747,0.10358933,3.21994,-0.23895513,-0.25559574,-0.07980653,2.3093433,0.48007464,0.09893032,0.2105018,3.106623,0.4658104,2.1099758,-0.5558119,-1.1551589,0.39126956,0.03092815,0.72974443,0.21165761,1.2240803,3.3529289,-0.6423003,-1.683528,0.33616376
TCGA-KL-8330-01,-2.9665241,0.019051341,1.7730949,-0.781812,1.0033274,-0.088927746,-0.1285752,3.08602,0.02260004,1.1749223,-0.68133956,2.3547263,-0.44129464,4.065426,0.6447871,2.6080692,-0.13287193,-0.178143,0.1458465,0.77975184,0.44026008,1.3231313,-0.9006837,1.25216,0.24913517,-0.35946077,-3.2737086,-0.5612183,2.8967633,0.32454774,-0.5858096,0.87107426,3.0583744,0.03174466,0.66288304,0.9726108,1.5561477,-0.30571735,0.00013729034,-0.027063416,-2.8504174,0.6379764,0.27684182,0.81512004,-0.17924474,0.929178,0.010643349,-1.5852628,-2.2588372,0.39383712
TCGA-KO-8405-01,-1.2449707,-0.6357348,0.53766966,-1.6648871,0.42370072,-0.78512996,-0.29207164,-2.137373,0.7848672,-3.6451428,-0.712716,2.833235,-2.8988168,-0.890769,0.9215677,3.18482,-2.2079866,-1.602274,-1.0150282,1.2415804,0.15955037,-2.8138468,-2.4902978,-1.9812081,0.33781236,-0.13407582,2.081745,0.459865,-3.0729148,0.79161876,0.2911561,0.42095795,-3.8197598,0.5065281,0.47430083,2.061577,-2.6832914,-1.3576114,1.7755264,-0.16202573,0.35363707,-1.4758993,0.107282095,-0.012641682,0.4198141,0.006991424,-0.38519087,-0.21281338,0.12947598,-0.36341152
TCGA-KO-8404-01,-0.5232825,-0.23643784,0.07814672,-0.9732761,1.6416026,-1.6285203,0.90056884,-0.79864633,1.2158834,-2.3807716,-1.9756407,1.4188894,-1.4561177,0.77626264,-0.15291055,2.1096163,-1.693866,0.77064955,-1.4218667,0.52069926,-0.04075552,0.37848037,-1.5454495,-3.871022,-1.2605237,1.6452343,5.603851,-0.1723511,-2.2509859,0.3642464,-0.024090473,0.20569198,-2.0581949,-0.73538244,1.2713002,-1.7269889,1.1650034,-3.454665,1.6761721,0.2948446,1.834371,-2.9763563,-0.6683292,0.87472373,0.9659803,-0.3380707,1.9238772,1.4668726,1.3802468,-0.61802846
TCGA-KL-8336-01,2.5026274,-0.5866446,1.4669641,1.7755636,-0.25417364,-0.8796589,-0.5024567,-1.8278785,2.4597917,-1.8459734,2.078581,0.2917152,-3.635371,-0.26919022,-0.3289056,2.5158443,-2.5348363,-0.9503453,-0.7797962,1.1810298,0.23793192,-0.28947586,-0.8441885,-3.154189,0.37111244,-0.02866875,0.6286141,0.057443332,-0.20985344,0.44162446,0.07990667,0.11716865,-1.9915465,0.27974507,0.049070243,1.0159893,0.09491642,1.2899088,1.4270247,-0.22055495,-1.2411563,-0.17228796,1.0155914,-0.20614003,0.0042194035,0.2741483,-0.18072441,-1.7725081,0.0946103,0.60041195
TCGA-KL-8345-01,-2.170685,-0.24914087,-0.015603834,-0.073563516,-1.7854033,2.1026366,1.1493858,0.7440553,-0.97394156,0.08510847,-1.0805595,0.5906892,0.42557433,0.03456891,-0.51048315,2.1463969,-1.4962219,-0.8809031,-1.0965868,0.8197563,-0.40627128,0.6519412,0.3233924,-1.208453,1.0493577,0.06308561,-0.9018809,-0.8413863,-0.26322195,0.25583634,-0.40591374,0.44460925,0.36761472,-0.07003294,0.65514284,1.7927676,-0.44313717,1.1167622,-1.331705,-0.34699264,0.8169677,-0.36256674,1.0666964,0.1868719,0.049112696,0.43694073,-2.0352418,0.76279455,-1.448986,0.6406261
TCGA-KN-8421-01,1.5008521,-1.082508,1.6926509,3.4675667,-0.2630209,-0.84118676,-0.59676635,1.4750947,0.12390832,0.036329776,1.5859479,-2.480447,1.8180891,2.396774,-3.2912464,0.6841051,2.0921495,-0.40049013,-0.058788527,0.7615401,-0.13876241,2.208636,3.130953,-2.250341,-0.6216148,0.29143125,2.3752708,-0.59906507,-0.6411747,-0.635022,0.4202256,0.34415147,-0.075528435,0.07602599,-0.08058195,-0.8785383,1.5342085,1.8712454,1.6356672,-0.13510421,-1.1720012,-1.2292013,0.6185554,0.8292846,0.45514828,0.060717374,-0.6144568,-1.8526857,-0.4123686,0.9130452
TCGA-KO-8417-01,0.13865516,0.013754181,1.9724009,2.3212273,0.58168256,0.27045387,-0.0018085521,0.5991038,0.17784418,1.4951093,-1.0960906,-0.32155633,0.8267146,1.583208,-0.29429436,0.24268253,-1.1587532,-0.46800417,-0.9225577,0.95669764,0.06360143,1.1138871,0.8726829,0.06842551,0.68038124,-0.50303566,-2.1037445,-0.41997772,1.7263173,-0.21826848,-0.24317874,0.2998615,0.9961381,0.22296973,0.81212586,2.5790915,2.5286644,1.3460996,-1.5827163,0.23173258,0.024004921,-0.42987168,0.54922634,1.2471776,-0.39808914,0.3021811,0.44705507,-1.1963543,-0.69710106,0.13622878
TCGA-KM-8438-01,0.6708042,-0.33365446,-0.07546619,1.5876983,0.26249588,-0.4728212,-0.9569156,0.99233174,-0.53409576,-2.5670931,-0.1899847,1.9674543,-2.281179,2.2025506,1.0070716,0.21261114,1.3200306,-1.2412748,-1.0274192,1.1063826,0.046200078,-1.2976528,-0.06129454,0.30001855,0.28266108,0.046229184,0.13781533,-0.14644901,-0.044365603,-0.03926707,-0.25644496,0.9080587,-0.8277022,0.40003166,0.64414436,0.51136917,-1.1097414,-0.37008888,1.8475647,-0.5677667,-1.2159637,-0.5258803,0.18316022,0.78629106,0.0302862,0.48666546,-0.7389705,-1.4887196,0.7934171,0.14072013
TCGA-KL-8340-01,-0.79327166,-0.9661527,-0.015547718,-1.409559,-0.43358523,-1.0063361,1.165453,0.09754864,0.906196,-0.9603212,0.6494228,0.78748864,-1.6112089,-0.1448041,-0.19395515,1.4932762,-2.2739809,-0.8134912,-0.8372811,1.5400283,0.49686828,0.08262565,0.4137557,-1.0684166,0.22526883,-0.46775183,-0.18342157,-0.1507122,0.8618518,0.29793826,0.07217179,-0.0966373,-0.4928379,0.28836793,0.20412925,2.4836216,-0.79123163,1.5645301,2.1067634,-0.26121455,-0.9600408,0.2923712,0.02011561,0.2329709,0.46085677,0.4216007,-0.92395645,-0.21430153,-0.7700719,-0.2991653
TCGA-KO-8406-01,0.87118065,-0.7385831,2.3809865,2.8368104,-0.8269877,0.59655744,0.79076827,0.5246571,-1.1371737,0.116182774,-1.1309465,-0.20073056,0.01725472,-0.29177722,-1.1084379,1.8856786,-2.2512035,-0.8585163,-0.986007,0.9924683,0.25037724,-0.4399775,0.66490114,-1.1230972,0.8924219,-0.34071267,-0.8187673,-0.5011762,-0.092411384,0.059582915,-0.18297242,0.22021891,0.774245,0.07192069,0.4200184,2.5440037,0.09393818,1.1618009,-3.5566876,0.08302434,0.039129492,-0.37582198,0.5649045,0.48018032,0.0087936,0.4473152,-2.1232462,-0.2781174,-0.22289775,0.47236505
TCGA-KO-8408-01,-0.7946851,-0.56014943,0.96057856,-1.0781832,1.008209,-0.5247754,0.42963126,-0.7291676,-0.17375892,-1.8384786,0.18121505,1.6428478,-1.4974117,2.6804748,-0.16642825,3.4947438,-0.49860814,-0.3349507,-1.241491,1.1661087,-0.32366225,0.35963383,1.2905254,-1.7519239,-0.30393082,-0.14852451,2.5422313,-0.37399998,-0.53627574,-0.1566416,0.4099833,0.88799715,-1.5109732,0.2154042,0.5220247,-0.50982416,-1.3134044,1.6293527,2.5819066,-0.21495086,-0.44830674,-0.13999194,0.30708805,0.95047116,-0.5513967,-0.17228757,-0.77278554,-0.34106475,0.08060008,-0.86377275
TCGA-KM-8443-01,-1.5188656,-0.73611754,1.608075,-0.8911134,-0.41155148,-0.52843773,1.3987632,1.5480471,-0.3705546,0.9080972,0.7543821,0.47239044,1.9201148,2.556753,-0.4180444,1.6418415,-0.37638205,-0.27773345,-0.8526795,0.8496051,-0.31064123,2.18213,1.9729856,-0.38498503,-0.3719987,0.13572448,-2.5657334,-0.5676309,1.820772,-0.25352868,0.23122147,0.8367071,0.90268534,-0.15495628,0.20481507,1.6690205,1.8461131,1.9097141,-0.063948564,-0.04183437,0.4916887,-0.2866178,0.5674423,1.1372012,-0.2957893,0.2985225,1.3073789,-0.33368832,-0.4143235,-0.016428899
TCGA-KM-8442-01,-2.6006365,-0.9456214,0.5442458,-1.2920637,-0.6340419,-0.93420064,-0.014667859,0.15397471,0.12413688,-1.7090288,-0.20681822,2.4121528,-1.0151421,-0.06747063,0.8626915,3.6629555,-1.3397549,-0.99134874,-0.6485639,0.8911175,0.1719415,-0.11546755,-1.504214,-0.69248295,0.357126,-0.028948437,1.0822365,-0.6460628,-1.9119195,0.7392547,-0.38194796,0.23696235,-1.4940534,0.1525543,0.29769185,1.048093,-2.2404377,0.3817753,0.47891748,-0.33804953,0.8499087,-0.46842107,0.59538984,0.5730688,0.13024709,0.48171127,0.9313217,-0.116808355,-1.1582968,-0.05631472
TCGA-KL-8327-01,0.17833419,-0.53781337,1.4975914,2.6560094,-1.1964083,1.8708471,0.28178218,0.009404462,-2.2208993,-1.0316395,-1.961631,0.004228051,0.5235315,1.4035703,-1.0956957,0.60542697,-0.75583833,-1.625817,-0.8690993,1.3656476,0.09633767,-1.2652717,2.1982753,0.48753852,0.6622341,-0.111716,-0.15476403,-0.69985086,0.82112193,0.30949455,-0.28240517,0.3375613,1.3201239,0.2853725,0.8125474,0.20837668,-1.3381598,1.0174937,-3.5636306,-0.09477489,0.75794595,-0.31619844,0.5813511,0.18521526,0.17333475,0.9378684,-0.8453142,-0.941703,-0.47782138,0.20326997
