,10,25,21,22,19,11,23,12,12,22,3,2,2,16,13,27,21,17,5,7,9,16,11,14,1,1,4,28,1,28,28,3,19,16,12,0,19,18,23,8,27,23,15,27,6,7,26,10,24,29
TCGA-AB-2872-03,-3.3093803,-0.88330007,-1.1257832,-4.5358706,1.3393512,3.1829545,-1.6117115,2.0013478,-1.5926435,-0.49190807,-0.50313514,-0.8200985,-3.0589743,-0.5884689,-0.3299683,0.4172631,-0.05515551,2.5234165,-2.3351135,3.9122605,3.540547,0.008413113,-0.80489355,0.09980661,0.9816077,3.9068608,1.2853295,0.17336223,-1.7765627,-4.3214526,1.8199084,4.3752637,-1.8795886,4.8821864,-6.832538,2.143045,-2.8580048,0.5149322,1.6732047,1.0466503,2.5939438,-4.2484956,1.6982638,5.8168125,1.2820963,-2.315405,6.949345,0.85706246,3.213634,-4.819339
TCGA-AB-2812-03,0.3542837,3.2108536,1.6628832,0.6359337,1.9932617,-0.5453191,-2.465246,4.2176514,0.149662,-6.552881,0.7233603,1.3480521,-1.1400421,4.578465,-0.41573054,3.9374158,0.54678154,4.4937987,2.4031065,0.41952962,-0.5850217,0.1817162,1.5693116,3.6567383,-3.8933856,-0.83650374,0.85939556,-0.6769913,0.074134104,0.7342946,1.248563,1.8824468,4.2552886,1.551736,0.54201627,-2.1299064,1.5408978,-2.3000906,-3.5849702,0.33492765,-2.421284,0.6859738,2.2807508,-1.1201098,-1.2368045,-4.4028163,0.26398185,2.089757,0.88094383,3.216685
TCGA-AB-2919-03,-0.75803405,-0.67185265,2.060827,-1.376552,-0.83806,-1.1952779,-6.5550437,1.4894217,-3.5241497,-3.5361283,0.32883278,2.25525,-1.185831,-0.16222352,-3.2672663,0.7188541,2.1120124,2.8948445,-4.1204658,1.5074278,0.551154,0.35697415,-1.1929655,1.2537212,-1.3138591,0.6213796,3.168781,0.8144191,-2.974062,1.0047777,-0.21359149,0.1663476,5.846392,2.5551128,0.8091244,-0.65277505,2.0417163,1.8626738,-3.4627533,0.8509911,-1.2044818,1.1286889,0.7297604,-0.3002085,1.0635858,2.106463,-4.847867,2.2597427,0.06962144,4.0240765
TCGA-AB-2836-03,-2.5099697,3.374272,-0.12304307,0.22894014,2.2910638,0.4812543,-1.8519081,1.3599782,-1.4637747,0.16784005,-0.27699894,-0.511357,-1.8712995,0.29506698,0.29549935,-0.416125,3.235298,-0.30132192,0.9446272,-0.33711088,1.3156548,-0.059506886,-3.357692,-1.4293139,-4.014085,-0.3602893,-4.5977645,1.097482,1.8965117,0.77764887,-0.5637218,0.6613219,-2.775782,-0.82490855,1.2141365,-0.5403027,0.6099501,-0.5917265,-0.7681238,-0.097623825,-1.5007408,0.76254886,0.45475754,-1.6140937,-0.54977316,-4.134736,1.7829244,2.742348,0.01870891,2.428089
TCGA-AB-2983-03,-1.167209,0.9298205,-0.5682244,-1.4028778,-2.8640838,0.4577889,-1.0836396,-0.144991,1.563523,1.2485512,0.7827801,1.6593018,1.7908417,-0.49097028,-0.5159853,-1.0241426,-3.3212228,-1.4237635,1.0617571,-1.6255964,-1.4345528,-1.2078179,1.3788005,-1.2887807,0.75570786,-0.54705745,-2.5930622,0.5590568,-2.23733,-1.1495484,0.33996204,0.89338344,-3.481126,-2.0185735,0.7466953,0.055482887,-0.6799901,-2.2816267,-0.048552528,-1.2693391,-1.8315583,-0.6695614,-1.0375999,-0.6480139,0.14919564,-1.8563217,-0.13183902,-1.2910081,1.2788023,-0.92255205
TCGA-AB-2843-03,-2.0083747,-0.008724479,-1.4791819,-2.5312634,-0.45884883,-0.7971005,0.11786582,-2.694392,0.66297454,4.578759,-1.1256343,-1.4024034,1.2200001,-5.0581036,1.0440547,-2.7246325,-0.6571684,-1.5993142,0.2213064,-0.8242387,-1.6300133,0.103055686,-1.5407605,-1.510149,-1.2332045,-0.06852901,-3.6370864,-0.30198094,-0.432923,-1.013941,-1.182417,-0.3971692,-3.8867686,-1.8086122,1.3550038,0.6315019,-0.31935987,-4.0744314,4.768007,-1.5602552,-0.33401027,0.27318424,-1.0114902,1.1334615,-0.5127361,0.5324206,-1.125566,-5.0661035,-0.7783373,-2.007568
TCGA-AB-2978-03,2.6488855,-1.3300918,0.65073,0.15385248,-2.0928411,0.06033651,0.5637625,1.5213964,-0.028519671,3.5034258,-1.5392,-1.0598946,0.9019012,-0.03167958,0.6899089,0.8003485,-4.935715,-2.2945478,-0.20561284,0.71712136,5.086677,-0.19202647,-0.78916615,2.429396,2.7084744,2.6218438,-0.0990082,0.5887275,-3.78702,-1.5941353,2.108924,2.6662302,-1.4495262,3.1523602,-0.7429668,1.2931541,-3.4912086,-3.9933913,-1.0423918,-1.1302156,-2.7476056,-0.34794325,-2.653684,1.9645436,1.8798555,3.484792,-4.2670364,0.11700913,0.19870296,-1.2644389
TCGA-AB-2909-03,-5.0682325,-0.7361847,-0.93523985,0.8063672,-3.3517482,-1.1543337,2.849456,-2.2958813,2.8553793,2.921764,0.2975339,-0.86693805,0.8818014,-1.3624597,-1.6705303,-2.3277373,-0.12750696,4.3561587,-3.1929998,-0.43709055,-4.2471914,1.393609,3.0339172,-0.9881623,1.0397704,-1.4142437,-1.2965282,-4.5590415,-2.2480853,1.6524531,0.24625506,0.28884676,3.0079298,-7.0003605,-1.5083443,0.05879999,3.4873953,-1.9349432,-0.27417746,0.49516958,0.3701584,0.9820773,-1.950326,-0.7468807,-3.2219574,-4.253819,3.6950576,-2.5784252,1.0973952,-1.47995
TCGA-AB-2882-03,1.6262883,-2.9483297,-0.19508238,-0.68389153,-2.142221,-0.55232054,-1.9768031,-0.96696985,-0.86959034,2.7722344,0.024938405,-0.03862121,2.237365,0.26563337,-0.06542885,2.6391957,-3.85752,-2.2552557,-0.069258414,-0.43303144,4.9682136,0.31539124,-2.1608846,2.145083,0.9643918,0.27024046,-0.03945741,0.35411495,1.459295,-1.1651423,2.4714417,-3.031508,-4.2853246,3.4408867,1.6361098,1.9162184,-0.5877611,-1.593296,0.9030362,-0.40536505,-1.2890131,0.26741195,-1.4820175,0.78035104,0.083153516,3.6561131,-2.8198495,1.316394,0.47832692,-1.6142415
TCGA-AB-2845-03,-2.7487485,-2.012677,-0.8038908,-0.43870622,-3.0567505,-1.358281,-1.8448743,-1.0387725,-0.3318746,2.1282408,-0.24002303,-2.3026595,1.2760078,-1.8478763,0.22780354,1.445637,-2.2030168,-1.2857351,-0.6539274,-0.17611247,-1.1452458,-0.41397506,1.3189307,-3.1849964,1.9695088,-0.8125615,0.2357998,-1.0346652,-0.35590288,-1.6265056,1.0822194,-1.7304088,-1.485903,-1.3220018,0.740954,-0.12814875,0.5769206,-1.8188457,-0.788896,-2.237996,2.4110434,-0.27126834,1.3423876,-0.23430046,-0.8440111,3.883329,-1.2326076,-3.2562506,1.3727238,2.6558294
TCGA-AB-2877-03,-3.433016,2.2303262,2.0720189,-2.2641854,-0.18975145,-0.6281732,-5.3389826,5.166768,-6.13078,-3.0898328,0.92003196,2.1115377,-1.1073637,1.8752724,-1.1115378,1.016586,2.2587945,2.4070804,-1.5379153,2.945032,2.5507946,0.52550817,-1.4524268,2.252815,-2.1735022,0.20289804,1.0269704,1.7403948,-2.9269197,1.2115312,-0.44668922,0.067551866,5.9395347,3.1925223,1.4319372,-0.5072625,0.6910156,0.87031364,0.30727905,1.2796577,-2.4927824,2.0473053,1.1505458,0.258618,-1.9847604,-0.87287265,-5.382196,3.218597,0.53399915,3.7669973
TCGA-AB-3012-03,-2.922121,-0.49863717,-0.080810584,-1.3901237,3.5179515,2.5780284,-2.9399996,0.16915901,-3.1592162,2.4657593,-1.5892577,2.1077418,-2.8595004,-0.36272153,-2.015497,0.25970075,-4.3867455,5.870714,-2.2991462,3.5204341,1.8609676,0.41329327,-0.36686355,0.12008172,-1.6616943,4.4345174,0.53751004,-1.2014616,1.162578,-3.5998442,2.169564,7.2429953,-0.05156341,4.0613914,-6.920282,2.8515306,-3.3187032,-0.13054617,0.15795179,0.31262973,2.7800915,-3.3630602,2.3013682,5.55417,2.4256594,-3.1714315,3.1582632,1.0898178,2.4407113,-4.712294
TCGA-AB-2851-03,2.521934,2.0846848,0.19724905,1.824895,2.750349,-0.28475526,2.1593704,-0.8531716,-2.3980243,-0.1879114,-2.11547,-1.5948944,-1.0116608,3.436505,-0.10376407,1.1550133,0.79138505,0.18719065,0.42601943,1.0064577,1.538192,-0.2957811,-3.463488,-2.997046,-0.8315981,-0.87886876,-1.9780151,0.6085061,1.3055509,-0.76537645,-0.3101815,-1.4936905,-3.0765042,-0.5382418,1.2516613,0.10288177,-1.2530661,-0.8658627,-1.2678347,-1.108191,-2.1408029,1.136258,0.09584203,-0.44281095,1.9255865,0.21631353,-0.42688355,1.7622701,-2.7776303,1.3923485
TCGA-AB-2991-03,-1.182546,-3.955793,-0.69753087,-0.20901683,1.7783041,2.108186,-1.5624583,-0.37970483,-2.52141,0.49990138,-0.92899233,0.79113126,-2.807558,2.1494005,-2.3496695,2.453098,-5.2989044,4.979129,-2.9687853,2.573673,2.5380332,-0.109551944,-0.60621,-1.4605806,0.73306614,4.528878,0.7909357,-0.31702211,1.2000077,-3.4874318,3.0794878,3.524142,1.8154732,4.8962836,-5.729305,2.4301014,-3.4714894,-0.6023054,-1.9879082,0.5060645,3.141735,-4.4439144,0.9799278,5.7771177,2.9283314,-0.49478346,2.1065745,1.251675,2.7360635,-1.3145823
TCGA-AB-2826-03,-1.5726124,2.982771,0.59556854,0.7227041,-0.8285182,0.68879014,-1.5672005,1.2008501,-2.5159206,1.9839098,0.009266541,-5.449641,-0.9796517,2.3291087,0.8936054,0.7438117,1.0175135,0.3756637,2.1657395,2.1377208,4.5997524,0.3560442,-3.4087694,0.18355164,-3.573632,0.10007509,2.5117013,0.3998394,-1.3891153,1.4900724,-0.28100732,-1.2598006,-0.031090003,1.2873313,2.31124,-0.60120326,0.08210482,2.2140636,1.3847265,-0.62035453,0.45685148,1.5717363,0.65247214,-1.5809057,0.90496594,1.229736,-5.9016542,2.693439,0.3962397,2.9621904
TCGA-AB-2969-03,1.5311311,4.478491,0.06416039,-0.010907685,4.2705846,1.3264445,0.914148,-1.333547,-0.82649434,0.7780391,2.1082149,-4.293441,-1.508007,1.1701126,3.0525317,1.9497875,0.12351845,1.4095659,1.5850971,0.7225945,-0.48569137,-0.0025749803,-2.2039666,-0.5874724,-0.34685,0.03455884,1.4954809,0.85659057,-1.5051956,0.056625616,-3.1246128,-1.0890584,-4.3549986,0.5667265,1.010005,-0.61984026,0.34962273,-0.15697812,1.4137092,-0.7201524,0.10757418,0.90314186,0.82912964,-2.4901545,2.754577,0.20159194,2.5309741,2.8675232,-2.7279477,0.8219328
TCGA-AB-2817-03,-1.647945,-2.1314588,-0.45118862,1.8707559,-1.1609178,0.15946041,-0.83558196,-4.093603,2.0665016,3.5024207,-0.3128629,0.8010454,0.9235312,-4.100834,-0.3871385,-4.1500382,-5.1437955,-1.7391411,-0.96049505,-0.8932734,-0.80435246,0.777367,-0.004897548,2.0109541,0.64821386,-0.14137901,-0.33785826,-2.3867311,2.3354053,-0.13159275,2.6615322,1.4384365,-5.300587,-2.0716507,0.23033656,2.511493,0.4601242,2.0425766,-0.48827308,-1.1483661,-3.3554118,1.3746957,-3.6906643,-0.7942362,1.4963319,0.44165784,-0.827328,-1.1164832,-0.669181,0.043253798
TCGA-AB-2862-03,0.8573369,-1.2475518,0.85936594,-0.30548185,3.0538197,-0.6082626,-3.1153467,-1.90004,-3.3748765,-0.96247244,1.0566143,0.6626934,1.3305489,-0.91264176,-4.5612717,2.0853364,-1.6311085,5.011129,-5.2631607,0.72804326,1.3567911,2.5950336,-0.54031855,-0.7811428,2.7276964,0.054339156,2.7123778,1.7259418,1.5221033,1.1831541,3.0921512,2.6245253,4.202985,3.878164,-1.2705361,0.52722776,0.036830273,-1.222145,-1.7069916,0.34090152,3.0427573,2.3912854,0.10326089,0.65783787,5.298498,0.8101441,3.3678186,1.8773332,0.7265073,-2.2961392
TCGA-AB-2885-03,-1.1154639,0.8761045,0.24830246,-0.16784838,-3.529283,-1.1998202,-3.4504776,-1.6206383,-0.5860723,1.7612181,-1.6148512,2.7711236,0.5007307,-2.4876533,-1.4669596,-0.4113719,-2.0912218,-1.3819066,-1.1188768,-0.29189843,-0.16749974,-0.17191745,0.089082286,-0.18124205,1.3249515,-0.040869698,-4.704737,-1.0417099,2.450709,-0.15984812,0.671116,2.9620764,3.5615423,-5.3401647,-0.21153,0.5897443,-0.3926596,-1.4128855,-1.5951227,-0.99094677,-4.6957116,0.025084235,-1.8665904,1.7594562,-4.0638657,1.9170012,-2.2046232,-1.8279345,-1.0469756,1.5671725
TCGA-AB-2821-03,-1.2760036,2.3793614,-0.35895115,0.19733462,-2.2794108,-0.40978017,-3.438347,-1.1504512,0.28622484,2.419811,-1.545454,3.4552777,1.212414,-3.9921584,1.2856003,-1.9119135,-1.490554,-1.5493188,1.7914069,0.27573064,1.7356648,-0.36659634,-2.002206,0.91089845,-1.2748631,1.2093308,-2.6542864,1.4244109,-0.9828679,-2.1396961,0.042899616,1.0457474,-4.021279,3.5370245,0.652138,1.5324298,-1.1644415,1.1512449,3.5668738,-1.1861192,-2.2156005,-0.20321885,-2.629345,1.0530816,-3.0814397,0.72396606,-4.172693,2.209791,-0.1365471,3.103195
TCGA-AB-2965-03,2.0957177,1.2448481,-0.71535707,-0.7248693,1.1634427,0.24580947,5.3130918,0.5221421,1.1690946,-2.988211,-0.47071454,-0.8273404,0.64830226,1.2705668,1.5758114,-0.045097865,-3.1773,0.9220284,4.999315,1.1994034,0.7287245,-0.6929554,-0.933568,-0.17755423,-0.8184927,-1.3234118,-0.86250067,1.1775297,-0.21460508,-0.11210782,-2.845638,1.150834,-2.4452639,-1.743519,0.83496726,-1.0965211,-0.39369643,-0.12820661,0.57354915,-0.540668,-3.1667757,0.35962287,0.075597554,-1.2851464,-1.0724208,-2.1774716,5.404109,3.2674887,-1.2748108,0.13273738
TCGA-AB-2819-03,-2.4823081,-2.8448226,-2.402734,2.4082856,1.571227,0.7719406,4.27309,-2.1080825,4.8932915,1.7019415,-0.37273428,-3.2021623,1.3722091,1.7300572,-5.917497,1.0091686,-2.0643356,1.9860495,2.1734047,-0.7608989,1.0198861,-0.8055493,3.5120192,1.9415393,0.18185103,-2.7395926,0.330604,0.7318723,0.027371787,-0.0099856835,2.5151513,-0.037319653,-0.77184504,1.1598946,0.6655574,0.29040182,1.5167584,-1.6396165,0.9719663,-0.75577945,2.2894819,0.68124676,-3.0111089,0.46236092,-0.2336967,-4.0748215,0.72569054,-4.174158,2.5180368,-2.693507
TCGA-AB-2914-03,-0.17588086,-3.4198432,-1.6738704,1.8260864,-2.1692877,-1.6452562,3.7036376,-1.1394463,1.536948,2.8725352,-0.75297946,-2.8455484,0.48872223,0.7105225,-1.3172774,0.90395087,-1.9985262,1.1773611,2.4545236,-0.62166905,-1.3444244,-0.6031484,4.7286434,-1.0365483,-1.2337482,-3.505382,-2.5068212,-3.9167743,2.0400438,-1.2066981,2.491529,-1.941838,-0.49890196,-2.8517292,1.4873427,0.24977903,0.84642184,-2.5788102,0.35291302,-0.36006647,1.4908206,0.7186146,-4.4106197,0.0019291267,-0.59625494,-2.1261673,1.1715705,-3.0836866,4.4932885,-2.1413267
TCGA-AB-2867-03,1.9876745,-0.934342,-0.6358457,1.7762946,-2.2000365,-1.6054083,-2.9557166,-2.3683214,-1.2479043,2.5940797,-1.1119808,-1.8276013,0.20821944,-1.7040325,-0.22237897,0.35807166,1.5363644,-3.517842,2.3303466,-0.14194953,0.98919535,-1.3225864,0.857381,-2.4383495,1.7422417,-1.7883632,0.9443689,1.3263487,0.57083637,-0.45045358,-0.22038077,-6.5300765,2.385199,0.99128586,1.3327545,-0.51590604,-0.76710045,0.81708837,1.1375583,-0.8342851,2.5269616,0.78681415,-1.4571265,0.69887465,2.390043,7.734177,-2.3945684,-0.7874813,-1.4575564,2.6352193
TCGA-AB-2932-03,1.852051,1.4158478,-0.17230898,0.06398667,2.6557558,0.9784918,-0.41333917,1.708442,1.0835359,0.22446693,0.9715795,-3.549623,-0.88968396,3.0107262,3.2772884,-0.44033384,1.8834574,0.89844656,-0.7166718,0.4871259,1.2659575,-0.31953764,-5.577696,-1.999397,-2.063758,-0.24364883,-0.4718276,-1.7609116,-0.096467435,0.086254366,-3.347861,0.5396393,-5.7078176,-1.4149188,0.8464245,0.08222918,-0.5177942,0.9677299,0.73196197,-0.8852779,-1.370462,1.0695105,1.7078415,-2.0782466,-0.17463371,-6.7653055,3.3227074,0.2628332,-1.1273111,0.025851881
TCGA-AB-2837-03,2.6807556,1.9493749,0.48062816,0.53955096,2.9867027,0.7810031,0.9349125,2.181568,-1.5102117,-0.6814751,0.4165161,-3.370832,-1.9157349,1.9598111,1.4398699,3.2099617,2.9478402,-0.033543766,2.9350634,0.37213588,2.0022886,0.30932912,-3.2989845,-1.0772183,-1.7770686,-0.081974365,0.46947163,0.76003957,2.464832,0.979196,-0.19162525,-1.8886237,-4.0597997,-0.45501804,1.5712146,-0.11783831,0.5047248,-1.4536458,-0.6479737,0.073429555,-2.2104714,1.9976411,0.19252345,-1.8564311,-1.3850164,0.16263881,-1.7069975,2.3504038,-0.72834456,4.4188337
TCGA-AB-2948-03,-1.3264915,2.3060026,0.08490176,-0.5496784,-3.6568735,-0.5176463,-2.6700659,3.546588,-1.3402545,3.3927598,-1.62526,-0.55781156,0.063447766,-0.49759448,1.5446206,-0.51245797,-1.8288081,-2.1140442,-0.6335595,0.10159978,2.4192162,-1.3528019,-5.7284775,-1.4262702,-0.24172188,0.54917705,0.23664251,1.5891558,-2.1480002,-0.87723666,1.0944768,2.6578884,-4.836586,2.8739352,1.1079957,1.1141535,-1.8895372,2.2233253,0.120633274,-1.0947878,-3.2946734,1.7125992,-0.8850683,-1.467287,0.009941928,2.434038,-0.7946829,2.2621396,0.7384789,1.0273266
TCGA-AB-2890-03,0.58226067,-0.49046135,-0.15437123,-1.8653882,-2.8833833,0.71302557,0.72322184,-1.8002402,-0.08899351,4.2744994,-0.11596431,-1.1271131,1.4139261,-4.8501744,0.75222725,-4.0653324,0.82724464,-4.603494,-2.3157685,-0.71201974,-3.4164767,-0.7226317,-0.8578219,-1.2282107,-0.12410183,-1.0441363,-0.19610524,-0.60631055,0.5870146,1.1317087,0.14448419,-4.2121296,-2.1763496,-5.049789,0.10161962,1.11176,2.211605,-2.4067545,2.5273743,0.018554093,-1.4006633,0.44516784,-3.164489,-0.17195734,-1.6903874,0.3131846,0.501131,-1.4468824,-1.0904524,1.0196244
TCGA-AB-3005-03,3.5090702,-0.631098,0.0064843334,-0.8341443,1.5507591,-0.72583216,5.0663867,-0.040621623,0.22875589,3.750321,-0.70367044,-0.874721,-0.032020126,-0.38148805,-0.24158424,-1.2269033,-3.1527922,1.4156622,-3.9368126,0.16591257,2.779213,-0.95644194,-3.9381113,0.70529586,0.16764353,-0.38174838,1.9834611,0.84555984,-4.7502847,-0.5102128,-0.83126414,0.30970055,-2.7584305,0.80098546,2.0212114,0.026079508,-0.65405935,3.8264906,0.03448292,-1.7269151,-2.3803916,0.20569202,0.5027155,0.19504303,0.75371486,-2.397954,1.9375263,0.09105876,-3.0424922,-2.2611983
TCGA-AB-2879-03,0.4322595,3.4254417,1.9716089,1.2183228,2.7512236,-0.57441163,-0.33379942,2.8581913,-1.9412115,-4.5638027,-0.1593222,3.3679957,0.12424982,2.0173807,-1.8516648,0.211604,-0.8374734,3.5493264,-1.2457575,2.432095,1.5319667,-0.2417102,-0.59593076,4.796851,-2.103087,-0.6877304,1.4790106,0.51001763,-3.2726018,1.1721219,-2.5693538,1.6121211,4.6811233,1.627835,0.52253306,-1.3324347,1.2991683,-1.0526694,-0.35751286,0.8168817,-3.914701,2.0068607,2.117122,0.3817027,-2.2961686,-2.2210722,-3.0584424,2.5676887,1.633584,1.6502746
TCGA-AB-2984-03,-3.7269816,4.308082,1.8810003,-1.4122164,-2.045085,-0.7710077,-7.0508065,2.6964447,-2.3474035,-2.9237003,1.7408416,5.051585,-0.75972646,-2.8173037,-0.8002968,-1.4773699,3.852946,4.6486096,-1.4874443,1.8199538,-1.6018738,0.13166152,2.6736746,1.1666119,-3.2501273,-0.19932689,-1.7877065,0.26242173,-2.431726,0.30068785,-1.2754627,0.38803855,2.7842188,2.6866982,0.9405924,-0.7853956,1.0628476,1.2043092,-1.1080837,1.1003004,-2.6009588,2.1849957,2.9347832,-0.7008013,-1.3908595,-0.65764654,-5.1620865,-0.32954553,0.9611477,3.4473064
TCGA-AB-2910-03,3.2820768,-2.3028095,-1.4555888,2.529994,3.2081459,0.8461868,1.5299101,1.4790518,1.6086361,-0.050588876,-0.27228186,0.13666038,0.47272867,1.7457885,-2.012004,0.73190016,-3.3973012,0.27361602,0.0057887603,-1.2962013,3.3811533,-0.13814795,-4.4834323,2.7834096,0.79670376,1.4332061,3.8087416,4.265796,-1.4957424,0.9366285,-0.72221285,1.3351221,-0.68149203,4.0308914,0.028899543,1.0484433,0.15645476,2.2306306,1.4252845,-1.3540443,-3.4686396,0.6005597,0.47031775,-2.7652571,0.16216071,1.416399,-2.0660684,0.79173905,-1.4811914,-1.0168849
TCGA-AB-2858-03,1.7035948,-2.5744524,-0.5783365,1.783007,-0.8876582,0.10265447,2.4670641,-3.4274328,1.3358433,1.2581173,0.7712028,-3.0126991,1.0811007,-0.1135235,-2.2254229,1.6165748,-2.1997685,2.4717221,-1.5070845,0.00051835366,0.42848802,0.7766951,-0.5034045,1.3440653,1.751872,-1.6359819,1.4162439,-1.109286,0.9339079,1.2600423,1.5134126,-2.5427258,1.1465424,2.1710594,-0.00013188645,-0.29459727,0.25617823,-1.9538829,-1.0394038,-0.52527875,1.0300336,1.4037553,-1.9426199,-0.31191397,0.94736123,1.5686625,-0.24363261,-3.839708,1.9866004,-0.3614869
TCGA-AB-2967-03,-0.40028238,7.09929,0.50662553,1.9026823,2.0174592,0.57936484,1.985635,2.5644639,0.9444174,-2.5264883,1.7936875,-0.83864325,-0.06474751,2.5159702,0.5610586,1.5208753,0.0432916,1.0419598,2.163596,0.21081987,1.644704,-0.2744446,-2.9520004,-3.7757986,-4.744923,-0.410401,-1.4336569,0.40108812,1.1688764,-0.9769168,-1.4189371,3.3935375,-6.3970585,-0.8656162,1.6187714,-0.6558776,-1.0327164,-0.84728885,-0.55052006,-1.4698011,-0.7717711,1.2043118,1.7362741,-1.8573331,-1.752648,-5.62952,2.0087624,2.6845198,1.3538129,0.34977382
TCGA-AB-2868-03,-1.6972984,1.7391229,-0.9276508,-0.80333185,-2.24094,-0.7131725,-3.6752574,-0.9141376,0.21518475,3.0028698,-1.6105199,-1.9944061,0.34450614,-3.2613647,-3.202017,-1.7154723,1.4240152,-3.309126,0.13425663,-0.27312124,2.6157537,0.24128364,-3.674397,-2.480696,1.6778234,0.3692733,-2.5568383,0.8439945,2.0861824,-0.7960107,-0.9753431,-0.45858154,2.9926677,-0.82480115,0.15988603,1.0891024,-1.3951892,-0.8900279,0.08888182,-1.4346905,-1.21084,0.2422095,-2.4446657,1.5707568,-1.5701164,1.4293957,-0.7239448,-1.0039068,0.050471865,1.8484514
TCGA-AB-2929-03,0.70504016,-4.482333,-0.47471878,3.940577,-1.7418308,-1.4164912,-1.2402815,-3.8213282,-0.44940287,2.7315195,-1.8283991,-0.0053144246,0.25428274,2.1260793,-0.39675274,2.062445,-0.289006,-5.1157084,-0.33009627,-1.1565771,1.2830864,-0.7087931,0.71944714,1.6819441,-1.48427,-0.047371358,0.0054905773,0.55241835,2.3574777,-0.5254352,2.2355485,-2.5370276,0.3240215,-2.880876,0.7531476,0.6237288,-1.0431387,-1.2174624,-3.2066731,-1.480897,-3.5570083,-0.81796134,-1.4327704,2.395644,-1.5921052,3.3140934,-4.8801084,-3.4143865,-1.841291,2.5554795
TCGA-AB-2886-03,-0.81832904,-2.0113156,-1.3418826,-2.1347797,-0.88484037,-0.031353664,4.023095,-0.9426544,1.2256067,1.8983835,-0.7297124,-2.7875612,1.3197219,-1.8162062,-4.529523,-0.9443044,-2.5377944,1.8786792,-2.5621872,0.24538723,-1.7740178,-0.4064056,1.0351089,1.5147634,2.226009,-3.3431602,-0.76333916,-3.289028,-0.8868229,1.3319458,1.2760912,-0.28101927,2.6950402,0.08662918,-0.45948538,-0.10946114,1.4122274,-1.1045133,-0.83267814,-0.6856166,-0.2836863,1.5567269,-0.74292094,0.06291021,-1.2744917,-2.9753718,4.0156937,-3.9842951,1.6134742,-3.7167594
TCGA-AB-2814-03,1.5565166,-1.9941374,-0.6505455,0.6774127,-2.9760966,-1.9305344,-1.0628275,1.1106288,1.6797404,0.20982637,0.3093922,0.2213749,0.16547292,3.4175127,-1.7945629,0.01299509,0.46284753,-3.6297243,-2.5445955,-1.024886,2.0640116,-0.15442914,3.502083,0.6715474,1.6549137,-0.998963,-1.0535586,4.134994,-2.5460756,0.025131904,2.958203,-2.0715184,4.916671,0.90881395,2.0130863,-0.96072733,-0.6436102,0.7703609,-2.6083956,-1.4996002,-2.647721,-0.55837345,-3.147683,1.3194993,-3.4122086,3.8182225,-3.8819635,0.83465546,1.653412,3.4460819
TCGA-AB-2863-03,-1.7214541,3.6939344,-0.5889898,-0.843679,-2.2369778,-2.39177,-4.7521915,1.1250836,1.6945438,3.5690923,0.6780067,2.45831,-0.1621384,-5.3853917,0.07123956,-3.9242291,3.2783842,1.1170896,3.440505,-0.15710583,-0.966678,1.1065066,1.8375232,1.7519152,0.0047217207,-0.52017474,0.6943556,1.3149259,-0.30224007,-0.91277397,-1.4387989,1.8229785,1.1058308,1.7258593,-0.14035532,0.65869194,0.18827777,0.2970379,2.8278825,-0.49420208,0.46839762,2.4739344,-1.4734017,-0.18294206,-1.5940458,3.9201944,-3.5664814,-0.12388022,-0.92273515,0.83497846
TCGA-AB-2963-03,1.7920294,5.0732927,0.3930767,-0.48713034,4.995695,0.11523454,1.5271412,2.635286,-0.5953545,-0.8271616,0.5127198,-3.0164149,-1.1185712,1.9822491,-0.23535556,1.3414954,1.1938722,1.6357825,2.5837133,1.0442774,1.4139857,-1.5541047,-1.8206878,-1.0609149,-4.31843,-0.36894387,-1.5079193,-1.1324973,1.7194363,0.46358675,-0.17242438,2.9401205,-0.10514079,-0.33173612,0.63879824,-1.7473607,-0.38837433,1.2962724,-1.3491861,-0.07933542,-1.431603,1.1565093,1.594727,-1.1622529,1.7700814,-4.9132476,2.1633403,2.1304662,0.1226618,-0.3175247
TCGA-AB-2860-03,-0.4424315,-2.3006868,-1.0948572,1.1292254,-2.6911697,-0.66750675,-1.3915392,-1.7680306,2.798346,2.15914,-0.774233,-2.0013938,1.6285899,0.35595986,-1.541805,1.5937427,0.20733462,-2.3093526,3.1811547,-1.4310153,4.1996636,-0.48723665,1.3530324,-1.8832676,1.1324815,0.45516294,-1.632577,0.84771293,0.43192297,0.14639091,0.7511812,-0.9895399,-1.5609914,0.62543625,1.812991,0.3974072,-0.7705872,0.8362012,1.6271527,-0.46390536,2.036288,0.32915616,-1.9470638,-0.78477734,0.4839536,5.561674,-3.8710697,-4.75596,1.4265357,2.4434872
TCGA-AB-2993-03,2.9926624,-1.054764,1.4940885,2.862529,3.3043358,-0.19554172,-0.3361608,1.1354723,-1.3493834,-5.4046373,0.5821923,1.7613523,0.84992063,1.9356319,-0.9343419,-0.2538027,-2.2117374,3.5289676,0.7786844,1.3061032,1.3000002,-0.7405329,0.22525318,0.81269777,-3.031695,-0.69820255,2.643896,1.4600317,-1.4430441,0.11436367,-0.13806464,0.46615443,1.0026301,3.2351785,0.9046218,-1.6824872,0.40069455,-0.9653519,-2.4143171,0.3155623,-3.3022778,0.9554451,3.0586922,-0.110547476,2.0269365,-3.1618965,1.6801622,3.9556017,0.56811845,0.011476919
TCGA-AB-2966-03,-4.8783994,-5.522375,-1.7239927,-0.24909326,-4.7910733,-2.336526,-3.3752065,3.3120196,-1.1971123,-0.20463772,0.45989218,1.6151448,0.72151595,1.4250371,-2.7302547,2.2604914,3.1240664,-2.4453886,-0.043783456,-0.9052811,-2.020982,-0.44209692,6.7623386,-0.9767823,-1.0211071,-2.7025087,1.1443648,-0.45763868,-0.594053,0.043191727,-0.2683937,-4.4527683,5.7833776,-0.73713595,1.7648536,0.3677741,-0.8469937,-0.4712853,-5.6861043,0.027868336,0.065602995,0.5770565,0.33580402,2.447041,-3.8720875,4.9067802,-2.6080892,-2.1581163,2.2505727,0.23661165
TCGA-AB-2874-03,-4.001475,2.382628,-0.26795885,-4.0844636,-0.52905834,-1.5012399,-6.242002,-0.51704496,-0.6193816,1.8056188,-0.71154433,-0.81279427,0.7654584,-3.731826,-1.0184398,-0.9425722,1.3195945,1.7359979,-1.213292,1.974305,2.3617752,-0.38974273,1.522395,-0.8403957,-1.7793658,-2.6680388,-3.0273235,-3.3582942,-1.4790268,0.15835543,-0.48195678,0.56092954,3.7402942,0.4735368,-0.7307248,-1.1742747,1.0902442,-1.6717151,-0.82627004,-1.1280185,1.3464671,1.7517631,0.8462891,-0.2739883,-0.072795615,-1.3440678,0.18551208,0.6058201,0.3697468,3.0187206
TCGA-AB-2933-03,1.2536501,0.19699885,-1.4212314,-2.2820697,-2.189801,-0.073914416,0.5765522,0.09571137,-0.7060681,7.526601,0.82980776,-3.2802417,-0.729239,-0.6076148,1.959324,-1.3060471,-4.0025597,-2.3552282,-1.0013535,-0.62993693,1.5189754,-0.8671827,-1.0068849,0.2778043,-1.7504058,-1.2235217,-0.56201696,-2.6349328,-2.5087361,-0.6724216,1.2067658,-0.14434849,-2.804705,-2.9854233,1.3587426,0.93746364,-0.75146466,-1.7278712,2.3813288,-1.6945492,-5.3010015,1.3821499,-3.4405324,-1.1331453,-1.3168427,1.6378763,0.5833504,-1.5523301,1.781088,-3.99631
TCGA-AB-2959-03,-3.4551208,0.8062805,-0.78161764,-2.1336203,-4.7920675,0.18181501,-3.4978647,1.5674523,2.3174536,2.902683,-0.25168148,1.1419824,1.2399133,-4.36931,0.8006461,-2.4372878,-1.4516212,-1.7367219,0.88294315,-1.2356861,-2.3733296,-1.1242149,4.6579432,1.1251912,-2.3131561,-1.1509866,0.20651136,-1.9639977,-3.2101767,0.26117674,-0.8042162,-3.8817322,-1.9488009,-1.8814609,0.6839038,0.9938244,0.7553465,1.0909376,2.5151408,-0.4164848,-0.7937646,-0.040446952,-5.1474466,0.62440664,-3.1940594,0.12255131,-3.773651,-1.3555098,2.741151,0.27850255
TCGA-AB-2972-03,2.1251128,2.3526883,0.2597459,2.4009209,-0.23653856,0.5068971,1.3517975,0.5035799,-0.24052474,-6.4262576,-1.2834841,0.35250077,-1.4564401,3.6362712,-1.9638307,0.75039643,1.0369633,-0.29463804,0.9595439,-1.000556,1.8692873,-0.2914804,-1.2003301,-1.7117121,1.5781379,-0.64573157,-0.25056002,2.3856277,0.65742654,-0.44590113,-1.204831,2.7000556,3.3946242,1.3702158,2.5229492,-1.3218294,-1.2561313,0.69084716,-1.6314698,-0.62568414,-1.6225499,0.16642979,-2.229458,-0.19409385,-1.4067564,0.7738594,-3.2489145,0.6887858,-0.24720624,4.3355837
TCGA-AB-2987-03,4.1600556,-0.7587954,-0.7794053,1.245713,1.2192632,1.9282312,3.4345362,-2.067978,-1.2695296,2.0195744,1.7096491,-0.5844251,-0.27504438,0.65936697,4.11589,1.5422566,-0.4127792,-4.0772867,3.476114,0.098950356,4.0398154,-0.5371461,-2.019514,2.5121386,1.799303,-0.35919252,1.5903103,3.0158427,0.3780799,0.033775605,-1.5027306,-3.964427,-9.809586,1.9485848,2.5226781,-0.5520132,0.35278058,-0.27128446,3.6345158,-0.19306709,1.0249629,-0.10550546,-0.5785382,-1.2015789,2.1312895,3.6757445,-0.35030994,0.7221583,-2.1977305,0.48605308
TCGA-AB-2973-03,1.698798,3.6749036,-0.50355434,-0.35259983,1.7400473,0.84600914,-0.7529721,-0.53608525,-1.2926741,0.73248917,1.3322105,-3.9055498,-0.20654151,1.8000287,2.576953,1.4885242,1.8537983,-2.0664854,2.852626,1.2227196,2.0614088,-1.2225806,-1.7228141,-1.8606174,-1.4648803,0.38344014,1.5285944,0.8296932,-0.7617947,0.16521806,-1.9979613,-3.8047931,-6.5363836,0.93899,1.7805039,-0.9424193,-0.7759684,1.5072664,0.40071383,-1.2284262,0.46596515,0.681763,-1.2729045,-2.2907495,-0.5743004,1.8607005,-3.392334,1.6602565,0.59006935,5.2518773
TCGA-AB-2931-03,2.3455253,-1.1811745,1.0847889,-0.08918344,0.7640862,-0.96562463,2.019704,0.16505618,1.5419741,-3.7879672,-1.2815567,3.8288662,-0.6236795,1.468795,-2.1100907,0.5003257,0.7862231,3.5302167,0.81957126,-0.44783995,-0.61714596,-1.1658875,0.8458813,4.884322,-2.532082,-0.5585251,1.9340265,1.326798,1.1232235,0.8318577,-0.9059278,-0.06294815,3.862047,-1.1983473,0.7169454,-1.0515097,-0.6954156,-1.7837001,-0.6724756,0.88684297,-3.3292978,1.6728497,3.613566,0.086864464,0.33035982,-0.632241,4.700663,1.4915512,-1.5716448,-1.1369675
TCGA-AB-2897-03,0.5856395,-2.6608813,-0.6373145,-0.12903173,4.0206957,2.1371996,-1.0752354,-0.5897536,-3.2893693,-0.10963056,-0.97312266,0.57886356,-2.881074,0.17959411,-2.5040226,3.7287533,-1.3994265,5.464945,-4.0320554,4.1013145,3.039069,0.7087441,0.00951333,-0.22017613,3.0982242,3.6159875,0.49493152,0.044197552,-1.1188773,-3.6706007,-0.54005593,5.406316,2.3758647,6.7267113,-7.01005,1.7095958,-3.1525247,-1.5057671,-0.20877618,0.76352686,2.9528732,-3.364145,3.2327125,5.8101068,3.98332,1.1078908,2.2298713,-0.7624301,-2.1061888,-2.8119433
TCGA-AB-2822-03,-2.5062149,1.6199605,-0.018298922,-3.5385683,-2.3379738,-2.9572744,-4.1084323,-1.8554448,-0.8110996,0.42845044,1.3141289,3.3777974,-0.16242972,-6.213077,0.39037254,-1.2817763,1.4565636,2.323128,0.96807677,0.07111786,-3.3621655,0.4135019,2.59071,-2.00787,1.2033463,-2.738256,-2.9655557,-0.04015678,-1.8288703,-1.1943452,-1.5401736,-1.6006408,4.467243,-0.88552225,-0.06761159,1.4957924,-0.8025783,2.5000987,2.1278136,-0.19200647,-3.288464,2.5074413,-2.4762764,0.5111273,-0.93357235,2.8719661,1.16339,0.5520702,-2.980317,3.066078
TCGA-AB-2998-03,0.5933141,-3.1180043,0.29665935,-0.603283,3.0004618,0.0063859,-0.41551054,-0.75107294,-1.2524841,-0.9757657,0.5057362,-2.0714765,1.7269249,1.9966381,-1.3719387,4.788306,-2.1292872,5.4403,-1.4776425,0.66047275,2.6773443,2.2271934,-1.046549,-0.46521103,1.7652141,-0.52122366,5.7889276,-2.1599286,1.0583277,0.08783848,2.2163584,2.8313398,3.1335948,3.2821329,-1.5840492,-0.18136695,1.04052,-0.1019672,0.09931174,-0.47779745,2.5707154,1.4544916,1.9943328,0.47245753,3.1184196,0.65638745,2.4599278,-0.29524037,1.8381594,-2.329295
TCGA-AB-2840-03,-0.41929215,-2.2578657,-1.0027435,-3.9750223,2.0829148,2.537327,-2.0500038,0.13039596,-2.3476512,-0.63609976,-1.2108662,-0.9350381,-2.4605236,-1.6165723,0.14851594,1.5569727,-2.4102588,6.8303413,-1.3986989,2.6810217,2.7829676,0.06528446,-0.7938115,0.29011673,3.227712,3.679995,-0.116042875,-0.63982975,1.4984512,-3.243127,0.75049394,2.3246562,-1.4096017,4.162626,-5.7832427,2.6431186,-2.7742624,2.0168111,2.9945042,0.1142402,-0.36561885,-2.6914737,0.6690157,4.692108,3.8552866,-3.9499407,4.0798354,1.4488596,0.0003181817,-5.112196
TCGA-AB-2924-03,0.09322534,4.7899776,0.50010806,1.4254979,1.9611235,-0.43988875,0.5489794,1.4955456,-1.0131972,-1.0194335,0.571335,-1.7783757,-2.517884,1.2925931,1.6806471,0.3921879,2.6401904,0.9625224,-0.20833492,-0.79942983,0.49356264,-0.3302613,-5.115943,-3.620474,-6.4016337,0.52003115,-3.9737122,0.0758193,-0.8923597,0.50963545,-0.98145163,1.8718975,-0.6206642,0.3963291,1.5113207,-1.5182384,1.1670879,-0.38069573,-3.090664,-0.06337273,-1.8595496,0.05372525,1.2285725,-2.1426766,-0.374968,-3.393638,2.0676076,2.945033,0.3840074,1.2995297
TCGA-AB-3006-03,-0.5699356,2.4030628,-0.48676547,1.5453018,1.2343488,-0.77148783,0.89962304,3.0091832,-0.16923644,-4.3792167,-0.123915136,5.039868,0.34812742,0.35633233,0.80788404,0.0017518476,-0.31959206,1.1087159,-0.19584112,-0.6180477,0.2724606,-0.06876003,-0.9683978,0.7055414,-1.1862004,-0.7773287,-0.99108255,0.6982457,-0.7861651,-0.6127288,-1.6303263,5.7266197,2.0664935,0.30067182,1.0700363,0.19134356,-1.4618511,0.41160685,-2.0209656,0.5238362,-2.0555065,1.1456596,-0.14517576,0.46888256,-4.1159997,0.47493878,0.32881784,1.4539342,1.1499853,-0.0936093
TCGA-AB-2810-03,-1.3962822,2.1096165,1.0086732,-1.4537874,-1.1540698,-0.29801974,-4.7739534,2.099083,-3.0089645,-0.018140405,0.06205281,-1.1140107,-0.9148184,0.99146044,-3.169218,2.875751,4.519516,3.5158205,-2.8155317,1.5462694,2.7650664,-0.34946096,-3.4360213,0.112149194,-1.4713209,0.9311133,3.3384805,-1.1746908,-3.8023803,1.1775316,-1.1283685,-0.05252122,4.3545427,4.8185134,0.7827756,-1.4801095,1.7338539,0.5760957,-1.0433643,0.6522471,0.022558868,1.0264177,3.185573,-0.1732085,-0.3712346,2.0144203,-5.511044,1.6456846,-0.7036085,4.2013397
TCGA-AB-2842-03,0.54440147,1.9221194,-0.51904,0.6971322,0.46394753,0.10671838,2.475121,-0.34213862,1.605078,0.20107682,0.9914677,-4.171161,-0.6089632,1.8037064,2.1697977,-1.3869624,-2.5474854,1.9900045,0.89519197,0.5920957,3.7075863,0.5119218,0.48420152,-2.3217468,-2.467131,0.46309745,0.8355138,-2.3455098,-3.6113234,-0.27264982,-0.6792404,1.0783105,-2.629542,-1.9481193,0.14684589,0.6155318,1.0789549,3.865004,0.38375193,-0.93815345,-1.8476324,1.2571377,-0.35638306,-1.0434952,2.5858896,-3.8355873,3.2738223,0.49860933,-3.84997,-4.2124963
TCGA-AB-2889-03,1.7819494,0.30725467,-1.2862523,-2.11993,1.0261314,-0.095054016,3.1271768,0.5859668,1.6591117,4.5094867,0.42241052,-0.97218657,1.5388637,-4.557938,-1.0145478,-0.079752885,-2.6217723,1.7523074,-0.5822079,0.009106489,-0.8412741,0.51422334,0.5099278,-1.9257742,2.1575336,-3.3691814,-3.7341614,-3.5238607,0.9027669,-0.12067191,-0.31610805,-0.6665057,-2.490028,-1.5469135,0.2451367,-0.08274868,1.3539064,-0.8564995,-0.688295,-1.3688816,-0.10688005,1.0618705,-1.7189976,-0.23654225,2.9868755,-1.7980393,4.3427496,-1.4148879,2.6016135,-1.4327873
TCGA-AB-2908-03,0.8016325,0.9886481,-0.829796,-0.74289644,-0.98357904,-1.5229579,-0.34976035,0.55224127,0.91995436,3.1993408,0.15601718,2.3478732,1.9644216,-2.9487743,0.88013,0.10208675,0.29277354,-4.3114595,-0.6635317,-1.4016267,1.0503181,0.48846596,-1.8098543,-1.4536633,2.2307937,1.0086409,-2.5120907,-0.054733664,1.6483934,-1.6970353,-0.9076331,4.5161633,-0.08702896,0.63239723,0.9313954,0.86280835,-1.4971062,0.5450805,-0.77968484,-1.0952659,-2.760466,0.015715312,-0.6250653,-0.59688175,1.3634168,3.70806,0.29019073,-1.4107273,1.527402,-0.12234863
TCGA-AB-2841-03,2.5592413,-2.6185932,-1.0944498,-0.5262893,2.4708304,2.1094754,-0.18282431,-2.4901054,-3.249073,0.6577779,-0.7553526,-0.19831811,-2.950302,1.2220635,-1.5124884,1.8133093,1.7499137,2.1062646,-3.7158694,1.9739417,1.2718918,-0.3407007,-0.9869784,-2.7106235,3.3454967,4.610574,2.472732,0.30732256,-0.07038811,-2.9995816,0.020725733,2.7677283,5.346872,3.8066525,-6.2973623,2.0861359,-3.8259547,0.77099717,-0.40822035,0.51182956,6.1100044,-4.2590036,2.9895804,6.438302,5.223922,1.6070621,2.1191573,-0.32514825,-2.6683912,-2.076752
TCGA-AB-2964-03,2.4266264,0.8829689,-0.37444586,-1.0875138,0.15074697,-1.0758632,0.016103001,2.8521671,-0.7083299,-4.949813,0.5216546,1.5619351,0.38795176,-1.5662607,-0.564288,0.8965465,-1.6766489,-1.5852816,2.211506,0.26182172,2.0563042,1.9159374,1.4023992,-0.25518823,2.356948,1.4079907,2.3262856,0.57977575,-1.1325684,-0.6343026,-1.1397707,2.0520864,2.4836228,2.8811953,-0.6269876,0.652433,-0.8149612,0.1368253,-4.5722146,-0.2867076,0.025325954,1.294471,-2.696388,-0.08818143,-1.1307883,4.076546,-1.4852649,2.4004862,0.083294176,0.2735247
TCGA-AB-2920-03,-2.9052165,-1.6348635,-1.0644845,-1.3842758,-0.35814643,-1.0585635,-6.3832264,-0.22543561,-2.9694803,2.467616,0.26681516,4.068791,-0.71791667,-2.023325,-0.31471395,-1.5805777,2.1851337,-1.6364665,-3.8422725,0.5275666,1.7718389,0.26742235,-4.7730246,-0.7271263,-2.6445258,-0.47276452,-3.4373214,1.3605415,-2.0456424,-0.23844409,-2.556917,4.5203986,4.794559,0.050961874,1.3573127,-0.353058,-1.0735768,1.335729,-0.7234285,-1.985675,-2.837648,0.9982413,0.7383172,-0.70149297,-0.9694512,2.0935369,-1.1914847,1.5207555,1.1259654,2.0492651
TCGA-AB-2980-03,1.955801,0.2509072,-0.5779833,-2.2499018,0.6612931,2.1830492,0.050394263,-0.91891956,-0.93254906,-1.4502199,-1.5092826,2.5250294,-2.8490527,-2.6858106,-1.607206,0.5914948,-2.374193,3.5892422,0.77335715,2.063284,1.0503843,0.40418285,0.7152687,0.07360624,1.7334865,4.5592465,1.5621,2.4446375,3.8794894,-3.8589456,0.6420446,5.7376766,0.8018147,3.2213526,-5.7640634,2.930719,-3.5183673,0.06981137,-1.1472687,-0.15415485,0.33012155,-3.6545334,-2.086254,5.2583985,3.2416434,-0.8121002,3.7312944,1.55181,-0.11792839,-1.5095143
TCGA-AB-2849-03,-6.6662583,0.5924776,-1.8693811,-1.5532488,-2.9347677,-1.3033344,-2.8378239,1.7911464,0.9294386,0.3837307,-0.7804503,-0.007491531,0.42658636,-0.272972,-1.9671015,1.412177,1.9600681,-0.20387127,-0.865099,0.43145183,3.26566,-0.9565446,3.7670906,1.7605716,0.6217678,-0.025982551,-1.534517,2.2887619,0.33310163,0.766452,-0.77836037,-0.0033666203,-0.57755804,-1.8568028,1.5872934,-0.14429408,-0.07431783,-1.7980416,1.3503582,-0.24553528,-2.158975,1.0880798,-2.572096,0.779867,-4.9290504,-2.0196104,-1.6875128,1.961941,1.851551,-0.0037418667
TCGA-AB-2834-03,-4.3685336,2.475203,-0.8564625,1.8060473,-1.6411477,-0.4501086,-1.6135452,-0.7179315,0.07651205,-0.02919209,0.530965,-1.3108401,0.078762405,-2.3935337,1.3601398,2.4503376,0.25523168,0.15689541,1.396117,0.04672565,3.338184,-0.2926353,2.577226,-2.7549098,-0.5119843,0.60105336,-4.8045793,-1.0459476,1.2221861,-1.1190771,-1.6387049,-0.15229256,-3.187501,-0.5810297,0.9594229,1.499933,-1.1368062,2.4211516,-0.59616107,-1.868184,2.2798088,2.1622536,1.4846032,-1.0896059,-0.12353243,-2.914101,-2.2783964,-0.5622263,2.1524966,1.8214666
TCGA-AB-2937-03,0.022490254,-3.5907254,-0.7473276,1.3080535,0.2897732,-0.5660322,2.569571,-4.7704434,4.144873,4.1731615,0.23009604,-0.6468353,0.7180392,0.82414895,-3.4272974,-2.0095024,1.6237245,2.7099028,-4.7943535,0.024765836,0.721674,-0.072565064,1.3388867,0.57340544,1.3132106,-2.941627,0.3963361,-1.6555651,-0.44059297,0.92913586,5.1679053,-1.0715402,0.9707632,1.2634948,-0.039796982,-0.65801644,1.7903981,-1.2964524,-2.0704412,-0.9030824,-3.0972524,1.1652747,-1.3741676,-0.35377878,1.0930207,-0.7296369,-1.8135667,-7.8454156,2.0041196,-0.22741066
TCGA-AB-2816-03,1.3042111,0.030723842,0.038015343,0.83167595,4.465093,0.23185849,-1.9581358,0.8844976,-2.2366993,0.6074506,1.1499757,-3.4008427,-2.4404314,2.2088656,2.3786821,3.4047174,5.1751614,1.3144894,1.9963709,0.17177367,0.21022747,0.29659146,0.9729823,0.039959226,-3.4722977,-0.81694025,-0.06178927,-1.4149873,-0.0045356415,0.7609302,-0.15335785,-3.7406902,-0.4047245,1.5994899,0.8347307,-0.8188013,1.6796536,-0.46406546,-0.37401325,0.11160691,-0.26648018,0.17066759,0.33879754,-1.6375451,3.138157,4.9733253,0.9846496,0.5034098,0.41025573,4.1042843
TCGA-AB-2976-03,2.30554,4.966565,1.4176298,0.71541536,1.3117726,0.39016765,1.4645584,4.9541855,1.3602839,-5.7763247,1.0705996,1.6295743,-0.6688247,2.252811,-0.12466815,-0.017169321,-1.5082955,3.4545064,3.0368383,0.61666995,0.84662324,0.85057706,0.38651904,1.7389406,-3.4118154,-0.37746412,-1.4556364,-0.26740372,1.880429,0.17999886,0.6651589,2.923477,1.7514219,-1.6434,-0.43922314,-1.3498236,1.0104289,-1.2548769,0.030137021,-0.08108798,-1.4587241,0.35479838,2.9279313,-0.12208491,-2.068588,-4.655271,1.9148128,2.5830042,2.3001182,1.4260287
TCGA-AB-2977-03,-1.8347079,0.7853413,1.1921413,-0.17361633,-0.27040064,0.3095665,-4.0917344,2.052876,-1.3624029,2.7518485,0.035090223,0.13754934,0.07458885,0.17151617,-2.024002,1.105011,4.5247607,2.1272519,-3.186002,-0.94228727,1.6195276,-0.60573256,-2.1902301,-0.36646914,-2.7713947,0.54884756,0.13326451,0.57364553,-1.105419,1.1924465,-0.13891737,-5.1552706,3.4015563,2.551387,0.8572953,-1.3788428,1.9103869,1.215092,1.4787506,0.7729055,-0.54244995,0.4285985,1.4301486,-1.6105826,-0.3853405,4.0920925,-5.66753,-1.0814131,1.9382551,3.7719784
TCGA-AB-2869-03,4.7727423,0.29970023,1.2274891,1.6049808,1.6231558,-1.7783611,-0.32585576,0.60358125,-0.31737152,-5.8716154,-1.7238337,2.229019,-1.1426624,2.510898,-3.4653983,1.2931991,0.1295092,1.4123627,0.2567167,-1.3095922,0.48998842,-0.2641231,-0.44016758,2.7059748,-0.8266937,0.28226644,1.8298814,2.1556337,1.9267099,0.0862242,1.8090271,-0.5420918,4.6675763,0.6397362,1.3073022,-1.1541661,-1.0740011,-3.2288885,-1.2705971,-0.09893637,-1.8183272,0.7368103,2.2357848,0.52443117,-1.0515306,-0.0940196,-1.7840317,1.0088027,1.457981,2.0130122
TCGA-AB-2838-03,-4.537988,1.0422703,-0.5763269,-2.9304574,1.5095402,-0.06685252,-1.2428484,0.28049755,-1.8010912,5.78875,-1.091414,0.62926483,1.2132071,-1.4567472,-1.6547924,-0.9597994,-1.751238,-2.5376494,1.9486527,-0.42654982,4.243604,-0.80672526,-2.136563,-1.238925,-2.0276337,-1.1069666,-3.0959039,-0.029941315,3.4897459,0.13630809,0.08766216,2.9028022,-2.0237026,-0.68798137,0.54467404,1.6231258,-0.120309554,-1.992471,1.0400962,-0.3856337,-2.3032162,1.3523033,-1.0307292,-0.6245629,-2.6075752,-0.9746917,-1.4032223,0.27326757,1.3162702,3.453503
TCGA-AB-2830-03,2.6712155,-0.8624129,-0.2759031,2.1578686,-0.9640918,-0.55688894,2.0189953,-2.7229626,0.6865342,-2.7938876,-1.5153939,2.370239,-0.3095936,-2.5994859,-1.4584144,1.3317773,-2.69302,-1.0107927,-0.27169663,-0.9682698,-0.28991142,0.0011669453,-1.7709316,-1.1709722,2.4459655,-0.5417261,1.8412067,3.2072952,0.54397225,-0.63485444,-0.24664767,-1.5567974,-1.1555741,2.4545293,1.4677739,0.20214611,-1.3341186,-1.8346777,1.6879933,-0.5565583,-2.040023,0.8128556,-2.2941377,-0.7538682,1.4521694,6.3906665,-2.4624767,-0.0906312,0.45343482,0.4867621
TCGA-AB-2884-03,0.5620468,0.6607424,-0.31550965,-1.1758355,2.8538275,0.5322604,0.22400421,-2.5394228,-3.6062064,-1.398183,-0.65843374,-2.2824311,-1.233426,0.4100427,2.3555295,3.7790563,0.73796463,0.6457263,0.21060674,0.13555016,0.5821227,-0.45988232,-2.2069924,-2.1413877,-1.0313269,-0.80140424,3.2512643,1.3455318,0.43364507,-0.21316314,-2.7839775,-4.3905225,-0.9935214,-0.670045,2.1349185,-0.9924577,-0.70105076,0.44074538,1.5854224,-0.3408982,-1.1537321,0.83186096,0.72689587,-1.4617795,2.5675778,3.8728116,-0.95138454,2.5168483,-1.745921,4.546552
TCGA-AB-3001-03,-1.2991863,-3.2838516,0.010939351,-0.057272263,1.2167795,2.4759836,-1.8551084,0.29262877,-0.33363953,-0.92127216,-1.4762716,-0.4082272,-2.663918,2.7502413,-0.91411746,1.4934875,-3.016782,1.644483,-1.1145767,2.2407994,2.6160996,0.053360447,-0.6459123,-0.16296116,0.86466837,5.0015264,2.7146437,0.18213841,1.7758641,-3.1863296,1.7223957,2.1896708,-0.35965836,4.0316896,-5.763599,2.707452,-3.8423934,0.40309855,1.2674253,-0.11793167,4.3998904,-3.3422093,1.0986367,5.4028378,0.7993326,0.6609605,0.9974568,-0.52103055,0.8059855,-1.9477193
TCGA-AB-2955-03,-2.9140038,-4.4210687,0.27181837,-0.08535099,-3.8283937,-1.6477491,0.71521705,-0.66222316,-4.039543,0.041069992,1.076533,-0.58727384,0.56833774,1.1640643,1.5721297,0.96519524,-0.4819492,-3.582074,0.9251352,-1.1999378,-2.7158966,2.3464293,6.432393,-0.27805346,-0.46817085,-0.24755505,2.1125028,-1.0840398,-0.6739471,-0.96625876,-0.7310583,-0.80463046,4.894498,-1.2840021,-0.33721069,0.22886004,0.7803967,-0.4493976,-3.3887208,-0.30928954,-0.3864943,0.14747126,0.25541803,0.9244763,-1.9382069,0.77800876,-0.7506168,0.98142165,1.9295219,0.7119102
TCGA-AB-3011-03,2.8838916,3.1914852,1.4710866,-0.16483095,3.5855918,-0.29679802,0.29066646,1.5154021,-1.2539916,-4.923127,1.2523052,2.4354253,-1.1716533,-0.27040634,-0.22238688,0.37421075,1.7115073,1.9826012,-1.263876,1.6880333,-0.06805931,0.7767159,-0.67872447,-1.1822208,-3.0383937,0.27445436,-4.1286736,0.5003754,-3.5060995,1.1104101,-2.1182325,-0.35207665,0.5121143,2.6963155,0.69713277,-1.1390837,1.9718097,0.90094924,-1.3695424,0.59895146,-2.1004999,0.9590753,0.285676,-0.39489168,0.16855517,-1.7011545,1.4142184,1.1412394,0.062492177,0.31796438
TCGA-AB-2820-03,-3.8766477,-0.47454953,-0.6572291,-2.1118968,-4.9879994,0.38052556,3.1586425,-2.5741453,-0.47252333,0.6539702,-0.9972709,2.1692352,0.6594841,-2.7903273,0.6067596,0.9384763,2.1689272,-2.3468509,-0.14709286,-0.6442956,-1.1693536,-1.3698741,0.93720746,2.355541,0.7272553,-2.9526808,-1.6741341,-1.7022156,-1.0206965,1.9826515,-0.1638756,0.53011644,1.0519681,-2.3138697,0.89338505,-0.58994,1.2843449,-1.6770005,2.974222,0.34373108,-2.1024084,0.5767168,2.3783298,0.5426691,-1.4822959,1.2058563,-0.47361326,-1.9362752,1.7022932,-1.4152217
TCGA-AB-2942-03,2.608854,-3.4233081,-0.92692953,-1.5429165,0.3139103,-0.48112193,3.9499657,-0.88941467,0.73282605,4.5636578,0.3789071,-3.0655177,1.7154751,-2.5271025,-0.44262484,-0.46560633,-0.91491985,2.7113285,-1.1867961,-0.019736394,-1.6270047,-0.22531037,0.5075415,-1.9403359,1.9661514,-2.8053124,-2.113863,-3.1445909,-1.0953063,-0.1859472,1.2296602,-4.6685357,-1.3293688,-1.3922764,0.22904518,-0.52094287,1.5026531,-2.6394758,0.73186755,-1.3107774,1.1337095,0.844448,-1.6636815,-0.05703143,3.298774,0.901147,-1.2333792,-3.3191576,4.876542,-1.7534405
TCGA-AB-2854-03,-1.821401,-0.6961977,-1.3909377,1.8215045,-5.1647286,0.15638226,-0.35624492,-1.9640282,1.7417214,-0.74783933,0.14447995,-1.2602379,1.421147,-0.2278274,2.042287,-0.43754995,-1.5846622,-7.0051713,0.86546904,-1.530845,2.8470135,-1.057234,-0.34814337,0.5922643,1.7720698,-0.70682836,-0.96160376,1.642243,0.3267938,-1.4090549,2.322529,-2.5443053,-2.1198177,1.8855836,2.3689208,1.621596,-0.5989332,3.2121098,-0.07621619,-0.78270423,0.89400274,1.0041368,-1.3492966,-0.64588434,-0.61374503,4.6067176,-2.523,0.29376715,0.79026365,-0.8258092
TCGA-AB-2949-03,-1.339125,0.026283795,-0.3854748,-1.1344494,-2.9496608,-1.0192282,4.041786,-0.484348,2.7755897,5.1612463,-1.0178088,3.745001,1.2539297,-0.91844255,0.8077776,-2.0604491,-2.0476384,0.9500017,-2.7783878,0.89686537,-0.27042645,-1.8998902,0.92160594,0.87927943,4.0854583,-3.3725379,-2.239635,-2.0416112,0.021541744,1.2332203,1.6689457,2.6196892,0.103333704,-2.0482278,0.71832985,-0.40366247,0.5117795,-0.24152674,0.8168883,-0.3581819,-5.9071674,-0.2518317,-2.0830119,1.4624621,-0.026568493,0.26987103,0.057215843,0.10783288,2.1679487,-0.85520923
TCGA-AB-2992-03,2.6211119,-0.35692784,1.686596,-0.8225702,-0.8880677,-1.4638155,-2.0306644,-3.4461024,-0.11459684,0.6539758,-1.6616105,-0.96857554,0.013659112,-1.3428986,0.14956146,-0.50552636,-1.1809324,-2.5586693,1.1245301,0.6671254,4.841351,-0.60658896,-1.850391,-1.2608007,2.8716316,0.20220317,3.7857985,0.34481385,0.29176798,0.121529214,0.563817,-0.9826519,-4.494022,2.3241892,1.3972676,-1.5175649,-0.87719643,2.6159966,1.1311737,-0.21499605,-0.5506006,0.706973,-0.3866389,0.36822525,1.0937569,5.663985,-4.1107078,-0.039611638,-1.7642558,1.4147668
TCGA-AB-2950-03,1.3540653,-2.7279313,-1.2976468,1.5983901,-0.188719,1.0728649,3.4183607,-0.44624138,3.8111176,-0.35212275,-0.19409238,-1.6871362,2.2355554,2.9653454,-4.350184,-0.100050636,-3.1355975,2.2893338,0.561297,-1.294315,-1.267754,0.6586916,2.1007323,4.012511,3.3190308,-1.8470329,1.0509983,-0.94614524,-1.5093107,0.08425411,2.6228251,1.3413349,-2.074324,0.7540557,0.22149098,2.0001028,1.0815545,-0.5071444,2.216285,-0.6578048,1.567169,0.6176784,-1.411016,-0.31536567,-0.42601326,-2.1535683,1.7970544,-2.8430948,2.3563142,-4.4750648
TCGA-AB-2927-03,1.2644289,-4.0577044,-0.51908356,1.9037657,-0.39098552,0.9682291,1.6492348,0.08469089,2.812083,4.1914787,-0.5589915,-1.2400035,1.6670915,3.4232144,1.2505413,-0.26744476,-2.634951,-3.0353415,-2.056759,-0.709039,-0.6119427,-0.053091228,-4.153162,2.53694,-1.2777468,-0.5687839,1.7965524,-0.039305054,-1.8404915,0.398542,2.3784783,-1.8351547,-6.889053,2.0346742,0.02832617,1.9554292,-0.020892475,-1.4319365,2.1326823,-1.0316418,-2.3149211,0.68089676,-5.4070945,-0.6102361,-0.4424588,6.296195,-2.097207,-1.5802939,1.4864706,0.835471
TCGA-AB-2925-03,5.442852,1.9561931,-0.62196255,1.0338866,1.9995509,1.5647808,3.916773,0.94224066,0.41857374,-1.0866408,1.4358423,-1.5248573,-0.24208862,2.1794589,1.0054114,0.54930884,-1.2968974,3.8088517,-0.6851843,0.2164854,-0.7525581,-0.631158,-4.8686423,-0.27628127,0.67696005,-0.47153646,-0.0709367,0.30866125,-0.42787158,-0.23978588,-0.26157612,1.9143574,-3.752463,1.2293686,0.9394292,-0.13318688,-0.80523103,0.25763056,0.09765527,-0.7672585,-1.4570402,0.681593,0.57520896,-2.0551023,0.5523172,-1.1050373,5.391501,0.9074923,-1.663649,-1.3446239
TCGA-AB-2833-03,-0.04646725,-0.25263098,-1.8711067,1.2375664,-3.0128465,1.3721564,4.0140586,-1.3004947,0.959647,4.7094407,0.47409436,-4.6286006,0.29817897,-1.363423,4.419307,2.7230802,0.016376015,-2.358085,-2.7998703,-0.5932149,-0.57636917,-0.573352,-1.6114159,-0.6534249,0.24386726,-3.5640395,-0.83979344,-1.7801332,1.3823805,0.8960164,-2.5510216,-2.6066794,-5.9646215,-5.497619,2.472615,0.8589299,1.0129356,-1.4585545,1.8287147,-0.5063787,2.2673173,0.798604,-1.9388185,-0.35982525,0.5809682,-1.4695923,1.7448355,-1.2786516,-0.10852525,-4.2685843
TCGA-AB-2844-03,-3.8690853,2.0659459,-1.0351824,1.9098482,-2.392727,-0.6400053,-0.56334156,1.5004765,1.5313556,-3.1425195,1.9350119,0.8154161,-0.23668486,-0.62505597,0.611733,1.0164347,-1.1340421,2.6133611,-1.0950112,-0.862174,1.5851531,-0.09239348,-0.30110925,-0.7212206,-1.2124753,-1.6451279,-4.328807,-1.5606718,0.6667562,-0.82682115,0.8565746,-0.58342457,-0.13640888,0.6612178,0.685593,0.62493646,-0.15326127,0.025077065,-1.6640438,0.04090642,-0.5656063,1.8898201,1.8605773,-1.316487,0.008805613,-6.4857836,0.9992142,0.10047422,3.437654,-0.21807785
TCGA-AB-2873-03,5.4807405,1.2716243,-0.4755007,1.5684291,-0.37228757,0.8971725,1.0927602,-0.5388744,-1.037247,-1.1414977,0.109668195,-2.1784325,0.3304098,-2.3133514,2.0800803,0.61186856,-1.8837905,-3.978754,1.1258398,0.24817105,2.1126013,-1.1271156,-5.2471104,-0.92815614,3.2646585,0.27659807,2.3819478,1.7865746,0.6117829,-0.04028809,-0.32509422,-1.8341595,-7.740234,1.2409476,1.3324776,0.27557024,-0.19504033,0.09519155,1.9614888,-0.99926156,-1.8598455,0.3516723,-0.17685328,-1.7439955,1.2657936,4.1675453,-1.5616119,2.6575642,-2.2540693,0.40572527
TCGA-AB-2888-03,-0.13523595,0.267443,-1.271798,-3.341809,-4.227904,-0.15663397,1.8334211,-0.78448963,1.0825114,5.5220485,0.21546835,-2.212574,0.024590654,-5.346924,1.8583208,-0.13665012,0.04586451,-2.5358813,0.6869985,0.51646376,1.3773664,0.17619972,-3.6970143,-2.2279112,0.11967943,-1.8538195,-2.7085347,-1.2643869,0.46137834,-1.1302047,-1.3484086,-4.9163303,-5.0461297,-1.4182508,0.94958997,0.29127955,-0.268727,-1.5130357,0.34801045,-2.2147293,1.3416466,0.98904735,-2.0890617,-0.3639582,-0.50445086,-2.8806832,3.1000428,-1.1937588,3.1891837,-2.732046
TCGA-AB-2903-03,0.9350275,1.9898748,0.52523136,1.0275686,0.2270225,-0.063380554,-3.888878,2.578022,-5.7478876,-1.6979322,1.5556393,-0.48505422,-2.3345263,1.8143747,-1.5298494,-0.20899466,2.8368535,1.9897437,0.81821597,3.1735091,2.841344,0.53702,-1.5574062,2.691136,-2.514383,-0.36367854,3.5501883,0.15566844,-4.0088706,1.6956604,-0.2850936,0.14607577,4.953287,2.7964644,0.79773915,-0.5203491,1.5009006,-0.45619556,-1.0199858,0.6775545,-5.4657717,2.2338672,0.028350458,-0.11885062,-1.8678535,2.0492513,-4.5030937,3.5517037,-2.525545,0.86386704
TCGA-AB-2999-03,-2.0517516,0.28147215,-0.55477834,-2.898965,1.6012964,1.4555805,0.03154839,-0.11678554,-3.592732,1.2638558,-0.66263914,-0.58531857,-2.5979333,-2.3072836,-3.3839924,0.4182134,-0.003967637,3.9109836,-3.049192,2.7705603,2.6775548,0.8037838,-1.966738,-1.1464142,1.5967889,3.9534578,1.9184177,0.891386,1.471279,-3.3872857,0.49023476,5.4742575,2.9841337,6.107038,-5.9313016,2.212076,-2.5529482,0.07964372,0.52767783,0.19576414,2.2872736,-2.5727265,0.5873003,4.5469093,2.6389585,-2.044464,6.361537,1.7972863,-0.54216045,-2.305245
TCGA-AB-2848-03,-1.9728953,0.7196638,0.98900217,-3.0358856,2.7287114,0.7446059,-1.7625545,3.7991698,-3.365224,-1.1980187,1.4359359,-0.83183813,-1.614794,3.1710718,0.72649425,7.486902e-06,3.8501365,-0.18416978,-1.0975417,0.54608303,3.4403467,0.4179834,-4.511528,-1.4512424,-2.3004818,0.30486104,1.8253567,-0.5059835,-3.1793752,1.2225164,-0.7613515,-0.7953248,-1.9260727,2.146123,2.2271435,-1.5974649,1.0679866,3.4861484,1.2850629,-0.044441104,-4.3167524,1.1625607,1.1222641,-0.4587516,-1.6554526,-3.3251905,0.6600528,3.9240043,-0.4643998,0.15318651
TCGA-AB-2847-03,-3.674299,-1.7187128,-0.39249822,-1.2611934,-3.3233495,-0.64886516,-2.2773554,-0.65918785,2.5963254,3.8509574,-1.570606,0.2794958,0.8572274,-3.2328792,-2.988019,-3.6237319,-0.8422972,-2.1556573,-3.5743117,-0.2673834,1.0346782,-0.054580458,-4.171374,5.462297,2.351492,0.4991154,-2.654266,2.1530948,-0.2651933,-0.45007476,1.0143951,-0.58311427,-0.12064135,-0.28953448,-0.32108656,0.9467672,-0.7884272,-0.31580135,2.754167,-1.7436773,-1.1847552,0.6661205,-2.4885,0.10248042,-1.5078576,0.2713741,1.3649814,2.4068651,0.24108909,-0.32440838
TCGA-AB-2934-03,1.2716527,1.8555071,-0.045794122,-2.4393065,-1.4942685,-0.73497975,0.2989889,2.8488827,-1.6121583,3.9585662,-0.6974305,1.6902093,-0.9594635,-5.032015,0.7908022,-2.10286,0.0413895,-3.7820742,-1.8570276,-1.1488644,-0.5371568,0.73386484,-1.588512,-0.85129017,2.053568,-2.7417934,0.14023194,0.6494037,-0.9240105,-1.1227709,-0.6773889,-2.322729,-2.0594177,-2.2598405,1.123228,0.08035414,-0.16899528,-0.8169697,0.48559976,0.21157809,-1.835041,1.0001189,0.048061203,-0.99678135,-1.0715516,-0.6373496,-0.23620217,0.14963561,-0.13298163,0.64460593
TCGA-AB-2875-03,-2.5833323,-1.688772,-1.2864447,-1.6545061,-2.7959018,-0.6470751,1.8340628,-3.810279,2.1962664,3.075481,-0.801414,-3.1016507,0.8940947,-0.35098913,-4.471836,-1.3428973,-0.21428478,0.23976597,-2.162808,0.5141831,-1.499931,-0.21411657,-0.46090162,0.5017203,0.8667823,-2.4893835,-1.7745401,-1.9687072,1.3179893,1.0993205,1.922,-1.9520608,2.2748237,0.104949296,-0.14799634,-0.29153603,1.350959,-0.76444834,0.058841653,-0.7415078,-0.37909803,1.2591085,-1.8179226,-0.27320412,-0.93528134,-1.8803817,3.5342188,-3.1817336,3.33546,-1.8574983
TCGA-AB-2815-03,0.8237696,1.1806055,-1.106602,-4.6796336,-1.0902927,0.29685384,3.9688406,-1.4192381,2.4570842,4.742061,0.53262174,-2.852396,1.7793503,-6.393843,0.4198804,-1.7622417,-1.9642769,1.7232904,0.60120434,-0.9311948,-0.37703025,1.0764443,0.1921476,-0.4233607,0.6318193,-1.4128445,-5.037048,-3.5725272,0.5122399,0.008950316,0.5715929,-0.12669459,-6.721247,-0.19219483,0.21026601,1.4482884,1.6047353,-1.2788036,0.6312729,-0.21581805,1.8547677,0.56611794,-1.0422909,-1.2677337,0.79856974,-2.1989655,3.5006309,-1.8604491,4.6234155,-1.3449179
TCGA-AB-2971-03,3.476975,1.8281574,0.33040905,1.2630494,0.2945153,0.44384363,2.588881,1.658991,-4.085486,2.0994184,1.8288009,-2.3871164,-1.1165606,-1.0006818,0.34522176,0.72015864,-0.3531449,0.16840792,1.018877,2.027274,4.550146,0.54152995,-4.1925025,-0.64613855,0.9342227,-0.5061641,4.39315,2.2089653,-4.2365646,1.1720271,1.0904484,-3.7153172,-0.62946975,4.151705,1.5032806,-0.8108583,0.2121946,-0.12725341,1.972116,-0.12724873,-4.584302,2.12995,-1.1243224,-0.23135674,0.7081386,3.193804,-3.3280203,1.67939,-1.1130432,0.13345104
TCGA-AB-2988-03,1.9662665,-0.1207152,0.48971674,0.5770666,2.7147775,-1.1142294,1.0485423,-2.3488958,0.37544975,-5.556775,0.42430356,2.4146304,0.5990627,3.5330687,1.4944913,2.9979477,0.3533228,3.5715775,1.2333484,-0.9831542,-1.1049017,-0.57469517,1.4210685,-0.34187114,-1.5950313,-0.89089996,0.30606607,0.5458855,0.82333237,0.363566,-0.79907894,0.8190028,3.5115125,-1.4024398,1.1140956,-1.7478822,-0.09303878,-2.989479,-2.249699,0.62189335,-3.0302215,-0.38704678,2.897356,0.48805845,2.0407786,4.2524333,-0.36938718,-0.8781983,1.7846167,1.9386251
TCGA-AB-2808-03,-5.8592253,0.069909096,-0.5986274,-1.5839248,-1.9847858,-0.8319675,0.26381224,-2.4959683,0.37463284,4.1874576,0.39561093,-1.5122019,1.4355425,-0.27686343,0.54445356,0.48574582,1.299339,-2.4961193,2.347263,-0.91590035,1.0766605,0.11595835,0.73720574,-1.9233768,-0.75222194,-0.6415513,-1.3454685,-1.3103509,3.4018056,-1.6620733,0.9166233,1.4569657,-2.9548988,-0.9394372,0.36283442,0.1474827,0.38376486,-1.9566727,-0.37908173,-1.4820769,2.88225,0.5895902,1.0066091,-0.25563303,0.07534495,-3.2193375,3.040353,-1.8693786,0.62210095,0.7737247
TCGA-AB-2986-03,0.49685946,2.9044363,0.8338921,3.7719398,2.040991,-1.9424174,-1.1100391,0.88924956,-2.0546758,-4.591378,0.07255026,2.6054265,-0.6780204,4.4382267,-3.836801,3.1089063,3.165626,3.4741027,-0.021210458,-0.35417187,-1.8907723,-0.10236851,-1.283957,-0.024180794,-3.1952887,-1.2094055,-0.6516556,1.938568,1.4494157,-0.7255192,0.6498813,-0.97436064,5.980283,2.158078,1.7141759,-2.5279346,-0.4378274,-1.8133762,-2.113375,0.7254562,-0.35610428,0.83582294,2.678987,-0.03237347,0.1319239,-1.367487,-2.361799,0.41272816,-0.56609297,3.2690003
TCGA-AB-2839-03,0.008582514,-1.3497521,1.3742143,1.6368117,0.74449867,-0.9512271,0.111418515,2.5513134,-1.347502,-4.8091283,1.0399731,0.914092,-0.117862456,5.134449,-1.3769673,0.69076437,0.26254243,2.9490705,0.33506697,0.9326023,-1.5868331,-0.09116601,3.3801877,-0.6078756,-2.8517342,-0.87734747,-0.1892772,-0.4255255,0.8656691,0.55939054,0.13791575,0.785568,3.1009672,-2.556168,0.5532063,-1.4556539,0.50515085,-2.7009752,-3.9394603,0.0024027247,-0.52376235,1.0184587,-0.046427935,-1.160507,-0.2845022,-2.014917,1.7017434,0.05038648,1.392003,1.9592282
TCGA-AB-2911-03,-0.88928443,0.20615588,-0.7651178,0.666819,-1.7714713,0.0221778,-0.73339635,0.07634653,-1.4844561,1.5098907,2.3671725,-3.967861,-0.28203157,3.0529017,-2.097267,-0.7831559,3.1713588,0.67765164,2.044173,-0.7391004,3.5708745,0.5471556,-2.0115654,-3.777407,-0.66401577,-1.3194003,0.49636906,-1.9541816,-0.962538,1.0908022,1.82808,-1.814835,-4.3010297,0.30961415,2.2002482,-0.7799648,0.65556234,-1.6430535,-3.429192,0.32271397,-0.99608374,1.7051846,1.7979847,-0.26564857,2.8012316,-2.3412228,-1.9134159,-2.6265657,1.2494525,-1.8608646
TCGA-AB-2856-03,-7.411696,1.3830712,-0.4716744,-0.12819642,-1.7125531,0.43928,-1.9355521,-2.6646051,2.518548,0.20591538,1.8506018,0.3622024,1.1169525,1.0132719,-0.20931137,-0.97680455,-0.26313677,1.0239985,-2.0328028,1.322052,-1.0327656,-0.9151031,-1.9809858,-1.8311005,-3.8801422,-0.9365635,-4.5437765,0.6915472,1.2833726,-0.046226833,0.14000852,-0.79079807,-0.43789762,-0.037776276,0.58757156,-0.14265023,-0.37938684,-0.7218221,0.090022035,-0.34187558,2.5143497,1.5589937,2.5637608,-1.1754519,-1.0457237,-5.480689,0.09439825,-0.4807645,3.2332234,0.030440375
TCGA-AB-2823-03,-0.25682464,-4.402895,-1.4836783,-0.42709082,3.239986,3.3679667,-1.6669858,0.7655775,-1.3199213,-0.52978015,-1.4143074,-0.42174673,-3.487161,3.1696944,-2.3445513,2.8148062,-1.3256285,5.3455796,-2.6993952,3.5506854,4.0601177,1.2602851,1.4556389,0.24285781,2.8594787,4.3962617,1.1766028,-2.3815124,2.3105423,-4.4162273,2.2223582,2.9577994,4.1373887,1.2803946,-8.237027,3.1217961,-2.8156874,-0.5541831,-0.250034,1.5565252,1.9268931,-3.3335488,2.0248816,5.902784,3.7240295,-1.4634141,1.5888047,0.14927901,2.5386202,-3.7347288
TCGA-AB-2901-03,-0.7039542,5.0963383,-0.82055265,-3.8061342,-0.85924816,-2.1671093,-4.8776593,0.821122,-1.4251971,2.19023,-1.0401087,0.41803977,1.2017106,-8.097393,0.37629014,-3.3971946,2.0724995,0.78699577,-0.17466098,-1.0580375,-3.2347937,0.52949023,-1.8207662,-0.074720964,1.4869878,-0.94310206,-2.2596064,-1.5026313,2.6102767,0.760446,-1.6480925,0.16815951,3.1541884,-3.3378177,0.39692423,1.414156,0.48569107,0.31177852,1.7271825,-0.4567687,0.217528,1.2487859,1.6502275,-0.5558118,-2.6624472,-0.15432279,-3.1956549,-0.76835185,0.78746337,3.7047868
TCGA-AB-2985-03,2.2639942,0.38343337,0.14263406,1.8531004,0.5443857,-0.07328993,3.696609,-3.1894565,-0.059631884,2.3284757,0.33514702,-4.519964,0.815854,3.0205374,0.5142887,-0.09825785,-0.8509265,-0.8515396,-0.1128934,-0.48873743,3.6439264,-0.4797754,-2.887393,-1.6845789,-1.0840393,1.1950381,1.8539182,0.70297956,0.2051266,0.12165311,0.23478206,-1.2856507,-7.1310496,-0.47191465,0.49267098,-0.0075802794,0.50398576,0.9336177,-1.0930898,-1.0196471,1.9469963,-0.042566314,0.82603794,-2.1665795,3.3778915,0.6400729,-2.3500473,-2.4885323,-1.615549,-2.2000782
TCGA-AB-2954-03,2.2365582,-4.9312596,-0.46917543,0.9491292,-1.9941611,-1.6299489,3.7900774,-1.301133,2.949969,3.0655487,-1.4781598,-4.292908,1.4003837,2.4010699,-1.222563,-1.3854829,1.2366127,2.07362,-0.10089123,-0.24334756,-0.69056565,0.37226018,-0.24016277,-0.35847995,-0.98055595,-1.251878,-0.5185138,-3.0056264,0.7071545,0.5236909,2.7665596,-1.7272066,-2.8713703,-1.7303728,0.3160411,0.20177905,1.9173552,0.93503886,0.12439817,-1.0127244,1.9201244,1.1074475,-1.4406106,-0.8553504,0.61550736,-1.8033434,2.2960303,-3.596881,2.0045245,-1.2697057
TCGA-AB-2917-03,-2.0416958,-1.4596765,0.5278102,0.22086208,-2.717546,-1.1464921,0.19418743,-0.5199761,-2.298199,3.7270255,-1.0549693,-2.5528243,0.3120976,2.55199,-0.5662955,0.21890347,-4.423068,-3.947813,0.9905099,-1.0168749,1.7976232,-1.3511378,-0.81704015,2.2838926,0.05748281,0.6077173,0.051920876,-0.95174295,0.1021402,-1.3046147,0.25450513,-0.94112724,4.439387,-3.412305,0.62711924,0.16346784,-1.0957112,-1.5832217,-1.4834818,-1.824995,-2.9425058,0.58231014,-2.4834273,1.2071409,-1.5644029,2.277597,-4.059929,1.0180475,0.30047017,1.0882332
TCGA-AB-2895-03,5.935502,-2.1687286,1.5661386,2.8878458,2.7097638,-1.5883816,3.3806922,0.72515696,-1.3644192,-5.395524,-1.2860372,5.259462,-0.29365116,3.4989183,-0.79977804,0.7534353,-2.9263742,3.0733187,-0.17423014,0.7855781,1.5955645,-0.003085155,1.2242821,3.8429267,0.5910366,-1.13424,2.471288,0.0048299804,1.042927,0.13099438,0.7668711,1.7849197,3.3578162,-0.033821866,0.06583144,-0.6756753,-0.7137412,-2.1509056,-3.2977505,-0.12589616,-3.7974079,1.1948466,3.371292,1.2403471,0.5510817,0.99765307,3.306111,1.3015263,-1.8375247,-1.2146997
TCGA-AB-2811-03,3.9533956,1.0231456,0.2718874,-1.4747418,2.0563698,-0.08814739,6.6404667,0.7589382,-0.96441936,0.51144797,-1.4077117,-0.1473163,-1.3929337,-0.94459224,2.8472104,1.2709574,5.6099744,1.9372432,-4.6045346,0.25837564,0.2259815,-0.527527,-7.250274,-0.3947457,-2.7437258,-0.93737733,-0.51816297,-2.5742466,-1.5917164,-0.43673065,-2.38956,-1.1018102,0.39224273,0.4874353,2.074433,-1.4711665,-0.86371946,0.39503342,-1.4374536,-0.55478,-2.3440433,0.62892306,3.1832125,-1.9291503,-2.2875063,-5.6875553,3.9968581,-1.6267523,-0.16168503,-1.0562279
TCGA-AB-2913-03,-3.9023073,3.0194921,2.630477,-0.6166779,0.40786225,-1.5099512,-2.4893909,4.096769,-0.78322566,-5.367361,0.42034072,2.7802808,-0.7450275,3.5569403,-0.3601844,2.042517,-0.29500192,3.6211088,1.1995043,0.8049442,-0.9711315,-0.2707889,3.528758,3.2711337,-5.4276843,-0.8504739,-2.638344,0.13269399,-0.8719862,-0.34425968,0.5880705,3.5642421,1.8525292,-0.931066,1.0628176,-0.80970865,0.74454254,-1.9051211,-1.4547975,0.5979445,-3.0515468,1.4292443,0.114464805,0.49797237,-3.3722236,-3.9199433,-0.6523684,4.2417397,3.659968,2.3687425
TCGA-AB-2904-03,-1.7791429,1.8469299,-0.5442252,0.3172042,-3.594761,-0.70515656,-1.5432492,-0.61118567,0.1960806,-0.15550968,0.53649724,5.016191,0.17295489,-4.2820396,-0.43341747,-0.5670827,-1.7234422,-0.7672319,0.043721773,-1.0920004,2.602757,0.71271056,2.3110924,-1.8924041,2.0934567,-1.3043363,-2.3051424,1.3744259,2.0676286,-0.9483532,-0.42174968,1.5117582,1.953225,-2.4917393,1.6932163,2.1338375,-1.6271771,-4.033898,-1.9381603,-0.8071453,-2.853913,1.5334212,-1.5059823,0.57746905,-3.2874138,-0.42106444,-2.0307078,0.9919137,0.9381,0.35765427
TCGA-AB-2832-03,2.809551,-0.1111334,-0.0033881795,2.2518253,-0.4524231,-0.12871438,4.7781034,-2.4889963,-2.6339173,1.6647666,1.1141293,-1.2103474,-1.701593,1.8535029,2.3339784,-1.2760717,-2.5821428,1.624828,-4.411225,0.60786974,-0.012343701,-0.8895365,-1.6157784,0.07128002,0.66746336,-1.0902828,3.709832,-0.5808134,-7.5233145,0.4296829,-1.750908,-1.7982044,1.463726,0.6221153,2.5163252,1.152949,0.01556631,4.696307,-0.15973903,-1.7937809,-1.3895122,1.55051,1.6381996,-0.8121136,0.9261694,0.08907949,0.30089524,-2.2128725,-4.4646997,-3.3762755
TCGA-AB-2956-03,1.0776144,0.37376878,-0.25269672,-1.2708442,-0.46858698,0.6923227,1.1711853,0.32384238,-0.5417094,2.768187,-0.46060812,-3.1621814,-0.8044032,-2.8641493,2.43941,-1.6130886,-0.9444572,0.8422919,0.6709533,-0.9017902,2.5841942,0.152295,-4.6372905,0.18821704,-0.6642041,0.18675503,1.3018264,2.5908175,-3.3128185,0.68441075,-3.6228852,1.1270666,-3.5670342,0.9395931,1.2445369,-0.12789236,0.6031086,2.82272,3.5761309,-1.8603622,-4.52792,-0.47668043,-0.2683789,-1.6446061,-1.0513359,-0.37275296,1.4993238,0.046330277,-1.6203386,-5.0917716
TCGA-AB-2979-03,-3.2104614,-3.4172957,-0.19656247,1.2245929,-2.9857252,-1.4644464,0.29591167,-4.499272,1.3438132,-0.15119684,0.78169334,0.761414,0.4754787,3.5851417,0.42717627,2.95363,0.46800682,-2.2929916,-2.6003985,-2.825679,-2.9949355,0.56902295,1.0088357,-3.5812182,-0.11651582,0.43696392,1.8416045,-0.7292517,0.24738637,-1.8759367,2.958151,-0.64563286,-0.50694454,1.2352539,1.90121,0.2946703,0.031111158,-1.0454514,-2.2213454,-1.0225024,4.4047246,0.08684012,2.0387108,0.5562989,-0.10905078,2.278179,-1.6062812,-4.0382714,1.4517964,3.0241015
TCGA-AB-2881-03,3.051785,-1.8096635,-1.8348899,-1.1635295,-1.252483,-0.28207234,4.549234,-3.039248,2.5275738,3.1992679,0.065245345,-2.1410441,1.1260096,-1.9937745,-1.3930659,-0.32793492,-1.5800716,0.6591503,-0.9795189,-0.39236164,-0.6607159,0.44867566,0.05613688,-0.60494334,5.101307,-3.5182228,-1.8576494,-1.3447423,0.89942825,-0.07045611,-0.6603184,-4.3593884,-2.2946515,-0.68690366,0.80594057,0.6361204,0.8315159,0.5214926,0.3649846,0.024036499,1.2744629,1.4377451,-2.657789,0.25827453,2.476789,-0.14057311,-0.5425356,-1.6027888,1.8544568,-0.5374467
TCGA-AB-2941-03,4.1871576,3.5338547,-1.0445536,-1.8058287,0.83869034,2.1456838,1.2998414,-2.0807228,-1.0337131,4.142546,-0.5847483,-0.3392023,-0.87541467,-3.2810159,-1.4558216,0.5478121,1.8948917,-2.101153,0.74283886,0.20057243,0.462935,-1.6662103,-5.291747,3.2969565,1.5540113,0.17543261,0.90779555,0.37359703,0.39766794,-0.2748912,2.025713,2.2332368,-2.2931042,-0.17065981,-3.4516187,0.8038556,-1.317167,0.38717386,-1.9499264,0.7578084,-1.4486496,-0.742799,-0.6851035,3.96206,0.13846137,0.78098893,0.9237247,2.3212116,-1.4134625,1.1959105
TCGA-AB-2806-03,-0.9641496,-1.0347832,-0.37352347,-1.1113461,0.6291734,1.0415441,2.878017,1.4031645,0.28854993,0.7774187,2.091753,-3.9780543,0.95136964,2.5978014,-5.421174,0.034400724,-2.7978804,2.5427485,0.48855972,-0.40809488,0.36900702,-0.91377515,4.992261,1.295423,0.96379066,-2.089077,-1.0428509,-1.6328268,-0.8177,2.2625961,2.433721,2.0889592,2.701554,-1.8854986,-0.049962122,-0.037564106,2.8463326,-2.3311696,-0.18863173,0.49652267,-1.3214552,0.91055286,-1.7298764,-0.67675513,-2.2916446,-5.192032,3.8621984,-2.2105873,2.0100465,-4.4295397
TCGA-AB-2915-03,0.8746521,-2.2573829,-0.91076,3.6256535,-0.27533814,-0.88389516,-0.04864694,-3.24489,1.9971135,4.6023498,0.5394293,-2.5591958,1.2734351,1.7223876,-0.7749974,1.162157,-1.2353089,-3.1500683,-1.0826001,-1.9069387,1.3076792,0.7797872,0.7250233,-2.7284377,1.1009154,-0.30721238,-0.6700695,-0.44203904,2.7798998,-0.0968043,2.4372015,-2.6006176,0.6247111,-5.7178555,0.011574093,0.044726707,1.6099293,-1.9297009,-0.992581,-0.34649536,-1.2122569,1.2908204,-0.20144427,-0.6227501,4.6409845,3.840646,-1.5746151,-3.1482534,-0.5785124,2.7346299
TCGA-AB-2912-03,-4.265973,0.78682554,-0.9046306,0.6097934,-3.2355227,1.2146977,1.3275496,-2.2715385,3.4875343,3.8738422,0.5173589,-3.376157,0.92190486,0.79323894,1.6178874,-1.3958721,-0.8858597,0.33757946,1.4131308,-0.6388289,-0.9955895,-0.7169919,2.3768156,0.4039727,-3.7192779,-1.2667608,-2.6964695,-1.6346636,-3.9854884,0.8408687,-1.2321317,-0.90084356,-3.8813171,-1.841356,0.008066963,1.204806,1.826943,-1.2493486,4.173532,-0.35583946,0.5524426,-0.5856632,-1.1673021,-0.7727758,-1.6780218,-0.006845756,1.6747857,-1.9070566,1.5987573,-3.5308647
TCGA-AB-2825-03,5.1663604,0.23040289,-0.08127212,1.3175584,1.6237719,1.0077325,5.512214,-1.2029371,-0.94003135,-0.32948145,0.87117743,-3.1536767,-0.9347601,3.191851,0.88847065,1.0243716,-0.88280433,-0.041339412,1.2409652,0.36016425,0.17204225,0.60199493,-1.7562283,-1.1990706,0.8064475,-0.58325535,3.0227704,1.2762208,-0.9222327,0.4828495,-1.9883355,-3.936707,-3.6352844,-0.9957368,1.275373,-0.33914018,-0.23698863,-2.6862187,-0.78571737,-0.31297153,-2.8952293,0.86871475,0.23005043,-1.6336015,1.7145932,2.1765823,1.8443792,3.8015413,-2.6777365,0.07052247
TCGA-AB-2805-03,-5.0117,3.7629645,-0.56990993,-3.2298903,-3.1194618,1.1058158,-2.276441,0.6855976,1.6969242,3.6561415,0.04551319,-1.9075819,1.2837887,-1.9758224,4.786045,-2.487205,1.4994363,-2.9115222,-0.1263,-0.4165134,-0.7605368,-0.6778349,1.6679484,1.2061267,-0.21262278,-2.0460217,-0.36390296,-2.6663375,-2.8595235,1.7688334,-0.5677381,-4.036815,-3.1648355,-3.2149768,-0.12586692,0.82046515,2.497849,0.42863527,-0.0066407924,-0.27801305,-1.5718179,0.62549996,-3.3695276,-1.0332102,-2.8811584,2.4161987,-2.0089617,0.11126484,-0.9840847,0.3237144
TCGA-AB-2818-03,0.97897446,2.5766764,0.64498425,3.524851,3.1512876,0.535591,0.8074292,0.9064725,-0.14739268,-4.464795,-0.18554327,-0.15170975,-0.22700891,2.4056442,0.43045783,1.5915482,-0.0987405,0.1189516,4.7158937,1.1713855,2.974045,-0.7092312,-2.3374605,-4.690324,-2.510777,-0.2793683,-0.77709484,1.1620967,2.142272,-0.25017777,-2.7399564,-0.8465685,-0.5144469,0.59412044,1.1586608,-1.2209793,0.14118794,-2.3311033,-0.83624685,-0.15828976,-1.81616,0.82490855,2.8831866,-0.9865512,0.32419288,-0.54038924,2.2485635,2.9926412,-1.4882637,2.0114837
TCGA-AB-2938-03,1.5539786,0.3396256,0.25868306,-2.2465549,-3.1610143,-0.8349951,-0.9431083,1.3414893,0.6238662,2.4566526,-1.2341588,-0.26072776,1.2629652,-3.5120971,-0.14824142,1.3221121,-0.6022954,-3.9814737,0.98488474,-1.951984,2.4552684,0.965405,-3.7407188,2.3869774,2.5582519,0.33253178,-0.5159825,1.9342667,0.055153687,-1.2345556,0.3509302,1.7625693,-6.3354206,2.9963012,1.9876646,3.4091084,-0.7723377,-1.5125718,1.1693811,-0.11579861,-2.140918,0.76832455,-1.6871104,0.22467852,-2.1224668,0.501537,0.32234028,1.4398814,0.977582,-2.1333666
TCGA-AB-2896-03,5.7373095,0.37300438,-0.677261,1.8229277,4.460259,0.45098025,5.7282248,-0.8036327,-0.55768377,-3.645357,1.2731453,0.80654097,-0.5897497,1.1468245,-0.93805826,3.7069993,-1.6446958,3.7397726,-0.4566047,0.2731408,0.7582786,0.6459213,1.0373667,0.6500171,1.2736893,-0.9087338,3.055127,-0.22043279,-1.0092524,0.4082259,-0.75773436,-1.2236192,2.9483283,-1.2492796,1.1277446,-0.1577191,-0.14783551,-2.354173,-1.3239766,0.1763895,-3.3138363,0.8841659,2.4628062,0.20890749,0.40965128,0.4715868,-0.565892,0.776603,-1.8099618,1.6270603
TCGA-AB-2898-03,4.2730255,-2.120261,-0.37123454,-1.7689536,-1.8713398,-0.95359546,-1.4354535,1.3920386,1.8664539,-0.24854206,-0.50962424,-0.03750713,2.4226124,0.15016109,-2.6208222,-1.8977094,-1.4535977,-1.4680787,-2.7799847,-0.52199614,1.9071217,-0.001414625,-2.2423394,0.4013149,5.2896433,1.8002076,0.4005088,1.8351867,1.4175922,-0.18668379,-0.27021098,-0.30667454,-0.08293572,3.3979805,0.4893661,0.9779059,-0.5338199,2.2688355,0.23099416,-0.309688,-0.28879896,1.0380702,-0.8212426,0.6640511,-0.34875113,4.0344663,-2.4209146,2.619814,-0.841571,1.4128951
TCGA-AB-2857-03,0.26980138,0.9538738,-0.7832125,-0.6510003,-2.0764296,0.049476843,-0.004621106,-0.04414616,0.15788496,1.8761982,-1.9038848,0.388593,0.5954821,-2.495401,-1.3254137,-1.1993046,-1.1367731,-2.8242695,0.7177725,-0.29071388,2.647547,-0.9789623,-2.8754075,0.8003095,1.1852598,1.8022825,-0.82219094,1.6360378,1.182613,-1.7898647,1.1984832,1.1876457,-3.1412606,2.030015,1.1605347,2.374878,-1.6485072,-1.5307482,0.9623186,-0.81246793,-1.4643897,-0.6824717,-2.1090472,0.9703651,-0.9731,0.2924563,0.03331194,1.1484702,0.692096,-0.8054078
TCGA-AB-2853-03,5.242909,0.87121314,0.33424088,-0.55756897,2.4485927,-0.059464037,5.02065,0.46466798,-0.3573954,-3.3972013,0.4009292,-0.08528641,-0.9037306,0.85506994,0.71136236,0.99544394,-0.77984697,3.0229492,3.1565745,1.1922615,-0.0003450159,-0.5203135,0.12284471,0.5564759,1.0590103,-0.92626375,-0.049467728,-0.93594074,-0.66084003,0.6157019,-1.0641354,1.9003544,3.2456107,0.12409421,0.40901753,-1.4451424,0.7512324,0.3747875,-1.6582485,-0.86744654,-3.1305835,0.215484,1.1484257,-0.666487,1.883078,-1.6147585,4.9242396,1.5128253,-2.1788108,-1.2152033
TCGA-AB-2900-03,-1.0615069,0.6439696,1.3140092,-0.44316897,-0.7364948,-0.26972842,-5.080705,0.7660357,-0.1684383,-1.589692,-0.36580312,-2.0674477,-1.0077128,1.1223551,1.4906831,1.3446226,1.653988,1.5804114,0.5791733,0.47379124,0.60029316,0.46496052,-3.6594517,-1.7759365,-2.4707847,0.06637728,2.5361364,-1.0702864,0.530857,0.5601685,-0.5037126,-0.08681193,-1.9809059,-0.6121838,1.1162084,-1.2539269,0.9752342,2.3733227,-0.19966933,0.11472654,-2.1300056,1.0540122,1.2664921,-1.764417,-0.11308907,1.6861699,-5.295562,1.6435086,-0.62127656,3.4748507
TCGA-AB-2846-03,1.4252298,-2.8821406,-1.2056522,-0.10445881,-2.0896392,0.11757557,3.711463,-1.6804584,2.4933457,3.0437481,1.4398618,-1.7214327,0.95811796,-1.1245835,-0.87652206,-0.18398125,-3.4327345,1.108635,-0.076745585,-0.36555707,-0.049445894,0.63664204,0.12025583,-0.78587514,1.641812,-2.70766,-1.7672098,-2.6146166,0.85915506,-0.12851763,0.8419728,-1.2204527,-4.9441533,0.026860574,0.76563203,0.15807644,0.8761345,-1.2066156,0.21270445,-0.6983998,1.493277,1.7031177,-1.2382635,-0.37509727,1.67665,-0.80157083,1.128675,-1.7149214,4.0212803,-2.6668081
TCGA-AB-3000-03,-7.113382,-0.67086035,-0.47853583,-1.1788429,-2.354376,-1.299698,-1.349823,-0.95346093,0.51464134,1.8806193,-0.34622702,-1.4817758,0.63059616,-0.5385899,0.85476893,0.75912064,-0.9083832,0.118340366,-1.5358173,-0.9013875,-1.3962257,-0.2663777,1.3413212,-2.7541518,-1.3677211,-1.3100162,-1.3802036,-2.8531766,-0.22615884,-1.082201,0.619347,0.2478722,-0.7757292,-1.2602758,0.86840427,-0.04967636,0.60222155,-0.76544297,-0.73244846,-1.5632519,1.9415619,0.4190697,1.9710275,0.11146908,-1.166832,-2.4809818,1.6256585,-1.9686353,3.2149665,-0.6389945
TCGA-AB-2871-03,-1.0537391,2.5825264,1.3892424,-0.36053216,-0.16331151,-1.1216465,-1.6326288,0.24758972,-1.2202713,-3.8400927,-2.0667424,2.5015514,-0.4554728,-2.1051376,-2.055214,-0.4896733,0.030489892,-0.71866333,-0.81099844,-0.5814866,1.0846635,-0.5964557,-2.318386,-1.1071384,-0.4578219,-0.43006355,-1.4504321,2.4815845,0.42326707,-0.033842143,-1.1266233,1.6209311,3.031071,0.0122317225,1.4518425,-1.0720541,-1.8393916,0.7425256,-0.7646044,-0.5409654,-1.5097771,0.43366486,-0.6121176,0.71186405,-1.1284001,0.01933239,0.27214178,1.9521292,0.30601984,1.0270536
TCGA-AB-2952-03,-1.5290788,-3.0642285,-0.36341614,1.2274278,-2.2673748,-0.91323096,-1.8079981,-0.7370635,0.49512511,2.6710916,-1.3789332,-0.25876802,0.54593,1.5267192,-1.2955806,1.2442816,-0.020156324,-2.8865404,-1.9800574,-0.6030895,2.4228578,-0.11828049,-3.471376,-1.575184,-0.034742218,2.2758908,-2.0181134,0.9124366,2.3657992,-1.3133434,1.2107977,-1.2313643,-0.7201084,-0.2720404,0.4331459,0.89386725,-2.5771828,1.2773298,-0.6923113,-1.2722249,-0.9531709,0.6708734,-0.7569347,0.16462746,-0.8361135,3.7122796,-4.4614105,-1.5307381,0.48754436,2.6522675
TCGA-AB-3008-03,-6.729242,0.3800057,-0.4071669,0.18411456,-1.7305248,-0.50324583,-1.9608641,-0.7224582,0.7255442,0.2687062,0.9351361,1.7536095,0.88439995,-0.86569464,0.49574846,0.7219478,-0.5972176,-0.77875394,-0.031142533,-1.2346312,-2.3442588,0.39438182,3.0701337,-0.91022176,-1.7205527,-0.67721856,-2.9263103,0.22753273,0.9224732,-1.7568753,0.47531167,0.8345836,-2.4577763,0.27321172,1.2830259,1.8434001,-0.34067026,-1.217771,-0.089723244,-0.73010224,2.4593918,0.90321237,1.0349623,0.81414366,-1.6254069,-3.9419048,1.5295671,-1.6110513,2.627453,1.3868328
TCGA-AB-2936-03,1.6509963,-0.35319668,-0.6204189,0.088865824,-1.4590135,-1.6537722,-1.9702392,-1.8799993,1.2567797,1.8731177,-0.5449606,-0.2955945,1.2392156,-0.18450095,-1.4642522,-0.044863738,-0.35572088,-3.702804,0.50368863,-2.032566,-1.0849221,0.19396321,0.5817224,-0.78366065,1.8942442,0.0024308562,1.6695532,0.45338437,-0.67385143,0.16870585,1.6903459,-3.5016963,0.36372733,-1.1166211,1.0963861,-0.10530168,-0.6203425,0.96141905,0.7721908,-1.4521766,-0.79084367,0.23244411,-4.0121765,0.63613087,1.3762262,6.0609045,-4.52733,-1.2083622,-0.725862,1.7398298
TCGA-AB-2813-03,0.42126846,0.8760418,-0.66614825,-0.5517991,-2.1574247,0.18633336,1.0284047,-0.52453834,0.7640864,2.6403666,0.039245635,-1.307343,1.3230754,-2.127935,1.4276181,-0.95590115,-0.88438386,-2.5712454,1.008352,-0.4407185,2.4108412,-1.0393119,-1.5327351,-1.7675775,1.3485138,-0.57168484,-0.8040186,-1.4066658,0.9857148,0.097309835,0.28698707,0.17238225,-5.418004,-1.0546365,1.1856297,1.592943,-0.33028668,-0.89549434,0.12760538,-1.436084,0.40342996,1.1653068,0.73178124,-1.0924526,-0.2825331,0.61487985,0.35489073,-1.7844312,-0.1300415,-0.696587
TCGA-AB-2970-03,-1.2280602,-1.814527,-0.260085,1.8955603,-1.6975226,0.2771506,0.10622631,-0.46475542,1.4745607,0.9223758,-0.22938071,0.1178696,2.3567264,2.4414163,-0.18769191,0.80619645,-3.1605654,-1.2537344,1.6411451,-0.2639802,-0.3246826,-0.48563614,2.5559814,-0.5389181,-1.4471302,-0.11367848,-1.6834121,0.9113435,-0.034592513,-0.70218486,1.3539549,-1.878787,-4.3917923,-0.6139194,0.66293275,0.26453796,0.02213088,-0.756256,1.7055869,-0.718616,-0.06046641,0.2899925,-1.364106,-0.39649713,-0.68949443,2.431485,-3.047303,-0.5494711,1.0702718,3.0047383
TCGA-AB-2866-03,-5.8171935,3.8978498,0.36811185,-1.6622609,-1.1560651,-0.19145443,-4.749159,2.7295682,-1.6691227,2.0013301,-0.6182424,-1.752048,-0.15005118,-1.1579069,2.200637,-1.4515235,1.4770975,0.08420971,-0.71697336,0.35324797,1.5039654,-0.78573495,-3.1013987,-0.33826634,-4.180224,-0.30565134,-1.9029425,0.49216056,-2.416618,2.0176144,-0.9950946,-2.4104395,-1.4026947,1.0336789,0.9276077,-0.7664113,1.1037323,0.108444765,1.7875037,-0.0736786,-1.3564125,0.5838072,-0.01807566,-0.83346695,-2.42387,-2.2803771,-3.5392795,1.2865568,1.558632,2.3954363
TCGA-AB-2990-03,-3.1421402,5.251888,1.2136439,-2.1308208,-0.40189877,-0.4263583,-4.8069673,3.0407243,-2.0060384,-0.48725957,0.9100456,-0.14019631,-0.25884008,-1.8259199,-1.4830018,-1.0687884,1.9368225,1.6319808,-1.2320106,1.881275,2.7981098,0.012027331,-2.7533524,-0.06385137,-2.4018106,1.2805227,-1.3671393,-0.10162388,-3.6211727,0.82610166,-1.02469,0.15021916,1.5913706,2.0463934,1.2511237,-1.6905385,1.1482402,0.6951258,1.6677557,-0.12247468,-1.6469618,0.12478461,0.48149225,-0.9217057,-1.8482623,-1.5149336,-4.2699738,2.0654194,0.47785485,3.1923077
TCGA-AB-3002-03,-4.7654667,1.2781816,-0.308479,-2.245633,-2.7485504,-0.2941475,-4.270754,1.4120818,2.2429757,3.0016367,1.1624521,1.3262732,1.3411634,-2.5363095,0.7729565,-1.2960563,-1.931657,-0.41024497,-0.24220155,-1.2623564,-0.76731133,0.35408705,-0.10786888,0.5652446,-1.2721657,1.1205841,-2.0971127,-0.9881035,-2.0691388,-0.8193717,-0.0513579,-0.04743836,-3.1896653,-0.14953837,0.02084598,1.3581578,-0.35832837,0.846415,2.3023722,-1.061963,-0.81272215,1.0264392,-2.3638015,-0.63130593,-3.4875262,-1.0110316,-2.3645077,-0.57080805,2.656847,0.49576238
TCGA-AB-2996-03,-0.060334515,1.6689936,-0.65266436,-2.1316576,-2.9042523,-0.78381497,-1.0124272,0.7173435,1.5664372,1.8150688,-0.77253705,0.5767217,1.5930563,-4.4702363,0.12511015,-3.0954385,-1.3204678,-1.8624811,1.5529422,-1.6391454,-0.002657842,-0.07490073,-1.4602323,-0.2991397,2.8874686,-0.19810653,-1.3749378,0.173722,-0.80974746,-0.57682234,1.1571089,-0.20141523,-3.7523355,0.25532243,1.0870372,0.8120952,-0.47212526,-0.63800144,1.9334266,-0.9192654,-0.5022774,0.040516905,-1.833137,-0.119692996,-1.874358,1.6726171,-0.6041249,0.0016193739,-0.29273087,0.77248883
TCGA-AB-2939-03,-4.1002703,-0.18127921,-1.287605,0.16637197,-1.5174208,-1.6241034,0.15136343,-1.7013999,1.053896,1.701351,-0.90567213,0.9323105,1.7364557,0.94391346,-0.83356017,-0.78214437,-1.6188529,0.38527444,-1.5141091,1.1998322,-0.0066029225,-0.24351998,-0.38433975,-0.82574564,-1.9143361,-1.2348222,-2.288074,-1.3012111,1.0219134,-0.18165454,2.1809018,2.33753,-0.7451509,-0.35911196,0.34661004,0.31082004,-0.4971178,-2.0480301,0.15567084,-0.9682827,-0.7961405,1.015535,0.3095424,0.8756654,-1.6061091,-3.1666322,2.0934157,-1.1800715,2.034164,-2.2860727
TCGA-AB-2870-03,-0.44290277,0.71128696,-0.6868323,-2.9469,-1.8904213,-0.12711553,0.785267,-1.843508,0.73729455,4.702572,0.68474686,-2.2154653,1.9523553,-4.186789,-0.57134646,-1.7188022,-1.7918713,1.4476962,-0.5033077,-0.9355806,-0.603076,0.57634205,-0.3381225,-1.831879,1.3389646,-1.2341294,-1.8836037,-3.3815331,0.57171595,-0.17423607,0.050003905,-1.7507033,-3.655385,-2.0041323,-0.0967253,0.9767433,1.4403793,-1.1433276,0.56116605,-0.7087846,0.06798183,0.85076684,-1.317648,-1.0389209,0.5224911,-0.66819584,3.0898373,-2.688856,2.1340935,-0.6832053
TCGA-AB-2807-03,-1.5297996,-3.5748162,-0.10053159,-0.15918848,-3.49132,-1.351283,-1.5045862,1.5988472,2.2630842,1.8099966,-0.6430353,2.2707348,0.8835043,1.5871361,1.4062021,1.1269515,-3.380812,-2.8102722,0.18274994,-0.88589346,-0.19223802,-0.9004892,1.6840115,1.8219782,-0.73167557,-1.0582993,1.3753929,0.85674703,-3.1131103,-1.9884387,1.300773,1.3159032,-4.0521317,1.4033855,1.3715918,2.509005,-1.3023332,0.18002392,0.5273966,0.053601786,-3.0760095,1.5176468,-3.0761225,1.4660953,-2.2909396,5.3789377,-4.968103,0.06196366,2.5460117,0.54735863
TCGA-AB-3007-03,-3.0351717,-0.8132454,-0.467613,-1.8067276,1.4686943,-0.93162566,-2.0442302,0.61473167,-2.837625,0.21891151,-0.4813534,-0.003224844,-0.16179991,0.16036089,-3.6236234,0.30550396,-2.0624588,4.426803,-3.7134044,0.888428,2.06877,0.44240555,-0.60063267,-0.35124326,0.58167946,1.3375752,-0.27075523,0.2946677,1.5595955,-0.6129216,1.7379271,4.9380198,5.033093,3.1480033,-1.9143559,0.087566786,-0.46819124,0.22180505,-1.2435637,-1.0513334,1.2572819,-0.6342744,-0.01106879,1.9458519,1.775535,-2.143196,3.5680423,1.9640455,2.476933,-3.4466987
TCGA-AB-2828-03,0.3608094,-0.4776643,-1.0754673,-2.7763395,-2.0749328,0.8192402,3.3191352,-1.8537558,2.9890294,4.1267524,0.6361399,-3.9311178,1.2089645,-3.6056356,1.3374711,-1.3906075,-1.0732205,1.5715493,0.53398246,0.08471273,-0.6199723,0.32455453,0.758859,-0.3054472,1.3415145,-1.8959845,-2.453482,-2.8523133,0.14870338,0.42305765,1.0632712,-1.2360177,-4.9766455,-2.6412847,0.1532913,-0.27270785,1.7541518,-0.37290022,0.90971315,-0.9473467,2.5342607,-0.13564628,-0.9829281,-0.5188151,0.75054467,-2.8057768,3.1325161,-1.8317533,3.1563973,-1.7380141
TCGA-AB-2824-03,1.477166,3.092742,-0.7392159,0.5755918,1.8423047,0.5562409,1.2081213,1.5513982,2.0731237,-3.2063253,-0.9369132,0.12922172,-0.408359,1.1932575,-0.4639276,0.6116294,-0.9380852,0.3212742,1.1542065,-0.4762059,0.5545832,-1.1289998,-2.9333398,-1.1736773,-2.8112772,-0.97126627,-1.3784822,1.5186745,1.3836851,-0.820139,-1.4871843,3.1023972,-3.8020296,0.9959547,1.7405825,0.016302506,-0.67565805,0.6027637,0.30322683,-0.8639486,-0.9608585,0.687269,0.59042865,-1.5016869,-0.4910124,-2.9620852,2.5227296,0.98505163,0.52796906,-0.31170836
TCGA-AB-2803-03,1.8506484,-2.1825068,-0.23272067,-1.2295107,3.1122847,2.5236037,-0.54467565,-1.2489755,-2.8716118,0.3550516,-0.0069971383,-1.1816324,-2.102745,0.55206144,-1.987478,3.0486999,-0.94563335,4.7355223,-1.9447443,3.3246317,3.0605536,-0.09399212,-0.44952512,-1.2325445,3.3809187,2.6011019,3.253655,-0.6177477,0.19248433,-2.8677893,0.43741408,3.822487,2.14801,5.1409006,-5.2283616,1.3602587,-2.48072,-0.57407767,0.1530037,0.13018565,4.41449,-2.6273549,2.846036,4.564103,4.213692,0.7829968,2.637582,-0.5097823,-0.8335291,-2.6288834
TCGA-AB-2982-03,1.452603,-1.9355407,-0.09491491,-0.10051869,2.5907297,0.28373846,-1.6961919,-0.5808274,-1.336338,-0.61840904,0.43146926,0.84567696,1.2479687,0.28922912,-1.5698458,2.9295232,-3.053794,2.690526,-1.6798497,1.5701208,3.0537078,0.3333302,-1.7522141,0.21497303,3.156886,-0.5470981,3.0993993,1.4764651,1.309346,-0.2130995,1.2480456,3.6211743,-0.8265378,5.684592,-1.2870419,0.3782068,-0.028024841,-0.28577036,0.27283522,-0.82275206,2.0243642,0.67150307,0.2814467,0.58460367,3.93018,1.8205689,2.0141587,1.2479662,-0.1633934,-1.9509548
TCGA-AB-2935-03,-1.5854238,0.62020564,-0.5278559,-0.33826718,-1.0758191,-0.48243502,-1.6325902,-1.1049473,0.28149986,3.5862463,-1.8817873,-0.17842324,0.38807896,-2.2927265,-1.0429695,-1.6499809,-2.4730842,-2.1788573,0.1807395,0.28799492,3.3759527,0.15078501,-4.0574408,1.2895404,-0.44470224,1.2668141,-1.9115534,0.4884507,0.8504985,-0.5090504,0.15552619,1.724656,-3.4940333,1.3275857,-0.3678834,2.1917393,-1.820799,-0.36059982,1.7939335,-0.8483459,-3.0930765,1.2039481,-2.139747,1.031375,-1.1373535,0.08624252,-0.34049466,0.82174814,-0.17735411,0.15939212
TCGA-AB-2835-03,0.78550047,3.841495,-0.21675302,0.48320356,1.8333756,1.0740777,-0.27997297,1.2246064,0.6422902,-0.5621945,0.9440597,-3.0239394,-0.5634248,1.4209579,3.087134,0.43763587,1.1861179,0.84823877,0.19022758,0.9183299,0.94065994,-0.44469148,-3.5622015,-1.6306943,-3.0999415,-0.08339151,-2.510408,-0.67211354,0.28871927,-0.049160916,-1.6536356,-0.5142098,-5.3089213,-0.28149137,1.1641738,-0.40511388,-0.022366524,0.8511051,0.89522356,-0.51406145,0.5340304,0.8626079,1.9821925,-1.6142496,0.28910992,-3.1868618,1.1848142,1.6273315,-0.36773747,1.275171
TCGA-AB-2995-03,2.6501143,1.5579476,-0.14676514,-1.0139316,-1.7495478,-1.1009083,1.3424245,-0.6040421,0.7186178,2.4528375,-1.9776701,2.6849568,0.6202981,-3.426037,-1.3481635,-1.341275,-3.604578,-3.1155436,-0.9687464,-0.5847214,2.3295593,-0.9892187,-1.5565037,2.5567057,2.2711742,-0.5512377,-0.12676951,0.90999216,-0.64030397,-1.1464419,0.86149746,3.040859,0.6370543,0.9219801,1.2819252,0.72275436,-1.956764,-0.5075729,-0.5483349,-0.7426771,-4.216111,-0.99950725,-3.1851413,2.2246354,0.5224039,1.1355097,-0.26253238,1.598885,-0.2067957,0.6965846
TCGA-AB-2981-03,5.326776,0.1758174,-0.9014759,2.0378156,3.2550316,0.8604078,4.94587,-1.1028287,-1.2098875,1.1152296,0.78485656,-3.1377788,-0.9772455,2.6396985,1.9148389,2.078245,2.1614246,-0.9830129,1.1935798,0.6392782,1.1642172,0.06527129,-2.5449724,-1.1498269,0.9454714,-0.7499566,1.9867684,0.38855997,0.8424128,0.5817641,-0.80945903,-3.4002788,-4.2804437,-1.8216743,1.6211377,-0.3310556,-0.0802131,-2.5312173,-1.1331773,-0.6203155,-1.1222167,0.6154921,-0.004154739,-1.5354702,1.9758265,0.37490138,1.9746501,2.1979783,-1.4411161,-0.2834091
TCGA-AB-2855-03,-7.962801,1.5994385,-0.7015802,-0.24795553,-1.3460838,-1.5339252,-3.5549252,2.1188161,1.1437082,-0.99214184,0.9965477,-0.50085294,-0.541006,0.076153494,-0.12044388,2.2676451,1.3937405,3.144397,-1.0406373,0.54758614,-0.3986094,-1.0244172,3.4465184,0.40315908,-2.7737408,0.10678243,-3.6099658,-1.6216885,-1.9619282,2.1760812,-1.4727888,-1.014508,1.1375285,-2.2376049,1.1924018,0.015170088,1.6638333,-0.7198458,0.70403445,-0.08118747,0.7244914,1.4254358,1.0948492,-0.34193483,-3.794894,-2.783503,-2.692734,-0.3308381,2.6493511,1.3985656
TCGA-AB-2916-03,2.6810346,-2.1278787,-0.59080106,1.9065537,0.559175,-0.47995323,3.7533212,-1.4045342,0.7108319,3.66786,-1.2417519,-3.1817222,0.42551965,0.8933528,1.2881672,0.9796577,-0.8524909,-3.9854753,1.5155437,-0.71301144,0.95245284,-1.8078413,-0.39987662,-1.384229,1.133616,-0.60889244,0.35027853,-0.0022352997,0.92418283,-0.057183817,0.15398552,-4.9345646,-4.4016037,-1.8977741,1.1533804,0.3032732,0.52562225,-1.9963343,0.6811364,-1.2984874,0.67721426,0.077929094,-2.1755838,-0.57920027,1.4743828,1.6421597,-1.1724565,-0.9756044,0.09263465,-1.2017845
TCGA-AB-2899-03,-2.709821,-2.5935738,-0.48793173,3.4181786,-3.1179602,-0.23339838,0.18280762,-0.69581324,2.0104349,2.6531315,-0.49565184,-1.2439771,0.19062588,2.4769816,0.58821714,-0.48172572,-2.963831,-2.8901145,-0.26478451,-0.13109282,-0.26462498,-0.37373015,-0.91155183,1.098003,-1.3796113,-0.42504448,-0.29261807,-0.086543895,-1.669596,-0.76061517,2.2829564,-1.0154945,-5.53979,-0.785872,1.7796967,2.1311562,-1.3300378,-0.3824034,2.9352322,-1.3284538,-1.1602011,1.1790282,-3.5042806,-0.25170583,-1.9256548,4.437342,-3.9146042,-1.5904689,0.46134007,1.1401222
TCGA-AB-2861-03,2.1832519,0.26912054,-0.4207972,-0.27493578,-0.7829223,1.3026102,2.2373817,1.2795514,0.7952756,-0.4121194,0.19938052,-1.2657133,-0.2659219,0.050674476,0.10548098,-0.04543802,-1.8262643,1.8519748,-0.11338062,0.20394753,1.4159777,-1.0212672,-3.4544697,0.35861897,0.37133646,-0.35713044,1.1066386,1.8467865,-1.8789787,0.017949551,-1.7275488,0.28405413,-4.7691674,1.4297652,2.0172224,0.4245961,-0.16189802,1.2626307,2.6039376,-1.2745854,-1.4549407,0.174256,0.47292045,-2.3702233,-1.3859866,-1.4599353,1.4514949,2.1061332,-0.9054628,-3.4325004
TCGA-AB-3009-03,-7.456586,-1.0192382,-0.48414347,-0.020415738,-2.4760451,-0.20519897,-1.559227,0.103447616,1.7332354,-0.07521444,-0.24719761,-0.22289354,-0.06647032,1.0356214,-1.4276308,-0.3230952,-0.7433453,2.209332,-0.74574596,1.1529022,-0.17271213,0.35715273,1.923174,1.0374014,-2.89287,-0.99921876,-2.2972567,-1.0499785,-1.0242033,0.4874089,0.53831685,0.5206676,-1.5244844,-0.57444805,0.80841106,1.0134804,-0.69688034,-0.7348781,1.3751211,-0.9959897,0.5150964,2.1296756,-1.3454458,0.17585647,-2.878845,-2.981614,-0.15969239,-0.18565345,1.9916654,-1.4259268
