,1,7,4,12,15,18,15,5,20,26,25,21,10,1,14,27,2,1,23,9,7,15,8,28,23,22,14,11,3,18,6,17,9,26,12,4,13,16,3,3,7,19,17,17,27,21,28,11,2,29
TCGA-SH-A7BC-01,0.102698855,0.7280775,0.44016835,-0.09938115,-0.13222258,2.14492,0.32417887,0.13741171,-3.621551,-1.0663427,-0.836958,-0.24315342,-6.477856,-5.5076256,0.641202,-4.680278,-0.3737887,-1.0574511,3.611737,-0.31067905,-0.48985976,-0.05584885,0.38595068,0.74138135,1.5811532,0.8118549,-1.4619573,0.3700221,-0.005876393,-0.6580964,-0.3423722,-2.154485,-0.7463126,1.2166399,0.67420286,2.3175256,-0.00040775165,4.9407167,2.4045932,2.355901,-1.3905473,-0.7573941,0.16768928,0.6935369,-3.1700394,-2.8343053,0.014639663,4.4951053,0.048190817,-6.182881
TCGA-LK-A4NY-01,-1.4009244,0.100201614,1.4649391,0.565302,-2.1857128,6.7052665,0.96089584,1.46799,-0.66801447,-0.81053776,0.06521213,-1.0120797,-1.5110226,-1.1434194,0.7510847,-6.0308285,0.2882284,0.92646813,3.3262253,-1.0113156,1.531156,0.4959621,-0.08473031,1.6986358,-2.5169017,2.1244254,0.68147117,-0.3136302,-0.43379447,1.4227935,4.7724576,1.0177169,-2.255829,0.7647906,1.5576969,-3.8692074,0.9302516,4.5760307,-4.0958133,0.761811,0.8289925,-1.3453029,-0.119895525,-4.1586313,0.20524831,-2.8699875,-2.5004096,3.0649874,1.5232738,-6.736974
TCGA-3H-AB3L-01,1.2382369,0.06644074,-0.037769813,-0.3096287,-0.053380094,1.7852867,-0.41465223,0.032384828,0.37784958,-0.6186751,0.26980907,0.20284718,-0.88917404,-2.1695652,0.9656496,-3.9226186,3.3562946,-1.2742053,-1.0509394,-0.26314947,1.7769742,-2.4996474,0.9695622,1.2498446,-1.4376801,-0.048517913,-1.1997272,0.586558,0.690964,-0.045913197,-0.7893077,-0.13165995,0.88017696,0.734847,2.5348277,2.5209022,-0.5895446,3.1508427,1.202064,1.8653673,-0.19666292,-1.231849,0.19474858,-1.2900573,-1.9225419,-3.1948292,1.7717948,0.64966935,0.7123875,-3.286316
TCGA-3U-A98F-01,2.852806,-0.25447837,-1.7946938,-0.5276022,0.777464,2.9064658,0.71908146,0.22163633,0.6280374,-3.3178644,-3.611046,0.9881267,1.1262292,-0.9617788,0.8111387,-5.593569,-3.9243057,-1.2342998,0.8231547,0.57600635,-5.281968,3.5139992,0.59234285,-0.5091269,-0.25969726,5.3274426,-0.27015185,2.1812413,-1.1467018,-1.974515,1.8166504,-3.4945507,3.9534516,-1.5018907,-2.6997385,-0.9643579,-1.5931655,2.721089,-2.1385908,2.4043384,0.64582807,1.679578,-1.0613786,-0.76813513,0.77958536,-1.2085919,3.5451078,3.4661644,-1.1832997,-3.7913516
TCGA-NQ-A638-01,-1.6428175,-0.6955669,-1.7124579,0.42950365,0.4047838,3.8009584,1.1986463,0.065226026,-1.5092415,1.4862572,-1.2288362,-1.6538825,-3.817071,-6.2135,-0.13617255,-5.2814317,6.4182615,-3.6920595,0.90960944,-0.3255706,2.389101,-3.0193174,-0.7931735,1.0484594,-1.120068,3.2668715,0.3814434,-2.77101,-0.19015682,2.1850595,-0.24797903,-5.0366836,-2.3227172,0.24569897,2.3055515,0.55857,0.44946915,4.7277174,0.66161585,0.35950914,-1.3289353,-2.1545067,1.0304128,-1.7995505,-5.183056,-2.81377,2.7680945,3.9928567,0.846255,-3.5027342
TCGA-MQ-A6BS-01,-0.04872254,-0.33613145,5.2193694,-0.46165827,0.5374046,4.744038,0.4407912,-0.2517673,-1.4297167,0.024908334,-0.21363305,0.8520622,-2.8207924,-0.9883619,-0.18240182,-3.457017,-7.0360045,-1.9747527,-1.3773677,-0.13526505,-6.608868,-1.969851,-0.25600168,0.88458604,1.9769381,4.75045,-2.2958817,0.060678568,-0.79418397,-0.75055355,-1.9650704,-2.5385075,3.6676993,-1.6328821,-3.926187,-2.4167917,-0.6187318,-0.22701696,0.6327463,0.9116895,1.2723019,0.30101165,-0.0052119885,-2.5086882,-4.147481,0.19605505,-0.58221596,-0.9353553,0.66767514,-5.1277742
TCGA-ZN-A9VV-01,0.7566897,0.3835905,-0.70674974,-1.3539579,-2.049082,3.713244,-0.0842018,-0.28330404,-1.0522043,-0.6681593,-1.2328655,1.1787591,-1.9793017,4.2788477,-0.6520927,-5.620082,-5.568054,-3.6302707,-2.3760808,0.56148124,-5.488903,-1.9652737,-2.0054908,-0.59672356,2.7357242,1.640172,-1.3770322,0.37171966,-2.1385126,-1.049554,-2.023459,-3.0084121,1.110249,-1.417795,-1.9844335,-4.6087008,-1.560201,2.899482,-3.0155065,-2.46014,3.447754,1.9699842,-0.37682244,0.06335202,5.0531836,1.6241343,-0.14323051,-1.788542,1.311166,-9.949557
TCGA-3H-AB3X-01,-2.6469364,0.6498148,-0.6222924,1.0186206,-0.14423105,9.304052,1.3476342,-0.005240837,-2.706448,0.61160165,0.42617095,-1.3000962,-7.9507027,-3.1790636,1.2079048,-6.7620516,0.8832898,-1.385941,0.8577223,-2.2978323,-1.588499,-0.38635197,-2.5304494,0.7427643,1.2878828,-4.814521,0.56449586,-2.5265927,-1.0872339,0.65569836,-0.69046104,1.1942872,-2.8021748,3.5599842,0.85013515,-0.38149422,2.0984397,2.0041053,-0.5669665,5.1897407,-2.645755,-0.11235749,0.066491224,-2.313,0.6226408,0.70936483,-2.3098452,1.5365951,1.0456104,-6.4946165
TCGA-3U-A98G-01,1.336254,1.1751617,-2.9703188,-1.0764092,0.32504508,-0.43934277,0.8266736,0.2582445,1.2740829,-3.40662,-3.03664,-0.03629428,-3.8999372,-2.7862446,0.91574156,0.33968592,-0.15300775,1.8536633,3.636863,-1.6589471,-1.7305692,3.0002859,1.1124929,0.33396634,1.6119882,-3.6799765,-1.7051004,1.4077791,0.802335,-0.78438246,2.7124324,2.2395442,4.502419,0.5369785,2.841435,-0.14770675,-0.1313626,1.0496625,2.4638503,6.7218823,-2.590181,0.5445916,-0.6837593,-1.8809408,0.9504035,-0.5357888,-1.6439453,0.7262938,0.5002156,-3.9433236
TCGA-TS-A7PB-01,0.050451692,0.7562309,3.5627763,-0.40151125,-0.41092157,-3.0107198,-0.18212485,-0.2680278,-3.578738,0.48300937,-0.6960239,1.0055233,0.88250625,0.45881844,0.08099396,-2.808088,-4.571368,-2.0042574,-0.72835445,2.5632544,-2.5810163,-2.972673,1.4006426,0.3064766,2.0859783,2.4717946,-1.9985063,0.52975607,-0.8713563,-1.7953457,-0.23073441,-1.6039051,1.952054,-3.1024725,-1.9326708,-0.7386156,-1.175602,3.115664,1.8949438,1.2054995,-1.4455279,1.1876771,0.7467858,-2.288688,-2.019826,-2.1747925,-0.322576,0.082327545,-0.009587982,-8.366199
TCGA-LK-A4NZ-01,-0.8757898,-0.0031555998,3.1095476,0.28845182,-0.6120086,0.28170756,0.63265485,-1.2793193,-4.5513644,2.3335772,-1.5080634,-0.9300686,-2.795671,-1.0053165,-1.3507403,-3.9614258,-3.7773836,-0.8290113,-0.74671257,1.5181135,-3.0911167,-3.6547675,-0.54596573,0.48362684,1.5885575,2.2631004,-1.5368947,-1.8369285,-1.3758174,-1.4235835,-1.1451595,-1.7823197,4.2663713,-1.7180612,-0.71511006,-0.9467722,-0.9111912,2.1447494,1.4806185,2.260421,-2.1408224,0.44065812,0.35240212,-3.3926578,-1.4720551,-1.4281378,0.4702844,-1.1582117,-0.461733,-9.755168
TCGA-ZN-A9VP-01,-1.0123433,-0.57632065,-2.3920836,0.9214495,-1.5754905,7.021146,0.5495658,-0.955628,1.3880883,1.0243303,-0.43417025,-0.5438188,-5.977383,-3.4238544,-0.33081502,-8.197163,3.6960437,-0.8063945,3.343237,0.10716896,-1.1337347,-0.7645394,0.48147833,0.0705923,-1.0260835,-1.3980935,3.673069,-1.5566078,-0.033334415,0.5534357,0.3198173,2.3521042,2.1417098,1.5439739,5.0139303,-2.5119247,-0.81357753,5.6656404,-1.4854004,0.64368314,-0.32759908,0.45912632,0.8388157,-2.461504,4.1751847,-1.8813207,1.7102408,-1.9791126,-1.2232599,-5.4323597
TCGA-SC-A6LQ-01,-0.24903554,0.2879245,1.6309814,-0.47731155,0.46886206,1.0751567,1.1253798,0.2888202,1.4548852,-0.72300905,-1.0547901,-0.8654901,-2.02857,-2.328931,0.19184984,-1.4393722,-0.66464144,2.732103,1.8871171,-0.20474629,0.94575816,-2.0297296,-0.103274226,0.6540481,0.6788072,-0.80236256,-2.1734078,0.16809134,-0.41064405,-1.9807005,3.3288548,0.36740983,3.0185049,0.051022038,1.7114788,3.090533,0.38844815,1.3622838,-2.6231174,2.7272785,1.137086,1.2359695,1.0113299,0.9371612,-1.1892383,-3.2691667,-2.3113124,0.24964496,0.8073416,-2.7824512
TCGA-SH-A9CT-01,-1.3058857,0.24155675,-0.4009608,0.2825698,-3.4167564,2.4160085,1.0517716,0.28658268,-3.0730748,0.5141944,-1.67474,-0.0023197653,-5.423743,-1.9917848,1.6326113,-4.2000422,4.1765757,-3.7382839,0.5869951,-1.0108625,1.1565442,0.25421417,0.23383653,1.45689,3.212536,1.8334136,1.0328226,-1.1710657,-0.63471925,0.35788903,-0.87712955,-3.511351,0.5272151,0.010734633,-0.43505982,1.1295087,0.5559491,8.824073,-1.4392297,3.3508449,-3.1382794,-3.7706861,0.8767149,2.113502,0.5019146,-1.998311,1.1419184,-0.5553777,-0.06857052,-4.566466
TCGA-UT-A88G-01,-1.1063484,-1.5573509,-0.56347626,1.0984601,-6.0630417,5.908688,0.95201856,-1.5526214,-2.49346,1.5153576,-0.11909147,0.07960704,-9.035105,-2.1019695,-0.61711043,-8.821048,-0.6759797,0.5718522,0.34781614,-1.0248698,-6.23261,0.60564584,-0.6532771,-0.500845,0.77880454,-0.6454509,-1.2099736,-2.2865965,-1.6045395,1.8968899,-1.3298392,-0.5668499,0.6797334,0.32116708,1.8376447,-3.1223564,-1.2344334,4.203878,0.10103629,4.0005445,-2.7511694,-2.184623,-0.18571688,0.7704031,2.224813,-4.301451,2.214593,1.4460174,-0.63385105,-8.711474
TCGA-UD-AAC5-01,-0.034870304,-0.053457808,-1.0713844,-0.034766883,0.63709694,1.9878633,-0.11846551,-0.06047128,2.1768217,0.29488286,1.6744883,0.36035192,-1.1245593,-1.5340443,0.4084581,-1.6665332,-5.0779185,-2.0726292,1.3029593,0.26410517,-1.9230996,-0.5597222,0.30208352,1.3541659,0.005712175,4.5821447,-0.9760933,-0.41887438,-0.45681337,-0.6635844,-1.0004426,-2.8196714,2.8985872,-0.28146064,-0.699773,-2.719693,-0.12847733,1.5919327,-1.006168,0.64031297,1.4367942,1.718463,1.1332256,-2.793491,-1.4249505,0.18703647,0.5437634,1.500103,-0.5740863,-1.8595614
TCGA-MQ-A4LV-01,1.9244459,0.0165705,0.94119143,-1.0308208,1.1405725,-2.6681254,-0.76680636,0.73727727,-2.5890262,-1.4085257,-4.2521353,0.3676885,-2.7312353,-0.3141281,-0.346881,-4.231152,-1.6868383,0.38827124,-0.4784683,1.2301005,-0.7497384,-0.7923299,1.7439265,-0.93179005,-0.92614275,3.3007078,-1.1061584,2.655317,0.43078515,-1.3312498,0.09333496,0.077468425,0.6418406,-2.6238017,1.5947647,-0.29347563,-0.6521302,1.1848292,3.023725,1.3972393,-3.0887835,0.48733762,0.27216014,-1.2053627,-5.6642084,-3.1026406,2.5099704,3.4773417,-0.15453857,-1.7049057
TCGA-3H-AB3U-01,0.52989244,-0.8234699,5.4978004,-0.17377087,-2.1290822,2.5808039,0.8093894,-0.98320943,-4.093543,0.1816091,0.21255049,0.0056387405,-1.88589,-1.1324939,-0.74144554,-2.0825336,-3.034062,-3.5091157,-0.9090621,0.6477015,-3.5756838,-5.0987535,0.103000835,1.1713133,1.7485796,0.3079466,0.06854715,-0.35046756,-0.25273025,-0.71566087,-1.0899912,-3.749161,2.575757,-2.5877395,-3.9008439,-1.6342622,-1.8008341,4.4343643,-0.03768426,1.865367,0.049464274,-1.568341,0.055074565,0.61366546,-2.6758056,-0.47113678,-0.21028914,-1.3105721,0.2438958,-9.683073
TCGA-LK-A4O0-01,-0.97165966,1.147634,-2.192937,1.6936684,0.4401434,-2.0477111,1.7402431,0.026156051,-0.31241065,0.1536439,-3.1367278,-0.7801669,-2.722669,-3.4710777,1.0179875,-1.1245351,0.44018027,0.55206496,2.5091805,-0.83773553,0.4813412,1.1390802,0.31987447,1.2230109,-0.509911,0.18903954,-1.9391813,-0.6829638,-0.22294919,-0.42363125,1.5362501,-0.10759243,0.26583484,1.8321117,1.07203,1.2567302,0.9651372,1.950981,4.4324718,2.7235992,-2.4015884,-1.8162742,0.2789414,0.9497234,-3.8764868,-2.2532125,0.834748,1.1502032,-0.29626268,0.027437752
TCGA-TS-A7P6-01,0.89233816,0.5326821,-0.41403943,-0.36703265,-2.7171178,0.35254624,0.7280591,0.8008786,-1.9025207,-1.3962746,-0.76288366,0.18030298,-3.8498378,-3.99769,0.47045854,-7.120676,3.8433135,-3.091385,2.2289567,-1.0507448,1.1262156,1.5835378,1.069522,1.332381,-1.4021868,-0.38185635,0.0014848225,1.0063256,0.39527813,-0.08905793,-1.3605543,-2.3123205,-0.5110369,2.1786642,1.1495781,1.41725,-0.40899938,7.774227,2.0224743,1.8694624,-1.0642546,-1.9755592,0.4017439,-3.354009,0.11736037,-3.3345203,1.2984102,4.6130953,0.07461798,-6.2393804
TCGA-3H-AB3S-01,-0.06810707,0.4733712,0.50095105,-0.15835337,2.942203,3.6237378,1.038889,0.6173572,-0.93376577,-0.44339597,0.82440394,-0.7625946,-3.8812835,0.08303748,1.0270287,-5.092194,-0.20040467,-3.8360298,0.7965125,-0.4634232,-0.049972583,1.2915492,-0.5236979,1.4549556,0.15199758,5.45619,-0.19687192,-0.79820335,-0.14789587,0.0023863008,-0.6506102,-2.7783275,-1.1060166,1.1964098,1.8716923,0.111318484,0.050944354,2.8875942,-3.45654,0.3666786,2.1289885,-0.76510334,0.3499174,-5.363769,-2.0412636,-0.06830813,1.6669263,1.4191717,0.17534861,-4.7032385
TCGA-NQ-A57I-01,1.0047495,0.62847143,-2.0540254,0.14871629,3.5648973,0.22908944,1.192569,0.4237232,-0.3898199,-1.5709996,-3.1028962,0.7913777,-2.4482205,0.7425201,0.9949517,2.7555816,-1.3784262,0.89011884,1.4616798,-0.28357676,-0.5112519,3.2451031,2.3608725,0.4693364,-0.76102287,0.8268415,-0.7576474,1.8513021,-0.07953291,-0.6282942,0.40960023,2.063872,-0.1416513,2.7295873,1.6482534,-1.1270331,-1.3616025,-0.37977308,4.180122,6.622247,-2.0126069,1.2332557,-0.058189414,0.43008387,-6.6635075,-0.053867836,3.343674,2.71419,-0.72361964,1.5606849
TCGA-TS-A7P3-01,0.9370605,-0.028320722,-0.5848712,-0.44101593,-1.0738211,1.4831984,0.2901233,-0.4812225,1.8139298,-0.25052702,-0.73174685,1.8518392,-4.0770473,-2.4856997,-0.26108688,-2.4835827,-2.8838236,1.218726,5.0487146,0.7098557,-1.8180053,1.9957341,0.6997183,0.035372745,0.16037536,-0.0017533768,-1.1320205,1.2687954,-1.3697994,-1.9238614,0.9365853,0.0762458,3.960208,-1.3811734,-0.28497013,-2.4342153,-0.99838924,2.6453817,2.08596,4.4190373,-1.4449981,1.3430842,0.709731,-3.5310686,1.7222613,-1.8074269,-0.86677146,1.6574478,-0.38582465,-6.750034
TCGA-UD-AAC4-01,2.0623038,-0.31006607,3.1182804,-1.9445122,0.9149887,-0.19210364,0.14803258,0.80189043,-2.194031,-0.9890303,-1.5603031,0.92137223,-0.76504946,2.4228399,0.089997254,-2.3683612,1.1931299,-0.22131142,0.2649916,0.58107966,0.827796,0.1577718,0.7670235,1.000971,0.7395087,2.5659766,-1.0885925,1.6738232,0.4304415,-1.7203039,-0.8440203,-2.8577428,-2.8461347,-1.972107,0.96516615,1.4066529,-0.3802658,3.5906222,0.36452457,0.76825446,-1.4844279,-3.294663,0.2779771,-0.7506083,-4.783694,-0.62377214,2.1203446,3.0153368,1.1675792,-3.2119944
TCGA-UD-AAC7-01,-0.83197594,-0.4962575,-1.4467179,0.97393,0.13261162,1.1552633,0.2755806,0.4990008,1.8007535,0.6258946,0.78956795,-0.8580893,-1.9262378,-2.3535256,1.1268932,-2.0481434,2.3609586,-0.13469745,0.07298054,-1.2915404,2.7240396,-1.5859579,0.3900933,2.252496,-1.2953784,-1.7038168,-1.3056153,-0.7564067,0.5525418,1.7260907,1.0845605,-0.41133022,1.0547487,-0.7870435,0.113246225,1.7778668,0.56061137,2.3033423,2.5482528,1.9797088,0.23961064,0.8152215,0.909525,0.36082935,1.5482275,-1.6263498,-1.0327778,1.6264013,0.18837726,0.38152742
TCGA-MQ-A4LJ-01,-1.2775846,0.43123612,-0.7563742,-0.27078712,-0.94328886,5.721712,0.47639173,-0.12113916,-1.3301903,-0.018957749,0.39851302,-0.9194759,-5.5333986,-4.2465854,0.3169855,-6.5728993,2.026033,-3.1048768,3.4896064,-0.42201102,1.0577798,-0.70820284,-0.5071718,0.9969476,0.61919415,-2.044681,-1.0097082,-1.3075037,-0.14697249,-0.07893157,0.9989378,0.8338535,0.28516,0.61939615,0.17972511,-2.250584,0.054690365,7.551812,4.0611777,3.2521994,-2.64962,-1.9722948,0.6324806,-1.6039805,2.2006967,-1.2446098,-3.871736,2.317738,1.1705526,-8.397002
TCGA-UT-A88E-01,0.76176184,0.5064568,6.764727,0.17769054,-0.8625438,-2.337499,0.105493315,0.1474553,-4.9197426,-0.2998687,-2.597712,0.80205965,-4.0653877,0.8537612,-0.56991667,-1.5164082,-1.9722562,-3.753637,-2.8116179,1.5084721,-2.111679,-4.4624686,0.9200875,1.1239734,1.3239312,5.310448,1.2342651,1.0496706,-0.004106726,-0.38016725,-3.8083506,-2.372288,1.4420868,-5.317818,-1.9809724,0.9810482,-1.1444232,1.2386289,1.9849774,1.1206477,-1.8503472,-0.75459,-0.053228505,0.2795364,-5.705885,-1.5287527,3.8290854,0.77828264,-0.071127936,-1.4212939
TCGA-SH-A7BH-01,-2.471401,-0.95749766,-3.6765807,2.948397,1.2850758,-1.6634555,0.34388047,1.2539333,-5.335707,-0.42809,-2.8153186,-1.297224,-3.6824958,-4.847716,1.8378701,-7.0707264,1.2357264,4.942025,0.6718992,0.33415025,-3.7705932,4.396694,1.9215804,0.45444462,-1.1262512,-1.0531473,-0.92843485,-0.60434544,-1.9472739,0.55284977,3.8895116,2.542589,0.5490971,2.0020103,-1.0170168,4.5962515,0.6972501,0.63808227,-7.2799187,6.3187613,4.260642,-1.6318448,-0.32190642,-3.146833,-2.2393446,-4.279481,0.04113949,4.312815,-0.022890361,3.2305975
TCGA-LK-A4O5-01,-0.052580245,0.58126414,2.3465254,-0.21689314,0.4488489,0.24916919,0.02030314,0.017129915,-3.5555978,0.76931095,-1.1036431,-0.15519847,-1.8744462,-2.5892088,0.58255726,-2.809632,-0.6793146,0.35489133,-1.0405883,0.17187484,-0.830383,-2.6713777,-0.08812885,0.777573,-1.2897891,3.9555883,1.0772647,-0.92178327,-1.0003766,-1.7395282,2.8632376,-2.4175138,-0.9758216,0.014619881,2.7014043,2.3724132,0.3117412,1.8143309,-3.0976577,-0.43779737,3.1550474,0.4613955,0.04073914,-3.6390285,-2.5092297,-1.2763115,1.7343503,2.8114705,-0.40684894,-2.7229927
TCGA-TS-A8AS-01,-0.27862462,-0.027492017,0.086669505,0.17896721,0.6212962,-1.06541,0.6703486,-0.95110136,-2.1127326,-0.7847397,-2.2315657,-0.9153434,-1.5486331,-3.55301,0.86175084,1.5063117,-2.5211842,0.41062236,0.28445885,0.31806973,-3.0720499,-4.779201,-1.354272,0.095540464,2.1413724,-3.4623652,-3.3949878,-0.76935565,-0.3410421,-2.5038114,2.9317849,-0.52901167,6.071234,0.41140184,-0.013554512,0.010449681,0.95119643,1.6762432,2.1289763,2.3714914,-0.9618485,0.9141939,0.4418241,0.93265104,0.52560335,-0.54720765,-2.9925907,-3.9000182,0.9654427,-7.117214
TCGA-UD-AABZ-01,0.29974788,-0.6538596,1.6770242,-0.5422566,-1.2170044,2.8692844,0.1826795,0.6200768,-1.1876881,-0.47169217,1.3859951,0.17344126,-1.760327,4.3185263,1.3230268,-7.64487,1.2906302,-3.2545564,-2.2414143,-1.1484929,0.027746674,1.9110001,0.4750155,1.2283404,0.3354498,0.29742512,0.2853131,-0.65712893,0.29240477,-0.25828105,-1.0303022,-1.7147107,-3.3423402,0.48317024,0.57992786,0.24242412,-0.6980652,4.623545,-0.90713054,-0.36186182,-0.05681428,-0.17520751,1.0553365,-3.1746223,2.373913,0.37170058,0.9250728,1.797742,-0.79949653,-3.5935133
TCGA-SC-A6LR-01,-1.6755381,0.124694206,-1.1784079,0.10032453,1.6917182,6.3023276,1.8006071,-0.66680974,0.7719563,-0.19826871,-0.93477935,-0.6529667,-6.422673,-4.583699,0.6931178,-2.7072754,1.0054398,0.6670291,-0.2136259,-0.4233623,0.5664852,-5.118309,-1.3167597,0.700517,1.1606859,-4.9393616,-1.9718684,-0.99012953,-0.8477164,-1.3536514,-0.56385875,-0.575871,-1.3982978,1.8060756,-1.0504209,-0.2982514,1.1754607,3.013786,0.5626537,0.7582391,-1.7158631,0.04107652,0.79135674,-0.7632471,3.5021293,-0.4496387,-2.6340535,-0.97901946,1.3042637,-4.2943444
TCGA-MQ-A4LI-01,-1.9504105,-0.2585062,3.0887315,0.7284398,0.5690541,4.573504,1.4404553,0.52031183,-0.7464437,0.84449744,-1.1360278,-0.37943375,-5.4156504,-3.315466,0.70140135,-3.142045,-0.40078616,1.0374528,2.2436945,-0.97107583,1.2164716,-1.2703874,0.4218237,1.0259635,-5.9945984,2.5908887,0.9720229,-1.5462543,-0.8703344,1.3114213,6.6981635,-1.2040529,0.9942702,-0.56492573,1.5645623,-3.5741408,0.7648501,6.6409025,-2.7934062,4.4475303,0.3349779,0.34364197,0.31472087,1.2567862,1.9373871,-2.6148384,1.5836504,-0.66414857,1.0997398,-2.5084856
TCGA-MQ-A6BL-01,-1.1132703,1.3854399,0.3044687,1.6649624,0.78207266,0.53466266,1.0324805,-0.39573288,-1.7694222,0.85869366,-3.9219534,-1.2975273,-1.1965717,-2.6546464,1.2363925,-2.7919557,-1.0642372,1.9287322,-1.0667598,-0.508935,-0.46820503,-3.6157699,0.18804194,1.1640395,0.5869361,0.7878249,-2.3039572,-1.1927329,-0.182776,-0.43529522,0.90503967,1.0461386,3.4573293,0.49518225,1.769344,2.099992,0.3997442,2.3193176,2.9470305,4.289804,-2.7028503,0.61649853,-0.4293579,-1.6359282,-4.688486,-1.1593437,1.2265409,0.045417473,-0.4766417,-2.6255796
TCGA-SH-A9CU-01,-2.0350177,-0.39158618,-0.83295166,0.6913822,-3.905473,6.1895776,1.1141784,0.194286,-3.6257145,-0.10256704,-1.4213655,-1.0389824,-4.6813726,-0.41657713,-0.3482162,-5.246223,1.5853791,-2.1280296,-0.39772987,-0.11316604,-2.0667174,0.12211138,-0.09477162,1.4443847,-0.026817173,0.19232473,0.5735461,-0.7876902,-0.10117864,1.3843701,1.8614504,-4.2130547,-2.788042,2.9939663,-1.9164671,-4.197308,-0.007592748,5.0141144,0.40885758,1.3924068,-0.30552483,-3.4108405,0.53478414,2.3029,4.871461,0.7373094,-0.035933215,-1.5373671,1.5762367,-5.6305685
TCGA-TS-A8AF-01,0.31882158,0.24731705,-0.9131513,-0.47663423,-1.418599,0.8884289,0.47698057,0.6095947,-4.5548635,-0.08653329,-3.7247448,0.46396947,-3.4050357,-2.1044233,0.6172587,-4.8415956,2.7765133,0.06432347,-0.050301373,-0.368728,-0.21389513,0.03013704,-0.34995577,1.4663634,-2.4563048,1.9732968,3.3731735,-0.10589281,-0.5220868,-0.8174383,-1.954506,-3.537598,-0.40256962,-0.43534926,3.6010764,-1.2439021,-0.4076556,4.5411377,0.41257045,2.0958447,-0.780825,-0.7979205,0.60931754,-2.8861475,1.4198331,-1.22826,3.2872255,3.8899777,0.39200866,-7.175273
TCGA-YS-A95B-01,-0.42924654,0.51875764,0.6375912,0.20079339,-1.7586752,6.0898104,1.2697918,0.9926575,-1.0745658,-0.0671721,-1.8526323,-0.5025347,-8.146422,-0.98093146,0.29910034,-4.728572,0.8615416,0.04146476,2.24964,-0.64096075,1.8237839,1.2807904,-0.8801279,0.9898013,-1.399299,-1.5726914,2.8258166,-0.17394967,-0.773967,-0.22337021,1.107079,0.03677743,-3.3759289,1.4693738,0.4537879,-1.8578457,0.18814123,4.7328296,-2.234556,3.9150605,-0.098943025,-1.661638,0.22007981,-2.4036596,1.4675131,0.24716856,-3.6664603,2.9491353,0.5094459,-2.3282008
TCGA-TS-A8AI-01,-0.97027826,1.0803982,-1.8551214,1.0442336,0.17005199,0.30742922,-0.090425074,0.4640808,1.3004699,0.045908693,-0.42569593,-0.3795457,-4.751337,0.4709671,1.8551208,-3.1582904,-0.76078796,-1.8465381,-0.85230714,-0.69854987,0.029451549,2.6034408,-0.11415565,1.913615,0.8615563,0.5533962,0.094032176,-0.40885115,0.43711925,0.8642681,-2.947081,-2.3099966,0.6200895,-0.2971682,0.7427025,0.38416058,0.9842797,5.023141,0.81606144,0.31662068,-1.4680142,0.17316064,0.7374088,-5.281995,-1.1011585,-2.3435776,0.7700581,1.7346694,0.091471545,-4.009219
TCGA-UD-AAC1-01,-1.472727,-0.8430365,0.4888651,1.2357341,0.71111524,0.7120261,2.0494888,1.1410656,-0.62081754,1.2404695,-0.77899075,-0.6184313,-1.7400413,-2.17183,0.5044324,-2.326762,-2.250408,0.6272275,4.4697256,-0.5092356,6.0573134,-2.6520467,0.26667657,0.6199276,-1.9450021,-1.7639513,-0.24947096,-1.5981518,0.6100864,2.0987453,4.457071,1.9373343,-2.653675,0.6079025,2.2104337,-2.7330341,1.1422718,5.762564,-2.1388183,-0.47895247,1.0262105,2.7656443,0.7518434,0.75126326,1.9847869,-2.2572105,-3.9958897,0.34181982,0.014712017,-0.3828894
TCGA-LK-A4O4-01,-0.67869747,0.5892913,-5.4560337,1.6217123,-0.03663801,-0.54717666,-0.88594264,-1.1516412,-1.4386271,3.1062264,-3.2362483,-0.21307677,-5.0368314,-3.9375546,0.10699568,-0.7448742,-1.6145253,1.7422973,-2.486057,1.4565123,-1.4854026,-5.6479826,-0.39650375,-0.45901233,2.0591881,-3.2769697,-2.0231922,-2.4469185,-0.65981734,-0.77056265,3.7886682,1.7511938,7.5002246,0.14323957,1.766368,-0.1737784,-0.075717926,0.10535415,2.0783937,4.3331943,-2.228728,1.3626976,1.616189,-1.0395044,1.4228699,-1.758663,-2.5502038,-4.4838905,-1.2693934,-2.7948272
TCGA-SC-AA5Z-01,0.68618995,-0.02551182,-0.2531669,-1.3503287,0.37788358,1.7914375,1.472849,-0.05193133,-0.41972107,-1.8522722,-1.4614493,-0.10940024,-2.3916178,-2.6317317,0.28712144,-1.0386732,0.75338495,0.13793139,3.670224,-0.9917582,1.7549717,-0.78185666,0.06261524,0.9158169,2.5135045,-3.22708,-0.3681361,0.40035054,0.044164445,-1.1325699,1.3811581,2.5636497,0.8437712,-0.042639278,1.5109558,-0.6859604,0.05337366,6.0099254,-0.03798337,3.8427486,-2.4328313,0.553433,0.35255063,1.2536123,3.0206468,-1.1231483,-2.5710518,-1.6805996,0.9735552,-6.952257
TCGA-ZN-A9VO-01,-0.1214268,0.0362934,4.3841696,-1.7476001,-2.5995922,-1.3508041,-0.8099282,0.16174935,-3.5434809,0.057947807,-0.09454716,0.8177067,-0.43826973,-0.3186236,-1.9760971,-3.5183036,-2.8364582,-1.9265187,-2.0505435,2.3534195,-3.3761945,-4.4032016,1.4688048,-0.47546715,1.1446238,2.4125783,-1.4180014,2.0653632,-0.84018916,-2.0165315,-0.91330725,-0.21059477,3.2437866,-3.4711628,-1.2794697,0.60243875,-0.85608953,3.1796076,1.4975996,1.1538461,-1.5470808,0.18499443,0.9004504,0.19671622,1.0863901,-2.2707362,-0.9782041,-2.7347317,0.8040009,-7.6745024
TCGA-MQ-A6BQ-01,0.426441,-0.4691999,1.0543088,-2.2623963,-0.36691862,0.34691256,-0.65502584,0.51221716,-1.0184578,0.15827784,1.4127184,0.0053111794,0.69524866,-2.6656892,-1.6525607,-1.783751,-1.7488513,0.029161556,-2.8662567,1.2168207,-0.65060073,-6.9812775,0.84952706,0.9973955,2.3065255,-2.895235,-3.5869315,0.34534281,0.13786845,-0.7347411,0.09552126,-1.8926156,0.5713348,0.1390849,-1.7687912,-2.6519344,-1.8118331,2.0054622,3.673307,-1.0863827,0.7657775,0.06874535,-0.021490643,-1.1792284,3.181976,0.09311864,-5.584425,-1.698648,2.1801875,-4.76224
TCGA-3U-A98E-01,0.9241982,-0.7687029,1.7212375,-1.4529333,0.48968333,2.3850014,-0.084921,0.61524564,-1.0343076,0.50031114,0.09505844,-0.19266294,2.1034358,-1.4024886,-1.2371539,1.710687,-2.632702,3.221419,-0.18058906,-0.050749872,-3.215783,-6.5693183,-0.00030950643,0.5847326,-0.6052223,0.28163037,-5.913022,0.10499938,0.34493166,-0.42550838,2.9824092,0.19405876,2.4083085,1.8306525,-1.6043015,-0.48005527,-0.68915266,-0.52015746,-5.3079066,-1.5606246,4.9739165,3.838093,-0.0004860945,-0.5544246,-0.5571271,0.63254035,-1.6498692,-3.177306,1.2066207,-4.344069
TCGA-3U-A98D-01,-1.1089431,0.12753546,-1.7962754,0.87560356,0.37807393,4.6380234,0.477429,0.43793502,0.32059056,0.3077354,0.10625011,-1.02033,-5.3183446,-4.480951,1.4174423,-3.5308847,3.769757,-2.3225882,2.243645,-1.399145,2.0579407,1.8236464,-0.20957395,2.0582948,-1.0071912,0.085849926,-0.9967352,-1.0947721,0.3325077,1.6677014,-1.5901654,-0.75246716,0.7957641,2.6167104,1.3344042,2.16384,0.6746489,6.2380095,0.98518085,3.9940856,-1.9636852,-2.356461,0.7837976,-1.2469423,-3.2755477,-0.21018279,1.7151332,2.383074,-0.10208185,-1.6354944
TCGA-3U-A98H-01,-0.6966408,0.26333973,2.8717728,-0.029948728,-0.56380165,-0.13109328,1.2552481,0.2611572,-3.211775,-0.31105247,-1.4834222,-0.24855682,-1.3580757,-0.6115256,0.7326053,-1.7351713,-4.219616,-0.028185885,0.4139182,-0.5724541,-1.5168695,-1.8662976,0.31669807,2.0060441,3.067234,-0.9937068,-2.2172966,-0.52760494,-0.33354762,-0.5911033,1.3560939,-0.04248402,2.3559372,-1.8097907,-0.105654866,0.55061716,0.368141,3.3648155,0.83939666,1.7703638,-1.6494665,1.7234154,1.0312521,-2.4597332,-0.098635554,-0.9248673,-2.8911781,-0.22926232,0.9969141,-8.303346
TCGA-TS-A7P8-01,0.051376782,0.15215886,-1.379021,0.40003392,-0.1901745,0.63491195,0.4155789,0.025783176,-5.107235,-0.6558375,-4.218109,-1.0526319,-6.449187,-5.90821,0.6775641,-4.390993,-0.7890558,1.5433787,2.4883926,-0.10256264,-4.230734,-0.58021325,-0.83741707,1.3911648,0.39359567,-2.9459982,-1.6135517,-1.0646553,-0.18391323,-1.2992324,4.935403,1.392377,4.3077555,0.31063503,4.011258,-0.051007826,0.052069627,4.707531,2.5948384,6.5868306,-4.309851,1.1947367,0.68977904,1.9752322,-1.6754619,-4.983985,-0.25756046,1.6155583,0.60333633,-10.0351
TCGA-TS-A7OY-01,-1.4681019,0.6130893,-1.3414088,1.23822,0.08021564,1.1206412,0.5933452,-0.28389794,-1.0665296,0.58860534,-3.7539454,-1.2413276,-5.017251,-5.0628157,2.1783795,-3.3661072,0.7265911,1.1753987,2.8545392,-0.9558199,-1.1457473,1.067504,0.0067115016,1.7944463,0.79934466,-2.1856234,-1.1482443,-1.0662707,-0.42433402,0.12286084,2.9401045,0.8578055,2.0478776,0.6747155,3.717552,0.6746571,1.1339736,4.2080913,1.987146,4.736859,-2.7408438,0.2290158,0.56669927,-0.31104004,-0.19326405,-3.228369,-0.4289609,2.0654778,0.4792813,-5.3814187
TCGA-TS-A7OZ-01,0.79907584,0.43976176,-0.57265204,0.2318428,-1.468029,1.3516262,0.46075216,-0.59931004,-3.7968981,-0.9967302,-1.5011147,-0.3345753,-6.6594324,-2.1625545,1.7299591,-8.021518,-0.47746515,0.4836013,1.8730059,0.14986879,-4.6770277,1.6234097,-0.051265348,-0.02545662,0.93379,1.3037144,-0.15793961,0.74612784,-0.5411186,-1.7297668,-0.13272677,-0.6862451,3.1569605,-0.42300966,0.8493746,-0.39950597,-1.297108,4.4865003,-1.0030339,5.25112,-3.033969,-0.5145217,-0.22027045,-2.4357748,0.6442881,-4.564014,1.5467874,2.6126833,-0.62244695,-11.034152
TCGA-UT-A88C-01,0.024189938,0.01922961,3.7381396,-0.05851049,-1.3216615,0.7227071,0.68222,-0.81729114,-6.1981916,0.20177431,-1.0381026,-0.6549292,-2.2661493,-0.6553667,-0.06398814,-1.8107085,-4.659506,-1.3862711,0.0138075845,0.15815058,-4.5445786,-2.704352,-0.34119877,0.39986172,2.3339694,-0.98799497,-1.3898649,0.11978197,-0.6083266,-1.8773712,1.1725694,0.65692484,3.1682947,-0.93692964,0.927039,0.033423103,-0.74594057,3.0006995,1.0182351,2.6541698,0.0068199504,1.2076211,0.31487146,-0.47779503,0.112676725,-1.2161438,-2.9930654,0.024679061,0.6578193,-10.839641
TCGA-UD-AABY-01,0.15825889,1.1333536,-0.12745748,0.083951,0.6164917,4.12988,0.70012707,0.5090538,0.8834817,-0.39782798,0.62112534,-0.29393148,-5.8278575,-0.44133225,0.9428874,-4.890652,-1.4244474,0.10771033,3.7431018,-0.025138149,-0.35738686,2.608539,-0.6502696,1.648508,-0.85744995,2.719759,0.30755186,0.44416612,-0.41298276,-0.6619385,-0.9430889,-2.1471822,1.0925547,1.1970108,-1.8339353,-3.3098023,0.21402645,3.387236,-0.7019226,1.7855786,1.31217,-1.3688382,0.21130459,-7.3419847,1.5662969,-0.33105403,1.3745435,2.912253,0.6755726,-5.355659
TCGA-XT-AASU-01,1.9824467,-0.6728086,0.048764627,-0.62439793,0.18116693,-1.8289804,0.14038868,0.55124164,-3.3134568,-2.9657059,-4.766134,0.50073385,-5.211504,-4.5721188,0.4296002,-1.4039292,-1.8453557,0.49532503,1.9328206,0.65886164,-1.8761996,0.14925136,0.74755615,-0.8242221,-0.34580743,2.1972954,-1.4520055,1.7559845,-0.57545775,-2.4717839,0.98639846,-0.2669448,2.3092763,-2.5438747,1.2137486,-1.3539287,0.04976694,0.71720994,1.7464572,4.4035206,-2.9023213,-0.11038871,-0.11480216,-0.6747716,-3.0973544,-2.7939095,1.5790828,5.17782,-0.47401872,-2.442658
TCGA-3H-AB3K-01,0.9982242,-0.14232777,3.352867,-0.40715247,1.7535932,0.07734494,0.6280367,0.4501703,-4.034291,0.09901232,1.8081365,0.5044293,0.2375082,-1.8786631,0.42426205,-2.1159046,-1.5299335,-1.3143536,-3.1845438,-0.24890155,-1.8696064,-3.7532759,-0.12299861,1.1064582,0.5011912,-3.0398436,-2.8437767,-0.15696472,-0.07107453,-0.24374576,-1.0413644,-1.3916682,-0.5406957,3.749359,-3.724732,-2.9145296,-0.51266354,4.094374,-0.5855141,-1.7243255,3.2779684,2.124587,0.56761235,-3.2310421,1.9620715,0.3891992,-3.9907842,0.36759347,0.025783755,-5.0997868
TCGA-LK-A4NW-01,-1.7107282,0.19652559,2.3255544,-0.034414135,0.9527336,2.9812858,0.6822073,0.41218057,0.52494806,-0.14464414,0.12931342,-0.89730513,-1.9331015,-0.84659904,-0.23890834,-3.2254436,0.5238153,1.2883857,1.3525331,0.1069949,-1.0534887,-0.21488146,0.0374705,1.6377901,0.7665413,-0.61349005,-2.102065,-0.46900782,-0.7196023,-0.32563424,-0.77993447,-1.6239293,3.8974936,-0.07363582,1.6560214,2.1012778,0.75121504,3.5492058,-0.49591836,3.7328596,-1.502723,-1.999814,0.46823558,-1.3826032,-1.3213269,-0.08923927,-0.010955445,-2.3213148,1.3959599,-5.687888
TCGA-UD-AAC6-01,2.3949962,-0.118811786,2.741673,-1.5089164,0.03327189,2.1870658,-0.25616637,0.29893485,-1.0160607,-1.4757423,0.8058398,0.8597232,-0.4789799,-0.8328189,0.3202522,-2.9094627,1.0266982,-0.32827908,-0.28111476,0.35487488,-1.745679,-0.5151936,1.0017127,0.57323724,2.1993983,2.3099868,1.4096547,1.7472763,0.8866733,-0.7797977,-1.1389263,-3.4213002,0.8583463,-2.7672093,2.1921675,0.038825084,-0.7830728,2.8048913,1.1231729,-0.5652506,-2.4575384,-2.1659575,0.115736604,-1.7528641,-1.7991434,-0.6286006,-0.21271539,0.6452895,0.16690844,-4.8391047
TCGA-LK-A4O2-01,0.16127744,-0.5427508,1.4808295,-0.26942977,2.2419658,-0.7560383,-0.16926038,0.71906537,-0.78654563,0.31296957,-0.072847836,0.66989905,-1.1111587,-0.49361414,0.24802785,-2.801824,-2.5587444,3.3336442,-1.5674039,-0.82898974,0.28679767,-0.9746782,1.1237562,0.94787276,-0.120013446,1.5583367,-3.7334635,0.116109,-0.77117366,-0.16045626,3.2155406,0.25538492,-0.6814025,1.3558408,0.43487248,3.0413,0.6978487,1.9257308,-2.432808,1.4306521,2.8820128,2.856504,0.4158099,0.21664454,-3.084506,-1.4125279,-0.0127566075,1.5257919,-0.7875678,0.08363777
TCGA-TS-A7P0-01,-2.1364107,-1.3739504,-0.8852911,1.3282946,-4.5647516,4.0323353,1.1939003,0.45576048,-4.917612,0.18669233,0.07438615,-1.5881447,-2.2021842,-4.487795,0.4407883,-6.571401,1.8887731,-3.4246027,1.316788,-0.34146425,0.9128782,-1.1292982,-0.25762102,1.5054871,-0.9455657,-0.44644892,1.9009832,-1.9717293,0.22859508,2.7348924,0.41885874,-4.299242,-0.8154456,2.4523525,0.077870905,-1.4381665,0.44781905,3.6119928,-0.34277248,2.0013568,-2.051457,-3.1939723,0.7967632,-1.1067243,-0.20362638,-2.0494943,2.0845296,2.300352,0.8277452,-6.41663
TCGA-TS-A7P1-01,1.5491246,-0.44632277,-0.5361502,-1.217326,-0.7780192,1.2351893,-0.5878564,0.8564538,1.1762567,-0.9206322,6.1112127,0.22820906,-3.7312071,-0.11213866,0.82299423,-2.874325,4.0511026,-3.962307,-3.7092702,0.19974265,1.97084,-2.182331,0.39701933,1.3197917,1.7790713,2.4449177,3.0658896,1.3519402,1.1744528,-0.24662365,-4.0388484,0.43277445,-0.4863941,-2.077124,3.477364,5.0275555,-0.21697652,3.6094313,2.6884253,0.45826063,-1.9019473,-0.6935672,0.13842806,-3.6097167,-3.3301926,-1.6559802,5.3988285,5.0070705,0.2942255,-2.7662158
TCGA-3H-AB3O-01,-0.54379493,1.1078663,-0.8934157,0.30393165,-0.060405158,0.806322,1.240094,0.1600724,-1.6762959,-0.36428773,-3.594458,-1.0389107,-1.2989452,-4.8890357,1.0774981,-2.783753,-0.91408795,1.853769,-0.493138,-0.91965884,-1.5946512,-3.046359,-0.4894851,1.5340867,1.7085689,-2.928715,-2.8004315,-0.9970025,-0.39939064,-0.73193216,4.101786,1.3929251,4.3488255,-0.65031767,3.163632,0.26916447,1.1574329,0.74079096,2.4979086,3.8730762,-2.8825967,1.0624253,0.13327658,-0.15076596,-0.33246872,-2.0513225,-1.6204954,-0.4195858,0.4714702,-2.6374798
TCGA-ZN-A9VU-01,2.1406407,-0.19749834,-0.7008687,-2.3000958,1.19753,3.0577788,-0.3553338,0.27565148,-1.2138289,-0.607658,-1.4392551,0.9085833,1.2436786,-2.4204018,-1.3435467,1.6996403,-2.6318393,-1.6552389,-0.85726744,1.6829805,-2.0899265,-6.5892663,0.61505455,-0.24229336,1.9904554,-0.028858788,-1.4095106,1.4903815,0.4386785,-1.5467281,-1.4434255,0.54599464,3.3091893,0.7511826,0.45546898,0.7242027,-0.96840215,0.16970184,-0.5264173,-0.94747746,1.1286522,0.31246474,0.41066265,-0.31009528,-1.6155018,-2.0327218,-0.45975915,-1.343373,0.7153943,-4.3100977
TCGA-SC-A6LN-01,-0.40633973,0.49808162,3.2780995,0.80155313,-3.2284274,3.269389,0.026595445,-0.17127265,-4.547135,0.5159678,-1.9011229,-0.75621855,-7.612008,-0.29611722,0.36449412,-7.8205457,-1.8806558,-1.1158688,1.9478914,0.15262324,-2.1207192,2.1677632,-0.44862366,0.8367806,2.0954888,1.4460176,-1.6147606,-0.11232965,-1.1688198,-1.448018,-0.15202466,-2.5807307,-0.44518325,0.6361931,-0.7202715,-1.2002163,-0.12806089,7.026739,1.3017416,5.046075,-1.6771449,-2.4447203,0.22477053,-2.9849005,-3.0694413,-2.6826892,1.934788,2.4775405,-0.007836914,-11.6644745
TCGA-3H-AB3M-01,-1.5882425,-0.48459417,2.0725436,1.2399251,-2.76239,4.4260416,0.88696635,0.768756,-4.354997,0.24671194,0.22077571,-0.8595666,-3.4776747,-0.5398127,0.64210653,-5.588795,-1.9584465,1.80523,0.6086944,-0.95509505,-0.44713134,1.0323552,0.12717994,1.1376526,-1.323463,3.7458272,-0.45531833,-1.1132227,0.086694755,1.8079674,3.3066642,-3.590306,-3.1140628,0.5377265,-0.377169,0.4434114,0.56143314,4.4685426,-3.855457,0.914817,0.6646431,0.18231723,0.46832424,-1.0263788,-2.6069424,-0.07631995,2.6710122,0.959045,0.67422074,-4.0644164
TCGA-ZN-A9VQ-01,0.7187614,0.4460305,0.24221061,-1.1469243,0.71805704,1.2948776,-2.1785426,0.5291105,-0.120922774,-1.542096,-0.6689358,1.5018339,-2.3414793,-0.6606887,1.0675361,-6.6320024,-0.60292417,-4.4123316,1.1492593,1.5045055,-2.9436088,0.8480742,1.459293,0.6608773,-0.7891717,3.1743252,1.0949465,2.5263243,1.0184519,0.01217204,-2.4023163,-4.419346,3.1814985,0.33516452,-3.002901,-3.5136065,-1.394266,3.2953494,-4.360497,-0.18880568,0.96059036,-0.7037907,0.139463,-4.5513086,-0.76228267,-2.0520651,1.4711516,4.1175075,1.3642241,-5.780262
TCGA-SH-A7BD-01,-0.2925539,0.29919973,6.095717,-0.23131989,-2.0758438,-2.717558,-0.2402883,0.46763185,-3.651535,0.5755247,0.893125,0.34818333,1.9649074,2.242975,-0.8407715,-2.5379708,-3.0485475,-4.921494,-2.7018857,0.6340883,-1.0081501,-2.7455509,1.0799184,0.6644158,1.1282958,-1.1143074,1.812162,1.0618312,0.102023,-0.7892557,-5.181518,-2.3622684,-0.89641607,-0.8950917,-2.7399826,-0.22840975,-0.6105685,5.613597,3.781714,-0.42555955,1.5383708,1.6801203,0.48225695,-2.1554778,-0.7921841,-0.5874969,-1.5231725,-1.760382,0.9359346,-6.2894025
TCGA-UT-A97Y-01,1.6936809,0.35773093,-1.5109239,-1.5338744,1.6891208,1.5130723,0.70126885,0.23916636,1.8030715,-3.2154684,-1.3280933,0.81724477,-2.3049238,-1.5239583,0.97895694,-1.9971701,-0.58873916,3.8782933,2.4839337,-1.0873154,0.59723604,2.6469958,1.6599916,0.40538067,-0.7662004,-0.32752314,-1.83549,1.439433,0.24581501,-0.559426,3.052494,0.83922505,1.7223574,0.6254693,0.6139445,0.69635487,-0.79279274,2.4695873,-2.6902266,2.9448056,0.48135477,1.1897501,0.072013505,-3.6217623,-1.1515083,-0.43454543,-1.0384297,1.4090502,-0.17405763,-3.2452497
TCGA-ZN-A9VS-01,-0.24152401,-0.57681847,-0.30645552,0.26119328,0.8697581,3.0261712,0.91673374,1.5775228,-0.3995954,0.52501225,0.17041096,-0.40436664,0.06536999,-2.2571542,-0.35201412,0.51679677,-1.2743933,-1.7627898,-0.39862093,-0.7032079,1.2074466,-5.4647446,0.02379119,2.0526543,2.2693684,0.88080835,-1.8599787,-0.7115803,0.5906208,1.0659401,-1.0393203,-1.0435097,2.7831903,0.39406568,-0.51326305,1.221227,-0.24816988,-0.5015355,-1.6316773,1.3970227,-0.62877303,-1.8526796,0.9151996,0.94924796,-1.0659634,-2.5686188,-0.68362916,-1.82213,1.1551753,-3.384363
TCGA-MQ-A6BR-01,-0.9368024,-0.3005079,0.3677861,-0.2842052,-2.3333883,1.809633,0.75696534,0.4768155,-1.8517241,0.19204119,-1.1247387,-1.168908,-2.2337835,-2.1243193,-0.010547403,-3.919602,2.685002,2.7721117,4.7910314,-0.18966967,2.7002144,-0.8116704,0.46455804,0.7090497,-0.2068611,0.53454727,0.7945359,-1.5953804,-0.19811581,0.3490565,4.7034974,1.4963527,-3.8043094,0.6261584,1.6837851,-0.919685,-0.45197532,4.899198,-5.8696356,-0.2752469,3.5627222,5.0535183,0.6523317,0.365652,3.9739587,-0.7369474,-5.4702396,0.29113942,1.1735038,-5.7839227
TCGA-MQ-A4LC-01,1.4997795,-0.1721717,2.3166466,-1.5367371,1.024352,1.9635674,-0.9231339,-0.35358772,-1.8828658,0.52719516,0.0063602123,-0.6358073,1.404455,-1.9362903,-1.4053259,-1.9308013,-2.350927,-1.0739272,-2.5039012,1.5625125,-1.9484354,-6.6640553,0.9778057,0.45470154,1.5110844,-2.08408,-2.6394022,0.7347962,-0.61330014,-1.3480049,-0.8205386,-1.2069952,1.6142288,0.17622992,-3.3894515,-0.03230154,-1.8010223,2.8585775,1.1276814,-1.0902355,1.5193931,0.9757939,-0.6034938,-1.0104982,-0.78792274,0.0011078599,-3.1573458,-2.3774166,0.588701,-7.2374034
TCGA-TS-A8AY-01,-1.2927471,-0.25524214,-0.87962276,-0.14795896,-1.4768268,3.7369692,0.37961417,-0.046317764,-1.6054175,-0.0035587484,-0.7731311,-1.056425,-4.026137,-4.010711,0.81735706,-4.216438,-0.18339205,1.3042711,2.0068524,-1.268947,0.44634122,-1.3034322,-0.90196216,1.2740476,-0.91793424,0.18638685,0.24157302,-1.731257,-0.61652535,0.22844529,3.089432,-0.6898128,-0.07723348,0.92990386,1.5215106,0.35488644,-0.47118518,4.360061,-2.439258,1.9885625,-0.93138736,-0.6338633,0.6081481,0.7825065,-1.2029998,-2.4310708,-1.2596288,1.2592183,1.0603062,-4.816981
TCGA-SC-A6LP-01,0.510258,1.0441123,-1.832858,-0.08408457,0.38549918,-0.27476135,0.6023316,0.114510454,0.2006191,-1.3910744,-1.4975418,0.09409509,0.8769615,-0.90432566,0.11876564,-1.0604491,0.945123,-0.0131244175,1.7177474,-1.3545779,0.50589705,2.9507244,1.7266493,-0.06859124,0.14174968,-1.2817824,-0.8293115,1.1240082,0.72242177,-0.43450776,0.05915957,0.6011169,-0.64966524,1.5603715,2.2882905,2.2648287,0.28689465,0.3917791,1.8631979,3.2247624,-1.6251214,-0.048258442,-0.7274374,-0.36979362,-0.81107354,-0.54103076,0.061217323,1.635228,-0.4974908,0.48220807
TCGA-MQ-A6BN-01,0.35850164,0.17306639,4.8660455,-0.73187536,-1.8804641,-1.4142452,-0.2354451,-0.085876435,-2.0412004,0.079782955,-0.17316009,1.0461957,0.94767225,1.3794568,-0.7593834,-3.9753203,-2.3273578,0.088954434,-2.0718818,1.5166475,0.061598625,-1.3536853,0.7970695,0.978749,0.12913719,1.7491796,0.015500229,0.23844863,-0.2804008,-0.74901605,2.0441978,-1.4669716,-1.1869437,-0.07195048,-0.61556685,-0.15889162,-1.3758376,4.063185,-2.9447727,0.035136905,2.318821,0.74279976,-0.16198692,-3.864451,-0.16267604,-0.49338925,-0.96570295,-1.126811,0.62180567,-3.8320246
TCGA-YS-AA4M-01,0.3481679,0.74687,-0.24375416,0.30560023,0.40239644,0.3355818,0.45234063,0.38027358,-2.678799,-0.80523884,-3.7261724,-0.81807333,-3.1731083,-3.8222494,0.14333567,-3.050312,-1.4296032,1.5365996,0.028000804,-0.35503763,-2.5175252,-1.3962637,-0.4158945,0.4602221,0.61816216,-0.8281073,-2.0872989,0.533073,0.025378978,-2.0985596,2.342923,0.89481,3.2249572,0.24814339,2.2314436,1.1684299,0.8994253,0.727396,2.603087,3.3207676,-3.035191,0.87127566,0.31862247,-0.47601756,-3.2910862,-2.318615,-0.48379937,1.804969,-0.32900366,-4.673261
TCGA-MQ-A4LP-01,1.3801123,-0.33471167,-1.6856898,-1.0240132,-2.0967577,3.3885124,0.09077364,-0.15213048,-0.19952393,-1.2535782,-1.2040251,1.3845911,-3.0464478,-1.2135036,-0.46565947,-4.418537,2.899974,-1.7774712,0.89238626,0.701253,-1.830947,1.7541026,0.07298511,0.4154578,-0.57608825,0.5294106,1.2853581,0.5170992,-0.79559314,-1.2342042,-1.1326957,-2.0484684,1.1980369,0.8467942,-0.08593536,-1.6656082,-3.0229828,3.905847,-2.1059737,1.7616956,-1.3920382,-2.2842035,0.14199173,-1.386403,1.4200397,-1.9641708,2.0190458,1.3027974,0.54676116,-4.6389966
TCGA-SC-A6LM-01,0.9942327,-1.4598635,1.5688894,-2.1326354,-1.716369,1.1833867,0.19659413,-1.4534435,-2.43154,-1.0535321,-1.6594329,0.71652484,-2.9087846,-0.93908924,-1.601259,-5.733535,-3.1159954,1.0532688,0.40476394,2.2968893,-3.8103387,0.46637574,-0.034501754,-0.93606055,-0.1473245,3.9135075,-1.8193569,1.6694621,-2.0954094,-3.1851323,2.704528,-1.0086199,1.7975836,0.5318206,-0.60587215,-1.3102381,-2.230098,1.5939683,-3.8882349,1.9816917,2.5656912,1.2478825,-0.61738634,-2.4179974,-1.489769,-2.0224824,0.89648587,2.6284661,1.7656263,-6.802362
TCGA-3U-A98J-01,-0.39130506,0.23501201,-0.26127845,-0.43091968,-1.0125227,3.241023,0.31888717,1.1694909,-1.5515497,0.34841126,-1.4483882,-0.6857258,-3.460551,-4.2791514,0.70969313,-4.1325426,-0.8529838,-0.83880925,1.7272098,0.23395383,-0.053856943,-2.1141405,-0.050620157,1.6364946,2.193885,-3.43272,-0.9677653,0.079427496,0.059634957,0.22840945,1.3324913,0.93269825,0.9118857,0.105550356,1.4076995,-0.89657617,-0.44142833,4.438553,1.0233717,3.1535194,-2.1933856,0.23863345,0.019164002,-0.5240218,2.5003839,-2.2789733,-3.0442543,-0.017225172,1.3025368,-5.9457946
TCGA-LK-A4O7-01,-1.4534966,-0.45273528,2.3573616,0.4315807,-1.1058404,3.9660048,1.0269636,-0.4256145,-4.3929005,0.9394981,-0.6382454,-0.35353792,-4.7644076,-0.40125084,-0.46910113,-7.148542,1.8136383,-2.5269701,0.92329925,0.13795903,0.64592546,0.01965639,-0.061905477,0.5429396,0.022079434,1.7571217,0.7919752,-1.4977785,-0.052762326,0.9701279,-2.0897486,-3.2887168,-2.7023082,-0.8553985,1.3494747,0.021522067,-0.6929722,5.832364,0.27665773,1.8714671,-2.135962,-2.1184435,1.0216235,-2.8067238,-1.5729628,-0.47076035,1.682554,2.8887653,0.2034306,-6.263809
TCGA-YS-A95C-01,-1.6104918,-0.30423382,1.289339,0.25792006,0.31009656,4.54979,0.75125825,0.89238673,-0.87662655,0.44100523,0.452138,-0.9209147,-1.7882581,-1.8777405,0.29652116,-1.9296854,-0.88247263,-0.87186897,0.062681876,-0.56481445,-1.1847302,-3.334142,-0.09661582,0.99995255,1.3881412,-2.5828228,-1.9648538,-1.237,-0.55035603,1.1934342,-0.44472802,-1.3810112,0.53691983,0.403735,-1.0751297,-1.0657408,0.5197549,3.1314652,1.8378911,0.58090395,-0.36323342,0.38124615,0.6417988,-0.65868366,0.8975788,0.17242685,-3.952462,-1.6447159,1.4798557,-6.884572
TCGA-MQ-A4LM-01,1.3262902,-0.102839395,-2.4139972,-0.23570366,0.49081945,-1.5653938,0.3269909,0.5877569,-0.65920854,-2.3924603,-3.922949,-0.080952846,-2.8033988,-2.0495744,0.70969236,-0.9379672,-1.4558058,2.1387155,0.69502604,-0.42546198,-1.2398576,1.3505102,1.1562796,-0.40485194,0.32523876,0.21408622,-2.0138335,2.0830517,0.89808714,-1.4902835,0.9924604,0.41274053,2.2521749,0.040253706,1.9000348,1.3253987,-0.42832565,0.743924,2.0669315,5.0284243,-3.3204806,0.17246437,-0.43806714,-0.4021503,-3.817549,-2.1740909,0.8116077,2.3238592,-0.25262523,-1.0482937
TCGA-3H-AB3T-01,1.3315858,0.31178185,-1.6313436,0.4885756,0.7873532,-1.8762761,0.5485922,0.43545717,-0.38527927,-0.44050452,-3.4453278,0.6278136,0.34622943,-0.85712546,1.2525828,-1.5953379,-0.653914,1.0650567,-0.23284097,-0.7600654,-0.07249249,-0.8213967,0.74868673,1.1462325,-0.043786395,2.5205219,-1.3853033,1.139952,0.89059764,-0.6367667,0.38265562,-0.59555024,1.8620089,-0.8926688,1.9102733,1.6404834,-0.083966725,0.66183686,2.2258568,3.7322333,-2.837351,-0.6717935,0.2607203,0.5665248,-5.141835,-1.6397598,3.0847485,0.7046403,-0.16586944,0.8255893
TCGA-UT-A88D-01,-0.093663104,0.37429777,0.16968401,0.17375435,0.5852548,2.6912303,0.78985184,-0.19682111,-3.16035,-0.098901965,-2.4295826,-0.47178262,-4.418295,-3.9767988,1.17894,-4.5789876,-1.9459083,0.952088,1.4791555,0.131384,-2.8393035,-0.48520276,-0.5502238,1.2297965,1.0001909,0.50271106,-2.4421597,-0.75613344,-0.113807,-1.1004331,0.7411889,-0.6768365,3.318002,0.15979853,0.72590536,0.8304023,0.34900585,3.4463518,1.2559003,2.2843542,-2.0761833,0.64418447,0.6741269,-3.5366268,-2.0462205,-1.8265837,-0.2427261,2.6090097,0.50033027,-8.6618185
TCGA-MQ-A4KX-01,0.39559776,0.3399822,2.5433671,-1.0203918,0.30449224,1.0846341,-0.5092776,-0.15012066,-2.6672065,0.4848004,-1.4973015,-0.35271838,-0.57072866,-2.5747268,-1.2830119,-1.4630475,-2.417076,-0.4036088,-0.43570232,1.3505465,-2.6580448,-3.8492863,0.2770385,0.68887603,2.7915432,-2.2073944,-2.9409978,0.49694774,-1.3383015,-1.7479031,1.4541883,-1.0401334,3.6868277,-0.5959763,-0.016673226,0.35630637,-0.57317233,3.0012376,1.7772654,1.6567292,-1.282217,1.1518589,-0.022542262,-1.7750754,0.80082095,-0.630011,-3.1785467,-1.328443,0.6818542,-9.308244
TCGA-3U-A98I-01,0.39765608,1.0851253,-1.8975445,0.33776215,-0.71365094,2.3184378,0.6737519,0.35874775,1.4620852,-1.2066988,-1.5070894,-0.57355416,-4.817187,-4.1960564,1.1651889,-1.9509932,1.088377,-0.34731796,3.7548344,-1.2997586,0.07179944,2.147957,0.71039397,1.4679186,-0.5404596,-1.4251839,-1.1894257,0.68159133,0.58499646,0.22625932,0.4536042,-1.3962842,1.2963815,2.0634944,0.45718113,-0.18359993,-0.06693128,2.824646,2.0345325,4.664271,-1.6231737,-1.3025491,0.038143292,-1.4644281,-0.5355608,-1.1170714,-0.37209868,2.3448343,-0.3817081,-3.4629397
TCGA-TS-A7OU-01,-0.4626453,0.41815367,2.3926785,-0.49983552,0.86999536,0.39113268,0.50914186,0.35100672,-1.4711729,-0.27455795,-0.6345939,0.2694519,1.3024197,-0.60262764,-0.02033748,-2.0449739,-1.5231395,-0.5673176,-1.2257156,1.3795933,-1.9111894,-2.0645413,0.2375598,1.4149042,1.221727,-0.15037727,-0.9756743,0.33908814,-0.17452368,-0.8420587,-0.47501048,-1.4920087,1.8959413,-0.45925048,-0.41906786,-1.578285,0.058568824,2.6206808,-0.21673614,0.7066284,-0.17290594,-0.0360288,0.86497873,-1.930747,0.4477602,0.104959294,-0.88948786,-2.865928,1.1223323,-6.642809
TCGA-LK-A4O6-01,-0.028707916,0.12814234,0.78768253,-0.46790248,1.2510067,1.914375,0.78481966,-0.22227634,-2.1398504,-0.41313034,-0.5902726,-0.23472843,-4.2249174,-1.9377037,0.5138196,-5.887463,-2.0127318,4.077364,3.2329736,-0.0779023,-2.024152,1.1606216,0.11636543,0.32723695,0.24624877,0.17153427,-2.348179,0.40291023,-0.12976225,-2.1431012,3.470455,1.1396929,2.4544106,0.49589083,-0.15379003,0.030202229,0.77494186,4.642234,-2.914772,4.1976123,1.6946795,1.4680935,0.9630818,-4.100777,-0.2002659,-2.3172479,-1.58058,1.2564553,0.7213244,-10.080436
TCGA-TS-A7P7-01,1.0160404,-0.17016615,-1.1660507,-0.36679372,1.3748533,0.745772,-0.22956964,0.38443232,1.0559001,-1.1728897,0.80723935,-0.10426549,-2.816255,-0.23824018,1.6298045,-2.0168211,-1.1421384,-0.84087837,0.58628345,-0.57914335,-2.3324087,3.1833205,0.6937628,0.53605783,0.14119734,3.7204065,-1.1405362,1.5467577,0.73706526,1.4456426,-1.2539703,-2.05034,1.6648158,0.18051603,-0.25483045,1.6082867,-1.2471724,1.6378639,1.4467332,3.073371,0.24854967,-1.0361031,-1.114427,-2.0987387,-4.478924,-0.4183955,2.9055524,1.3850482,0.51327115,-2.0017962
TCGA-ZN-A9VW-01,-2.0105495,-0.53099483,-0.49597335,2.328022,0.3001664,0.27431196,2.2243264,0.3268471,0.42072427,2.1834292,-2.4809322,-0.331813,-0.68225455,-1.570943,0.42272624,-1.0399959,0.032086737,-0.35560066,0.07404396,-1.3955531,0.24773087,-0.19151682,-0.32884607,0.82643455,0.46386302,3.809621,-0.4686369,-3.023548,0.24072021,3.100753,-1.2155676,-0.9859253,0.6141243,-1.0734056,2.0043979,2.4289448,1.9240447,0.89075816,2.0979557,1.7586954,-2.0414276,-1.3179892,0.6879429,0.12582268,-5.0949316,-1.3366345,3.9691432,2.01493,-0.5106514,0.14083576
