,29,26,27,13,26,16,9,18,3,12,0,22,23,15,5,22,17,2,25,6
TCGA-FX-A48G-01,0.012680348,1.2351862,-0.6219035,-0.3808491,0.29864115,-0.8626903,0.752568,-2.0840404,-0.29350513,2.44762,-0.338299,1.3157953,0.6576845,-0.3973659,2.4821362,1.8262554,-1.2237356,1.8309462,-2.099523,-0.13993475
TCGA-HB-A3YV-01,1.5262113,-3.5073419,1.8083535,0.3108182,-1.6253616,-4.405555,-2.3415453,1.3645383,-1.2496239,1.1536537,0.86258346,0.48497,3.4168465,-3.1899984,0.90561193,1.0733563,1.0278969,3.1162865,1.9156978,2.907995
TCGA-DX-AATS-01,0.08711764,-2.0154128,0.6113123,1.7494223,-3.3099468,-5.083192,-1.359736,-2.2762473,-0.59924185,0.9163693,0.23981483,5.188465,1.746739,-3.593102,2.3944235,-0.74662185,0.77034646,0.8304471,0.52375275,1.5201805
TCGA-FX-A3NJ-01,3.9662306,3.660833,1.1489961,-5.8135104,2.842404,-0.26592198,-0.7731326,-2.0253632,-1.8682721,4.110048,0.81330603,-3.7803147,-3.515284,-2.6185577,-3.7272809,-1.0481207,-0.036647014,1.7046467,-0.92971915,-3.4637046
TCGA-DX-A1L2-01,2.9104416,-1.1106019,2.2138736,3.1868122,-1.1448178,-1.9945203,-4.4652896,-0.4473809,0.38389355,2.1413794,-2.0291195,-0.121398725,-0.34310737,-1.4336383,-2.3602688,1.3662676,0.25321043,4.497424,0.8975106,-0.016365182
TCGA-3B-A9HX-01,-3.5794008,2.083744,-0.78561395,-1.4426386,0.13405365,1.9637023,-1.0221897,2.8678346,0.26129657,0.23142812,1.9585453,-1.808829,-2.3165064,-2.8047829,0.24409932,-0.4145336,0.5191548,-1.413163,-0.16026969,0.44978243
TCGA-WK-A8XX-01,2.3620148,3.230488,3.2716255,-5.1852508,1.8009248,1.7954773,0.1537444,2.9534,-1.8592353,-0.87765443,1.6958131,-3.514711,0.9676832,-2.2134948,-1.5902661,-0.30698583,-0.52811605,-1.3648134,2.2728176,-1.8884273
TCGA-DX-A3LS-01,2.2978666,-1.019932,0.40054965,0.99515176,-1.69252,2.0225532,2.3136702,0.6091333,-0.5251696,-1.4822111,0.05333308,-1.3694366,1.1669294,-1.6338829,3.531732,2.8564463,-0.40945297,-0.5044264,0.7677031,1.4524251
TCGA-DX-A3UD-01,-0.37586623,1.7729789,4.8937483,-6.4308953,2.0091364,-0.6704184,-0.511096,1.6719192,0.46020496,-0.26087263,-0.021157289,-2.5653062,-2.0625565,-3.376148,-0.45288354,-0.6194055,0.6455286,-1.7411867,0.533954,-3.4535928
TCGA-3B-A9I0-01,-0.33981597,2.5278835,2.624777,-5.6720014,-0.9060963,0.042723052,-2.533118,3.9529555,-1.570936,0.80755305,0.584802,-3.301548,-0.49410382,-3.2257445,0.6837604,0.77659535,0.55972636,-3.1861422,0.14711125,-2.577758
TCGA-DX-A8BM-01,1.4197518,-1.8756917,-4.362814,2.5661914,0.039940193,1.6043862,-5.0236444,-1.2092719,-2.1894503,2.6086159,-0.82029057,0.14528847,0.44797057,2.472714,2.7327814,-0.42639244,-2.0310597,2.1432147,-1.0079596,-2.6203756
TCGA-DX-A6BE-01,2.5918999,0.27081206,1.1349753,0.91628647,1.249483,0.66362107,-1.4156741,0.43434608,0.8397376,-2.0061877,1.3602078,-2.5895631,-0.3891097,1.4030415,3.62602,-1.4093865,-0.76308906,2.83104,0.87753093,-0.630354
TCGA-DX-A8BP-01,-0.68295395,3.203588,0.07954787,-0.036215257,-0.8523525,-0.3119211,-2.0351248,0.8780221,0.56782866,-5.3517456,-1.2149915,-0.6784498,0.4690653,0.2950566,1.7616742,-2.5693636,0.25645912,0.74806553,0.8076041,3.0822499
TCGA-MO-A47P-01,1.5679044,1.5204448,0.08055897,-3.6959844,-2.8977249,0.70125604,1.2382097,-1.3738188,0.4687481,0.82766765,-1.837913,-3.616539,-0.53761107,-0.0375951,-5.45198,-3.0682495,0.047887743,-0.353167,0.49162966,-0.3733817
TCGA-WK-A8XO-01,2.445394,0.24325691,1.7828567,0.34505758,0.11785434,0.24653165,2.9800987,2.072477,3.2766688,-1.2283711,1.674012,1.4422956,0.74448746,0.90373266,5.6287065,0.5983541,0.47598034,-1.1136231,1.3286597,3.447414
TCGA-IS-A3KA-01,-4.145237,1.4848564,2.7610846,0.6069824,-1.2706463,1.6547582,2.8379214,-1.414164,-0.776832,0.43732095,-2.2572432,0.7286695,0.4983586,-0.39972416,2.4671,-4.255992,-0.60372126,-2.826453,0.67549574,2.0033667
TCGA-DX-A6BA-01,-1.1054997,0.39288768,-1.2418307,-2.789672,2.4007154,-0.4120161,2.7069721,2.0497737,0.78645074,1.0867114,0.5950132,-1.9398831,1.3670692,-0.3510012,-2.6151333,-1.6502868,0.91007125,-5.9182296,-1.1777734,-0.14157985
TCGA-3B-A9HU-01,0.65211254,2.2846577,-1.6089934,-4.879448,-0.22143291,-0.26350838,3.5522308,1.1458398,0.6333076,-0.6085717,-0.36268732,-4.1899414,0.1136882,-1.7888563,0.20805168,-1.179891,-0.6514862,-4.6118994,1.4360908,-2.9494143
TCGA-X6-A8C7-01,4.2687635,-3.1930552,-1.5241556,-0.70256305,-0.8462755,-4.9197288,1.2218707,-3.2040932,-0.4664566,1.6609316,0.35533014,-2.1430159,-3.4489398,-2.6619911,-0.22542815,-1.4662348,2.8911786,-1.7656975,-1.1506444,-4.5710435
TCGA-DX-A1KW-01,-0.29590443,-0.6163319,1.7069086,1.7238998,-2.6317,-0.793068,-2.75717,1.8284813,-1.3573028,-1.5000132,1.4315406,2.9580333,4.3274307,-0.024405455,1.2981135,1.8880818,-0.44637352,1.9532378,3.8310382,2.5778596
TCGA-HB-A5W3-01,-2.984869,2.4886494,1.4618628,-4.183282,2.1074996,-1.5738016,4.105117,0.9184838,0.3375665,-0.67357564,0.87762725,-3.729162,0.7882105,-0.4434022,-3.2495499,-3.5811658,1.0710646,-4.8163943,1.1701368,2.3380477
TCGA-DX-AB2W-01,-3.0493248,-0.110843524,-0.7647204,0.31245393,-1.3685664,-0.1834868,0.60711354,0.56675863,-0.3783326,-0.12370061,-1.2812896,-1.4898969,-1.3696257,0.8792905,1.3340262,-1.1603459,-0.15892775,3.0208051,0.9917163,0.45701748
TCGA-QQ-A8VF-01,-1.0905095,0.04684126,0.08023287,2.4134848,0.8686142,0.7129501,-2.589367,-0.76939666,-1.0578103,-2.3262262,-2.4994268,4.5411367,4.228816,-1.6456172,5.441071,2.0486064,-2.241047,3.507475,-0.4896964,1.6008627
TCGA-MB-A8JL-01,-0.48605433,-1.9803629,-0.020937156,3.2624466,4.0938706,0.82897,0.8755125,0.8976746,-0.3218457,-4.348955,-0.7227679,4.7916474,1.169812,-0.30892757,1.185523,3.103582,0.7280411,-3.4993262,1.4744232,2.8915179
TCGA-FX-A2QS-01,-2.6454735,-0.28441384,-2.2405667,1.887071,-0.7960111,-0.96598613,0.8808661,5.557043,1.3716015,-0.9576472,1.1809652,4.330828,1.0791824,1.2815946,2.1665225,-2.130261,0.036149587,0.5801394,3.5025134,1.3714511
TCGA-X6-A7WD-01,-2.8928223,1.4407928,0.712074,-1.9571323,0.3689355,0.21630408,1.8596246,1.8067614,0.13240965,-1.614852,1.4536116,1.3127034,-1.7048794,-0.06412355,-1.7220557,-0.28365982,0.38812035,-3.3796556,-0.789538,-3.8263793
TCGA-IE-A4EH-01,-1.871151,0.7854211,2.6883278,-0.72888553,-0.16847503,1.21148,1.3873866,-1.1827396,1.1363827,3.5169127,0.44798812,0.498828,1.4405383,-0.053339414,-1.5518088,1.808144,0.7030588,0.60482603,1.1402268,0.42951724
TCGA-DX-AB30-01,1.4046465,3.390786,-1.1371369,3.0787811,2.4842243,0.5060602,0.58621764,-0.1332294,-0.005595818,0.3526851,1.9988997,6.2941113,-1.2181832,1.6026198,2.6125448,-0.9442461,-1.5108383,-1.9934851,-2.1665578,2.835982
TCGA-DX-A1KX-01,1.2502851,-0.7768283,-1.9850588,2.5010004,-1.9710343,1.9272181,0.23045103,-0.042055085,3.195756,2.3404837,0.17972578,1.3608997,-0.36953574,0.62574726,1.5129161,-0.89073825,-3.1800067,4.4577804,0.5179932,-0.51772463
TCGA-JV-A5VE-01,-5.573609,0.8186631,0.32199514,-0.3164695,1.3552045,3.2030406,3.557997,-0.091072105,0.9288895,1.7835013,1.8530058,-2.1987684,1.120322,-1.0334677,2.1732454,-0.98604107,0.22428295,1.177897,-1.7017562,0.9567563
TCGA-DX-AB3C-01,4.9483156,-3.9216573,-0.40719977,-1.1018884,1.9794563,-4.279267,-2.4015062,-3.1446455,-2.9868662,2.1065466,0.10387415,0.43063492,-3.5423086,-2.2249959,-0.012302153,-0.99590695,3.3069015,-0.17387566,-0.99303055,-3.113121
TCGA-N1-A6IA-01,-2.9698246,-1.3394256,-1.1365684,-0.67433304,-1.9739727,0.39209005,3.5427139,0.2979588,0.960171,0.7006345,2.1663997,3.9471307,2.724488,-0.18643735,2.180199,0.8048194,2.5067465,-1.1790357,0.2782588,4.4322786
TCGA-QC-A6FX-01,-0.08498716,-1.0288924,2.9966187,-0.7600479,-2.13045,0.691686,-2.2082732,0.06149102,0.21897896,-0.53992933,0.26987305,2.289147,2.8102431,2.076189,1.4267938,-0.8320138,-2.7770936,5.044364,1.8591896,0.31882805
TCGA-DX-A1L4-01,0.96482646,-0.95056653,0.2666978,1.1654598,1.6511768,-0.0034197308,-2.4309146,-0.1084998,-0.2745648,-2.6045337,-0.1910585,-3.0181212,-2.3263931,0.9728456,2.968304,0.38998005,1.1567674,1.4073421,1.63274,-2.9059927
TCGA-DX-A8BK-01,0.50342846,-0.7398276,-4.1242766,-0.21170089,0.3537048,-2.5810304,-0.31665522,-0.099554144,3.0086634,-0.8924458,0.47237754,1.930205,-1.2118733,0.06260679,1.1162528,-1.1207767,-0.5129799,1.9140385,-0.3178678,-1.4047897
TCGA-DX-A6YR-01,-0.6786655,-2.6732929,1.2501441,1.8089409,-1.1575055,1.7016566,-4.283908,-4.8326597,-1.595199,2.328336,1.5593289,0.70781595,1.9203569,0.99704504,1.9182447,0.4528012,-2.8123126,5.252254,0.35238746,-0.45405737
TCGA-DX-A7ET-01,-3.0571308,-1.7040482,0.79405534,1.039777,-0.026495881,2.116154,0.6525051,-0.9273086,-1.6860887,-1.9402039,0.59513503,-0.7545407,-0.35596818,1.4555838,5.0151873,-1.6475818,-1.126612,1.796098,1.6846867,0.5668056
TCGA-X6-A7WA-01,-0.86160755,1.9410565,2.2169893,-5.5127444,1.7567492,-1.150977,3.71551,2.5923994,-0.20510122,-2.3181393,-0.16205417,-1.2215734,1.0256687,-2.0325654,-2.9173958,-0.9170247,0.48622686,-4.396663,0.94061685,-1.8672613
TCGA-DX-AB2T-01,2.2907465,-0.682228,-4.681772,0.3831731,-0.745383,0.17483553,-1.2842512,0.77667856,1.0255421,2.2553508,-1.3337241,0.9807146,-1.2841623,0.8676492,2.2469683,0.7745545,-0.31470942,5.575616,4.5595503,-0.96922135
TCGA-FX-A3TO-01,-0.8546084,-3.9795241,0.24487932,2.0039828,0.029571576,0.00025557913,-1.0947939,-5.528757,0.71042544,2.779089,0.72925925,-0.12217968,-0.15149067,-0.77919537,2.1101494,1.0397774,-1.353694,1.4844869,-2.68863,0.9458817
TCGA-DX-A1L0-01,-0.51522094,-1.9071672,1.4090374,1.9821967,-2.037269,2.196624,-5.3669505,2.324985,-0.4567911,-0.92944986,1.7908895,4.5062284,1.3091376,1.597567,0.09375562,-2.0338638,-2.0259316,3.9292753,0.22506477,2.9043024
TCGA-DX-AB32-01,1.5940186,3.0044868,-1.0736024,2.8021579,0.031058451,1.8158588,-2.9435058,-1.224746,-2.031033,-0.7268117,-2.7501755,-0.9970261,-0.9930241,1.660062,2.9344976,-2.1244264,-2.5506418,1.734105,-0.10306875,-2.5792253
TCGA-DX-A7EF-01,-2.0105085,0.68332136,-2.3991725,1.5997415,-0.5904286,-0.8246986,0.081624664,-0.8188986,-0.39982718,1.4464105,-0.78860056,1.5499133,0.4074387,1.171449,-1.6676416,3.7596865,-0.14836773,3.8832698,-1.4701864,0.68518615
TCGA-DX-A48O-01,-0.093013525,2.2485604,5.006811,-5.9245596,-1.7093899,0.13441122,2.4315727,2.6489365,-0.16656137,4.541612,1.3899258,-2.8133945,0.12614931,-3.1202574,-3.1415997,0.72162145,0.4684332,0.19080658,1.892443,-2.3701255
TCGA-DX-A23T-01,1.4539362,0.06203423,-1.3235662,1.4599679,-1.0284717,1.6587188,0.2275726,0.18830541,1.6617377,-0.60914797,1.0115365,-2.4512887,-1.6646873,-0.5193934,1.5506977,-1.6614608,-0.35900795,0.31700593,1.344224,-1.3096799
TCGA-IE-A4EI-01,-2.0220852,2.1318843,1.1982974,-3.7691576,0.76502925,-0.77168685,-1.371491,2.7783332,3.4059153,1.3346964,-0.33050674,-1.5605568,0.057207227,0.5979718,-5.162032,-2.7039793,0.49898785,-0.45585454,-0.5517425,-2.0876117
TCGA-KF-A41W-01,-3.0441709,-1.9242218,0.6125613,0.5456794,-1.5178725,-1.9917793,2.0598621,2.2204149,1.0516275,-0.3576433,1.7154323,1.2050375,1.8454736,-1.1145861,4.4850817,0.8049213,2.1790404,-1.994579,-3.7544134,4.62952
TCGA-DX-A3UE-01,-1.3552592,1.4392858,1.5283079,-4.5629764,-0.4349879,-0.12158485,1.517652,2.7639694,-2.2574763,0.45856684,1.1198616,-0.6029,-1.2376523,-1.6938763,-2.5747514,-0.45503616,0.31834435,-3.3337667,1.5374293,-3.0700302
TCGA-FX-A76Y-01,-1.2576847,4.193593,0.40797463,-4.5411615,-0.4353479,-0.0925688,1.4678694,-3.1102896,0.000661511,3.797684,-0.70991004,-2.009079,-0.92253643,-1.3590437,-1.162282,1.1849785,-1.358395,2.1614056,0.8067863,-4.0767183
TCGA-QQ-A5V9-01,1.8159038,-1.2836536,1.1977437,2.1415422,-0.7039631,1.404386,-3.2817276,0.38144892,1.4497246,-4.139998,0.86573935,1.4996442,0.54710877,1.7071514,3.1315138,-0.36168742,-2.336277,4.081861,0.40232795,-0.16247705
TCGA-DX-A8BT-01,1.6816896,-2.7562368,0.07129,2.29705,-3.3383107,2.757417,0.69037044,0.8212205,2.046923,0.34289038,-0.35230047,1.3404812,1.9759556,-0.6260753,-0.612349,1.017291,-1.9670794,3.6332088,2.344863,1.6089989
TCGA-DX-A7ES-01,0.6745553,0.02110858,-0.16775246,-0.033780463,-0.21469088,0.19710425,1.3784786,-0.013596607,-0.0049892664,0.00797146,-0.59535027,-2.830683,-0.61777,-0.89364123,1.8390564,-2.1379724,1.5354444,1.057869,1.1130205,-0.07870188
TCGA-DX-A3M2-01,-0.18916622,-2.2054496,0.6485428,3.4406993,1.0531405,-0.71761817,-2.0698197,-0.6513328,-1.3099898,-1.3328042,0.30036208,-3.4317567,-2.329393,1.3106583,3.2840204,-0.6372307,-0.95397186,1.2783426,1.4093709,-0.7566286
TCGA-DX-A8BV-01,2.8119497,-0.5699346,-3.1267393,1.9856929,1.0931062,-0.36971977,-5.804077,-1.1923829,-3.2280104,-0.78552204,-1.4672962,-0.09466793,-2.1693537,-0.30324116,-1.0004312,0.65603864,0.29612076,5.4977612,-0.38902217,-4.3791914
TCGA-DX-A6Z2-01,-2.936093,3.7433121,0.24438627,-4.6149774,-1.1802384,-1.2097526,1.5382701,0.6338877,2.6742313,0.48988885,0.2071777,-4.477637,-0.11836409,-0.6602031,-1.0328028,-0.27378425,0.6357089,-3.4657805,0.80315906,-2.995831
TCGA-QC-AA9N-01,0.120409444,-0.27886125,-3.8718872,3.0713775,-3.9705806,0.7346688,0.30204332,0.79126984,0.2738364,0.5172976,0.9894205,-0.35125843,2.6045303,-0.5140028,2.4575672,-1.6859562,-1.5421357,0.8448888,4.9954634,0.9882986
TCGA-DX-A6BG-01,0.83928233,-1.4651787,0.74506426,1.0273166,1.0409362,0.65822333,-0.12011951,-1.1866292,0.11511235,-1.4476821,0.9996566,-2.7868702,-2.423496,1.0011158,5.2341886,2.5706775,-0.3911025,0.51840585,-0.74672747,-0.47412202
TCGA-PC-A5DL-01,1.3771555,2.788344,3.7673147,-5.3414574,3.2994468,-2.018916,-2.0973547,-1.2237633,-2.0583928,3.1463988,0.31084174,-4.719984,0.23616973,-2.3266866,0.4221155,-0.70370877,0.41848016,1.4505581,1.5222167,-3.494157
TCGA-X6-A8C3-01,-2.9209569,2.6572537,1.3490125,0.6009298,-1.5654999,-0.031569418,0.36867914,-0.06403354,1.3314614,-0.85803753,-1.7481626,0.27057377,-1.3071536,0.6929865,1.2154834,2.0822003,-1.7070038,1.1851659,3.3498135,-0.050669853
TCGA-HB-A2OT-01,0.5295503,0.8756274,-1.8275691,0.1382759,-1.8566091,1.7052969,-0.5440709,0.27450132,2.1954021,-0.21951152,-0.026839666,-0.15328352,-1.6872588,-0.017772714,2.8017035,3.0893092,0.342072,1.6456106,0.120201364,-0.14530273
TCGA-DX-A1L3-01,2.1039717,-2.1834335,2.3819685,1.711098,-0.9038962,2.702639,3.7541711,1.8344182,2.2887936,-1.4493014,0.06712593,-0.5086674,0.35675767,1.6312724,0.6450282,-0.25370118,-1.4579904,-0.29014972,0.105904445,2.9467163
TCGA-3B-A9HO-01,3.1178873,-1.581538,0.7536395,0.8007245,-0.86918896,2.1395812,-1.4090105,2.6454926,0.51095945,-1.3687984,-2.456905,-2.4196112,0.3937112,0.12378928,2.2761862,-1.4937595,-2.0040963,1.6011987,1.7814978,0.80987364
TCGA-DX-A3UC-01,-1.9045899,0.47514227,-1.7129912,-5.757828,1.6705041,-1.6607461,1.389016,2.7070627,-0.62605715,1.6477417,-1.5611356,-3.942522,-1.9257553,-1.4211845,-1.5045727,-0.42599952,-1.143331,-4.5088916,-2.441287,-0.58502144
TCGA-Z4-A8JB-01,3.754231,-2.6270037,0.23763593,1.5484335,1.1458474,0.28190008,3.2525027,-1.2678732,4.1079483,0.81266433,1.288748,1.4864967,-1.3970866,2.015988,2.810234,1.6042128,0.28144604,0.33813268,-1.8642677,-0.27224404
TCGA-HS-A5N7-01,-1.3294075,1.3571379,-2.6832995,-3.5587132,0.051954404,0.036061645,3.3487382,3.0705078,1.5824769,0.051314972,0.37607834,-1.6727185,2.3532023,-1.9218862,1.8143364,-2.0221937,0.529753,-4.762006,-2.301575,0.40266052
TCGA-IE-A3OV-01,-0.5473149,1.2691276,0.607649,-3.7424042,2.6200235,-0.9806084,-4.5826955,3.1921806,-3.1329582,-0.7398499,-1.4113376,-2.2386317,-0.5816143,-1.7109365,-3.279248,-1.3443875,0.014410704,-0.53363216,1.1764994,-3.3669188
TCGA-DX-AB2E-01,-1.9612281,2.8589106,2.122216,-0.58049196,0.6331172,0.14956108,-0.73159605,1.7812585,-1.8336394,-5.10109,-1.3004113,0.33828825,2.2686527,0.32116657,0.8176605,3.8566709,-2.6889148,-3.5657768,1.27415,2.2968695
TCGA-MJ-A68J-01,0.77082527,2.5530488,-0.38866514,-0.1482353,-2.8364522,-0.5141994,0.857684,-0.90084577,2.3628633,0.44336456,0.6400527,-0.8955632,-1.9562414,1.0260078,-1.0917132,-1.8316679,0.2549029,5.180191,2.2225876,-3.4023669
TCGA-DX-A8BL-01,3.6784308,0.31817654,0.1127373,0.9469926,0.3771019,-0.4131482,-3.0852804,-2.0525944,-0.9377378,-1.8500099,-0.5683411,4.0796003,-2.0004997,2.6621335,4.9641156,0.20037733,-1.9693947,4.031026,-0.8008134,-1.7503288
TCGA-DX-A8BH-01,0.353872,3.4925904,0.26097572,1.5987711,-0.5881745,1.8889294,-2.2206476,-2.2456346,1.0344048,-2.274292,-0.017629916,2.4043393,-0.1916909,1.0040349,4.580513,2.795291,-5.0001063,3.6330957,0.42493188,-2.3405926
TCGA-PT-A8TR-01,-0.5832569,-1.7547743,0.5950982,-0.3961386,0.05239462,0.7144102,0.15270941,5.5642376,3.5119672,1.8399043,3.5628133,2.496857,1.2966846,-0.83314085,-2.7130127,0.075654425,0.2874811,-1.5328014,2.9731479,3.5240457
TCGA-K1-A3PN-02,-2.2691264,0.39582458,-0.6824309,-5.9235067,3.6369412,-1.393414,0.7939211,4.039699,2.16555,0.38942638,0.5134905,-1.0052054,-2.7225657,-1.700446,-1.2897365,-2.8411455,-0.5431476,-2.6472232,-1.625035,-0.83881986
TCGA-DX-AB2X-01,-1.5977287,-2.3987188,-0.4927127,1.2423608,-2.5149252,0.82789564,-1.7791871,2.3909297,5.3305116,1.5316228,-0.2522861,4.776938,2.5803888,0.10728019,1.216001,-1.1116781,0.33081943,3.14395,2.5825114,5.042126
TCGA-HB-A3L4-01,-2.1450763,1.7736014,-4.4776506,-0.2886501,0.29072973,1.2389613,-0.7051055,-0.5897454,1.0574218,2.7194588,-0.9987469,4.192876,-3.2901466,-0.040328227,-0.78163666,4.8198085,-0.59622407,1.8907809,-0.24163918,0.51252705
TCGA-DX-A3U6-01,1.3153175,-0.12055127,-0.13778679,1.1910137,-1.029759,1.320181,0.30875465,0.97913677,0.9056193,-2.1994846,-0.62883615,-3.232791,-1.3227286,0.6291678,5.2410336,-1.9966158,-0.8182727,-0.6443204,2.318651,-0.5692375
TCGA-QQ-A5VD-01,1.4044503,0.5847071,-0.7417119,-2.5289705,1.0961088,-1.0266935,-1.1521572,0.16460584,-2.3749933,-2.4216535,1.6002929,-1.8700795,-0.33147478,-0.7632493,1.3226974,-3.742594,1.4758227,2.7701786,-1.2714086,-2.1184416
TCGA-QC-A7B5-01,-0.8872438,-0.763201,0.54743654,2.3519044,1.0169712,0.37497175,1.8749539,-1.4360789,-0.43559468,-4.20738,0.93711567,0.46044177,-0.35497463,0.8829261,5.580991,0.34314853,-0.0053613484,-1.4823675,-2.9750473,1.796468
TCGA-3B-A9HJ-01,2.3043969,3.8090727,-1.0218099,-0.09737164,-0.02275042,0.41043404,-2.7551715,1.1782976,0.9320239,-2.4242074,-1.5919049,-2.9617958,-1.8317854,0.69556785,4.9432783,-0.8019601,-0.33338106,1.1895416,2.0742102,-1.6347764
TCGA-3B-A9HI-01,2.434734,-0.59168667,-1.2590683,3.0216973,1.193599,0.75567394,-5.5183964,-1.1178175,-1.8128282,-0.33107987,0.38014096,1.5783505,-1.9060851,-0.69179416,2.0643795,-0.10745524,0.9600273,5.581585,0.64188075,-4.3285728
TCGA-DX-AB3A-01,5.502745,-3.410598,-1.4888614,2.7873511,-1.0191748,-2.6221142,-2.2294672,-1.6235509,-0.86852294,3.1628487,-1.852121,0.37059334,2.7924953,-2.891077,-0.4038018,-1.0597162,-0.13983937,0.8633723,0.214648,-0.15721685
TCGA-X9-A971-01,-2.9931896,0.36163694,0.5820094,-3.274231,1.6572789,-0.3968293,1.5348687,3.995232,2.8296072,-2.960532,1.0616739,3.5635517,-0.040418588,-2.384095,-4.4779673,-0.42484516,0.9695404,-1.9884666,-0.087575965,1.2702154
TCGA-RN-A68Q-01,3.289899,-0.6374611,-0.33631375,-1.1605064,-2.257004,-0.70043063,-0.37744242,0.928004,1.6343696,0.7874894,-0.10889521,-3.334607,-2.9003189,-0.3288245,1.2365512,5.1587214,-2.1784668,1.3767246,-0.6160754,-0.051816735
TCGA-MJ-A850-01,3.1376214,-3.463896,-2.2962697,-0.41038325,1.874015,-3.7052715,-4.6395226,-3.3660324,-4.4583573,1.3069663,-0.0016951561,-2.8996239,-1.6801487,-3.2991076,1.5366133,-2.1643832,3.1721518,-0.65376115,-0.034109205,-1.4912158
TCGA-K1-A42W-01,3.7742858,2.368247,0.567322,-3.4418187,-0.2725568,0.6639781,1.8180918,4.010195,1.5903798,-0.39821008,-0.0483462,-1.5069185,-1.409711,-0.30208015,-1.3033209,-2.0947077,0.32621062,0.7273729,-0.014928002,0.12531504
TCGA-DX-AB2Z-01,-1.296729,-1.4245758,-1.1953017,-0.5008849,0.06721546,-0.8046623,0.6846908,3.4846652,2.8657377,-2.6504061,-0.09009166,0.5652202,-0.49183026,-0.028002417,1.9674089,-0.12472299,0.5305095,-2.0021312,0.3204944,1.1561797
TCGA-IF-A3RQ-01,0.14857666,-1.5660566,1.4183596,1.9240217,-0.31430805,1.7172698,-0.29809833,4.048759,-0.04645107,3.5090709,1.0291646,2.434055,3.521599,0.8304157,1.3001229,-2.0465984,-1.1925726,-0.7213316,2.191188,3.5398405
TCGA-DX-A3U5-01,-1.2179079,0.19657253,-0.030966751,1.0802462,-1.7940991,1.2529336,-2.420215,1.7685366,-2.302692,-0.3494029,-1.6894374,-2.465379,2.290527,2.1736245,1.0457734,1.6386477,-1.8579395,1.2902194,2.6152205,2.8120437
TCGA-DX-AB2L-01,1.5288936,-2.4340222,-0.96328545,1.8400817,1.8097419,0.32237154,-1.8500136,-2.528677,-0.92854905,-0.9572447,0.44463626,-0.33623183,-1.9199425,1.4137619,2.767018,0.3311292,0.9507209,4.339194,-1.27098,-3.8176188
TCGA-K1-A42X-02,0.09404184,1.4706192,-1.0349311,-0.9404504,1.9428711,1.591647,0.43539175,-0.9655657,1.9419056,3.7809193,-0.37225822,2.3887074,-2.6451757,-0.31979224,-4.2936797,4.1935534,-0.459782,4.0304246,-0.43552956,-0.8745763
TCGA-DX-A6YZ-01,1.2822933,2.9921086,2.312083,-0.19680741,-1.6297983,-1.2891103,-1.3380134,-0.44125623,-0.35721487,1.2597873,-0.26292175,0.7705945,0.5768546,0.8687917,-0.856787,3.6630855,-0.85089463,2.3638155,-0.36394542,-1.9767345
TCGA-DX-A7EN-01,-0.7276939,1.5722237,0.16172779,-5.809187,0.12749891,-0.9218634,0.8029088,-0.1779164,3.9883027,3.8700044,-1.0385559,-1.7868147,-3.4203074,-2.7179852,-3.9771278,-3.1047587,0.8734918,-4.049575,0.7707507,-3.1858885
TCGA-DX-A48L-01,-2.8338408,2.224164,-0.47070697,-4.6160364,1.6035063,0.16415676,-0.088423505,0.30025572,-1.519903,0.45710358,0.2302516,-0.06869106,-0.16019636,-2.769036,-2.4344683,0.10855771,-0.5260718,-4.1650953,-3.096639,-5.950735
TCGA-DX-A8BS-01,0.86227053,1.8934143,-3.5399187,1.7711095,-2.22578,1.8944958,0.88338435,0.27024677,2.6939075,-0.28915954,-0.5893974,2.4324114,-1.3352735,1.6429057,2.9291244,1.3537527,-0.61833,1.2162714,-1.3040063,0.5885366
TCGA-VT-A80G-01,-0.5924483,0.42811432,-1.6002916,3.1769729,-0.052124098,2.1642108,-3.590543,1.7350465,-0.26072806,-1.1509045,-0.67059594,4.900416,-0.2155328,2.6774702,5.075009,0.27792645,-2.3441825,1.497192,-3.2796822,3.2787147
TCGA-3B-A9HR-01,-2.7376406,0.33924398,-1.5268503,-4.5460978,0.7128675,-1.1949451,-0.26741633,-1.0965219,-0.8591564,0.83970547,0.7903946,-1.8440123,-4.1209764,-0.44211963,-7.0536485,-0.26871958,1.9414027,-0.100384995,2.333339,-5.985872
TCGA-3B-A9HQ-01,-0.75320464,3.8592248,0.21440092,-7.1324186,-3.4199626,-0.39851505,3.025076,3.5540724,1.6177666,0.7294662,-0.1402605,-1.5462178,-0.6587752,-2.8945436,-2.9118886,-0.776542,-0.6352078,-4.13036,1.1423341,-1.4056247
TCGA-3B-A9HL-01,3.6024578,-1.2093115,1.6605496,2.1376793,0.54989237,3.4788265,-1.3866179,-0.34784314,-1.7526474,0.28711662,1.2749655,-0.7701047,0.4439092,1.1906894,0.44216654,0.4745101,-0.9901215,3.8648503,0.1469106,2.1209288
TCGA-DX-A7EM-01,-0.8464541,2.4515443,1.1000744,-5.990727,2.0403302,-0.31089622,1.0641286,1.5934308,-5.1223664,-0.09004348,-0.40652552,-4.620117,1.3382734,-1.960696,-0.6132155,-0.35287273,-0.14587876,-4.3391895,-2.1625538,-3.361787
TCGA-DX-A1KZ-01,-0.3282005,-0.2748232,2.889784,1.2109796,0.498628,-0.1468496,-1.0353104,4.16484,-0.011829365,-0.12193792,-0.39080352,-2.1548245,0.591322,4.153106,-1.693281,-1.8767376,0.6133787,1.8555778,2.809891,1.000403
TCGA-WK-A8XT-01,5.875322,-2.9391193,-2.5111923,1.1886442,-1.3536534,-2.7106652,-1.7113018,-2.7297566,0.5340157,0.7821485,1.1879648,0.10651916,-1.9755136,-0.41702202,-0.028142396,0.4281951,2.9399836,-0.79873264,-2.8148658,-0.60285044
TCGA-UE-A6QU-01,1.0859663,0.71081656,-3.4554746,2.1235716,-3.791712,1.3623482,0.5249685,3.802493,1.4543153,-2.0705235,-0.6398303,1.0794903,2.0103428,0.6675272,4.3819246,-3.5781338,-2.654158,-0.09194073,1.7795084,2.990071
TCGA-DX-AB2F-01,4.3836384,-2.1434927,-0.4143722,2.3258982,-0.31637454,2.61491,0.828875,2.1491358,3.9060066,4.182482,1.3480304,2.6920717,2.6999657,0.7134406,1.507847,-1.2402533,-2.8376136,2.7183795,2.1016102,1.6978723
TCGA-DX-A6B9-01,0.4507447,1.8727992,-0.53482705,-2.620192,0.11493619,2.8084257,0.74666166,0.6856596,2.5242682,4.7631774,1.6457587,-4.460781,-5.5378113,-1.0780151,1.0375879,0.3931351,0.21932313,0.5535335,-0.3363842,-4.433923
TCGA-IE-A4EJ-01,1.4426203,4.501548,-2.2825162,2.3538637,-3.107429,-0.20309137,-2.686689,1.7157607,1.0961194,0.7958211,-1.3116329,1.2695677,-1.004453,2.9347374,2.54045,0.841497,-3.4600883,3.436973,0.4863745,-1.6072656
TCGA-Z4-AAPF-01,2.4370296,-0.16636987,-4.2532315,0.91201913,-0.28267488,-1.2359722,-0.5522628,-1.5504172,-1.9620967,0.4027002,-0.8784783,0.8168768,-1.0015734,-2.233503,0.90294975,-0.90606475,3.8123724,-3.0716507,-1.5618203,-1.446313
TCGA-SG-A6Z4-01,0.8845236,-2.3551726,-3.0613382,2.0366204,-0.018387374,-1.5200536,-2.4571428,-1.2600374,-0.32860297,0.5698717,1.1293026,4.201446,-0.6325113,1.5406253,2.93219,2.8460085,-0.6131896,1.7008878,-0.6195714,-1.0607408
TCGA-3B-A9I3-01,-1.7067996,1.8720251,-0.11073637,-2.4434264,0.29644844,1.2977138,-3.5884144,-2.0032747,-1.6993963,-0.5736424,0.5519221,-3.2175012,-1.3137941,-2.1674058,0.8637667,-2.5484884,2.569758,0.73288727,1.2217348,-0.7746975
TCGA-WK-A8XZ-01,1.3533685,1.900134,1.424545,-5.081826,0.8826733,-0.13649225,3.6953256,4.554422,2.3261154,0.44514066,2.0316012,-2.531076,0.06040696,-1.0758694,-3.5946693,-2.01082,0.5136203,-5.1313004,0.79506826,0.5730719
TCGA-DX-A3LU-01,0.6965843,-1.1718022,1.0238879,1.9290701,-0.08211469,3.9917824,-2.676732,-0.17804974,-2.1394506,1.1615229,-0.908466,-3.6312,0.32084748,0.7282551,4.0381155,-1.1430898,-0.4844433,2.4644828,1.538552,-0.42889947
TCGA-DX-A6BB-01,0.50772566,1.9376739,3.4063137,-3.7237518,2.5839438,-0.80141324,0.50350106,-0.18264742,-0.79370815,2.466472,1.108531,-1.425855,-3.9559212,-0.04653742,-0.7584672,-3.2738855,1.6463131,1.4441106,1.1253763,-4.419949
TCGA-DX-A6BF-01,1.6594089,-0.7639953,-1.9332057,3.0764818,-2.2653089,2.9404507,1.578562,3.300225,0.20347139,2.3003151,-0.04152304,0.23354806,0.6062569,1.9760132,0.88949966,-0.06388779,-3.3021433,-0.99466383,3.1130314,4.244515
TCGA-DX-A7EO-01,3.6353786,-3.4838154,-2.180857,-0.43000537,0.6141186,-4.3503504,-0.90696776,-3.2840097,0.5255632,0.6721408,-0.38116378,0.13986857,-3.0314033,-1.3411521,1.2993957,-3.4777548,3.036246,-0.6691915,-1.5075623,-1.1396614
TCGA-K1-A3PO-01,1.7721187,1.7984358,-1.5067173,-0.89686066,0.96136343,2.3750758,-2.8026297,-1.6384177,-0.8468878,-0.5210079,0.3888382,-4.4957614,-3.45606,-0.77453583,1.0886247,-1.5462244,1.5394156,0.704144,-1.0673896,-2.642646
TCGA-3B-A9HY-01,-4.741845,0.15799531,0.44942763,-3.3090613,0.21562551,-1.1806695,0.470464,0.11957329,-4.322316,-0.5163694,0.58220536,-3.1802168,0.7527196,-1.1347913,-3.1032646,-1.6799588,1.5350204,1.0558455,-1.474343,-2.8818927
TCGA-DX-A7EQ-01,3.805093,-2.9553502,-0.044677727,0.06967181,-0.5804871,-3.1585305,0.17235142,-2.186892,-6.095903,-1.4566847,0.78948647,-0.20100379,1.6148506,-1.3132781,0.31845284,-2.557157,3.2512505,-1.0116014,-1.5267043,-1.5225301
TCGA-HS-A5N8-01,-0.043665335,4.542158,-1.5589781,2.2772279,-0.87716573,0.81213385,2.7148228,0.21404411,-0.5020627,1.4583812,1.302318,1.0304164,-0.57602495,1.5452883,5.5575027,-0.1793016,-2.2494335,-2.6017444,-1.493947,0.6789599
TCGA-KD-A5QS-01,-3.1191235,-1.0021187,-0.22986218,-0.6454695,-4.86016,1.252022,0.76484174,-2.0604925,2.8946571,0.03467425,2.553008,3.9930923,1.538283,0.844015,-2.3546762,0.42420414,-1.1932532,2.6972923,-1.023864,-1.2362039
TCGA-MJ-A68H-01,-0.255567,0.18223538,-0.36417878,-2.8884487,2.2641468,0.21262048,1.2530591,0.22633132,-1.5298699,0.47066367,1.0936269,-1.4359614,1.3768868,-2.332055,-0.39122772,-0.20200378,0.37349868,-2.27958,1.3069134,0.54110765
TCGA-DX-A23R-01,4.73327,-3.5778854,-2.3822675,0.0045201667,1.0632901,-5.328611,1.7462022,-1.9763279,-0.45478392,5.6298666,-0.4901987,1.9744122,1.4203528,-2.8404841,1.0332909,1.0462967,1.400117,-1.5534067,-1.8881155,1.0739164
TCGA-DX-A8BQ-01,2.0059533,-0.2609591,1.0230691,0.69062597,-0.3883329,0.9773868,-1.9220638,0.93337965,1.4755096,-2.826919,-1.464507,-0.45443207,-0.4247673,0.7981266,3.3133712,-0.32449237,-1.5429004,3.0768921,1.9200652,-0.7352775
TCGA-SI-A71P-01,-0.010745309,-0.20420615,0.63779694,1.0986605,-0.039702497,0.3515464,-1.8315643,1.5836012,-1.8712165,-2.0784667,-0.47148302,-3.8716981,-2.1709814,1.0922884,1.949312,3.7585702,-1.603389,0.021859419,1.7556813,0.0037717
TCGA-IF-A4AJ-01,0.51399094,0.06293179,0.94863886,-3.882474,0.92050713,-0.90452754,-2.2022,2.5747676,-1.6508986,-2.536719,-0.6896449,0.47322136,0.12231849,-0.47876322,-1.8604932,-0.09576662,0.4809376,-1.1737272,-0.70393753,-0.6060234
TCGA-DX-A3UF-01,-1.7045764,0.90828764,1.9749494,-3.1201205,1.1500869,-1.2826085,1.830516,4.47787,-0.24074619,-0.3016677,0.69183475,-1.4405805,2.2029994,-0.22035861,-0.16006328,-3.1662357,1.8866777,-4.345648,0.23444895,0.74915296
TCGA-FX-A8OO-01,6.1317644,-4.4069796,-2.8683903,0.82158643,-2.0066125,-4.5819426,-4.2554617,-1.0609965,-2.952464,2.7306628,0.9152477,-0.086761855,-1.783542,-2.7645514,-0.034338962,1.9716161,5.035566,-0.36664155,-3.1228595,-1.5110829
TCGA-SI-AA8B-01,-2.1826067,-2.4477098,-2.2386694,-0.9455365,2.443443,1.6702673,-0.0994196,0.68140495,3.7613816,-0.31589463,1.8265803,5.4821634,-3.3491333,2.0395565,2.8776648,1.5902991,1.1223412,0.869899,-0.6194791,2.275397
TCGA-3R-A8YX-01,-0.24792798,-4.441415,7.0476084,0.72683114,-0.83208436,0.76283365,-0.595067,1.3274341,0.62239164,-2.2395487,0.6342043,3.8714912,4.755587,-2.243068,0.3260563,2.9543235,-1.8740155,0.086869456,2.3777115,6.0379686
TCGA-X6-A7WC-01,-0.44911677,-1.7886525,0.802823,2.8253884,0.5673602,-0.95248145,-0.87532914,0.9302847,-1.910499,-0.8525405,1.3282561,3.1698697,2.423831,1.3998942,3.4836621,0.6868476,-0.3293084,-2.4672973,-0.9470785,3.10751
TCGA-UE-A6QT-01,3.328023,3.1559577,-1.746161,-1.4936955,-2.566062,-0.14311382,-0.25022194,2.5695603,1.9229794,-2.0960248,-2.3292701,-0.7568742,-0.28943816,1.2975068,0.09220245,-4.2183146,-2.040479,0.7843237,1.9684814,0.2522499
TCGA-LI-A9QH-01,-0.07463948,-3.3340502,-4.8896832,1.2999207,-2.2507257,-0.11958356,-0.20368293,-2.1730058,2.9674957,4.471573,2.0889244,3.4861603,-0.4919283,1.7282773,-2.9488168,0.25721258,-1.2776767,3.8560998,-2.4911778,-0.10515463
TCGA-SI-A71O-01,-3.1436458,1.8030801,-1.7092446,-0.31150767,0.36856845,-0.79931426,-2.4828334,-4.7767124,-2.4457266,-2.97864,-1.1840289,3.1418772,-2.2271307,2.844362,-1.4815295,-1.9420098,-1.1720264,4.312586,3.112384,-2.005423
TCGA-X6-A7W8-01,-4.9145007,-1.4098917,-1.0078859,0.21460937,0.8250124,0.9344601,-2.9153721,-1.7870564,0.6985315,-0.92251164,2.3723824,0.30020007,1.4169303,-0.0951845,4.3615584,-0.2132314,-0.71040297,0.6438864,-1.0549989,1.29926
TCGA-SI-AA8C-01,1.3914815,-1.091136,-1.7871699,1.6339998,1.5348201,-0.5840328,2.3963993,-2.344274,-0.9704535,-0.2405393,0.8725024,4.8355,-0.60818714,-0.5429701,3.3460581,-1.1042464,0.4757535,-0.84650064,-3.6839657,-0.29498655
TCGA-MB-A8JK-01,-2.081972,-0.007649593,-1.8836677,1.4073255,0.9328473,0.5089877,-3.387478,-2.7876968,-0.9308951,-0.58932906,-0.11988489,-1.7378354,-4.081018,0.80215704,-1.3034112,-0.84450394,-0.25773746,5.8639812,1.2828376,-5.844814
TCGA-KD-A5QT-01,-2.8178384,0.4675592,-0.7482251,-3.7004378,3.4206593,1.2529222,1.4968117,2.3163474,-1.2371316,1.7366494,2.5673494,-0.6020096,-0.77955115,-3.2981956,-1.5492846,1.2857659,0.42234194,-1.7368673,3.2344737,-0.8792031
TCGA-WK-A8XY-01,-0.23869427,1.020632,-1.0647672,-4.952968,0.6913722,-1.4509033,1.9751153,5.2522616,3.3763015,2.3476133,-1.2016888,2.5068178,1.9451125,-2.9481359,-3.8617854,-1.9552622,-0.07304435,-5.5101347,1.3725355,1.0952808
TCGA-QQ-A5VC-01,-0.91920745,-1.285804,-1.0541981,1.0677314,-0.22874686,0.79786557,-0.2640873,-0.5040804,2.9939911,1.3063661,1.2319922,4.520772,0.3993807,2.6984477,2.716316,0.8148821,1.3772223,3.7404387,0.1481262,-1.0930067
TCGA-JV-A5VF-01,-1.6215693,1.2544017,-2.0058923,1.2511969,-0.9100479,-0.9715063,3.0731666,-0.67336696,-0.120381534,-0.869422,0.16378023,4.4658356,1.2703103,-0.032291956,5.1342483,-0.1731038,1.5220276,-1.5266808,-2.628448,4.8284426
TCGA-DX-A1L1-01,-1.1144251,1.2825948,0.6351182,2.078526,-2.7794034,0.42518768,-3.6751106,1.1652833,0.4775464,-3.230901,-2.1219423,-2.79653,3.8303542,1.6735168,1.3190273,0.25019974,-3.5622563,1.4186928,3.2628317,2.8945348
TCGA-WP-A9GB-01,-4.89667,2.0991516,2.5840027,-4.057369,2.9025302,0.2981039,3.6255612,-0.14358354,1.3618047,4.639598,2.7812579,4.3291855,-1.855366,-2.8418136,-1.3756354,-0.9051759,-0.132624,-1.3111717,-0.41368303,2.965927
TCGA-X9-A973-01,1.359925,-1.914741,-0.045580562,1.1778828,-1.2877152,0.94163877,-3.6479182,1.9185283,-1.8671991,-2.762168,1.5809485,2.1216357,1.811637,-1.180219,-0.83572674,-0.33339366,-1.0277754,1.4560945,-0.29462212,-2.6732836
TCGA-Z4-AAPG-01,-2.0644825,-4.2474127,-1.4061449,-1.2358614,0.67429,-2.0473366,0.291994,1.9758465,1.059767,-3.853026,0.06358584,3.555513,0.93725586,-3.1353168,-0.72859275,1.721796,1.429072,-4.3133674,-0.82138443,2.5835657
TCGA-X6-A8C6-01,1.9493921,-1.7925069,0.30992284,1.9067787,-0.3184435,-2.5958176,-3.2350388,-0.9626928,-3.0647116,-1.5214999,0.32528493,-0.6945544,0.09042881,-0.29577583,1.3304435,2.5804899,-0.9026944,1.9365369,-1.0810981,-1.1991352
TCGA-DX-A6YV-01,0.076427594,-0.7061818,-5.6715007,1.2191339,-0.27453765,-1.1675363,-6.65221,-1.1986427,0.47716272,1.8780154,0.14634854,5.7279468,-2.4726195,0.6182091,-0.56547713,1.7199881,-0.7165695,5.395323,-0.6390781,-5.044911
TCGA-SG-A849-01,-0.12878522,-1.8415394,2.3593917,-0.50205135,-1.3229045,0.04917118,-1.9878201,-0.2569675,-1.3848989,-1.7817724,-0.24663946,-1.8122038,-0.09296363,-0.29465735,5.025253,0.8297688,-1.4245427,1.1132582,1.8300767,-1.0710557
TCGA-DX-A2IZ-01,4.343866,-3.0524647,1.621283,-0.5912731,-0.1928729,-1.7294766,0.26650092,4.343369,-4.4957886,-3.3959675,2.844941,2.110757,3.2757537,-3.3073094,-3.0145946,1.7173296,1.219787,-3.3467317,2.3245559,2.4653468
TCGA-DX-A1KY-01,-2.4380572,6.080055,-0.23678759,2.1072602,0.423304,0.10253431,-2.0337052,2.6535728,-2.0186193,-4.00613,0.06829151,2.9212117,3.0443904,4.983654,-2.5391393,0.67559737,-1.8960873,4.126138,0.9379406,1.2418844
TCGA-DX-A23Y-01,-2.8660698,-0.44819888,1.6073152,2.2835655,0.31750187,3.9818094,-2.0094247,3.59984,-1.0625656,-0.802607,-2.4873636,-0.34781972,1.5376565,2.6948779,2.3021488,-0.70383996,-3.2306318,0.08332609,3.4032893,3.5332303
TCGA-DX-A7ER-01,5.204983,-3.2426918,0.12613651,0.07702797,-0.04975846,-0.5139326,-2.5941932,-2.9434934,-5.443354,-0.9370726,3.0802135,0.6339778,-3.6610587,-0.8294822,2.8545394,3.1605303,2.1352391,-1.4905688,1.0326105,-3.9154642
TCGA-PC-A5DO-01,-1.0115508,2.2255263,3.1016176,-4.8614445,0.11242096,-0.64868325,2.1204045,4.01387,1.7167321,-1.9179984,-0.80312675,-3.4969215,1.6299088,-2.6502335,-3.367161,0.78187996,-0.2050628,-5.2126102,1.6402948,1.7164519
TCGA-IW-A3M4-01,-1.052622,0.92955184,-0.46550643,0.892667,3.5367627,1.6613643,2.1438909,-1.7425919,2.2226462,1.2433484,-0.46785027,-2.8534245,-1.1944162,0.58432126,-1.2553129,0.893879,-0.86091065,0.075774804,-0.2966088,0.45549616
TCGA-DX-A2J4-01,2.0028672,1.348482,0.784046,-1.2785594,0.75288063,-0.48705447,-1.0045542,-1.0182338,-0.7371861,-1.5580401,2.6789012,-3.1418793,-0.6860523,1.4968837,4.1749086,-0.40947318,0.031713203,0.60194695,0.70291585,-1.3463919
TCGA-DX-A8BO-01,-1.2409424,3.0217254,0.25859928,0.0058713816,-0.044030864,-0.49762046,0.055353485,0.4198541,3.4107084,-1.5658977,-1.615756,-1.0333146,-2.1593595,2.2855248,1.7747655,-3.3314435,-1.8652127,2.6091895,1.795161,-0.69726753
TCGA-DX-A6B8-01,3.17743,-1.2290703,-3.1059155,1.6292415,0.15161385,-1.0085586,-1.9994465,-3.2278295,0.35362458,-0.55579406,1.5248841,2.6513946,-2.955213,1.5619034,1.5630704,4.8572636,-0.12467407,-1.1561216,-2.4095984,3.6554902
TCGA-DX-A23U-01,0.14143538,-2.4387894,1.5626544,1.2803297,1.0563315,0.11111775,-2.0744035,-2.55815,-3.3405507,-1.1722333,1.702108,-0.76766074,-0.13481858,1.9735906,2.5864813,2.9193928,2.0276554,3.1623197,-0.45878473,-2.167398
TCGA-VT-A80J-01,-0.5779316,0.2412888,0.43256426,0.6819514,-2.6810672,1.3720009,1.6470115,2.2327414,1.0828398,-2.7108104,-1.1820102,-1.7000394,-0.30255178,-0.23376507,3.8671741,-0.8227872,-0.4951607,-0.69048464,2.6435256,1.4865875
TCGA-DX-AB2J-01,2.821021,-3.5441723,-2.8716352,2.0615394,-2.5089366,0.59754467,0.42501265,-0.046916664,-1.095468,1.3779994,-0.6772709,2.3545887,4.9909954,0.40210015,1.8880894,-1.1635782,2.3155062,-2.3373065,-2.2067387,3.9262779
TCGA-K1-A6RV-01,-1.0249256,-3.1012797,-0.79467255,0.6650726,0.56388617,-0.21079126,-3.1835344,1.0202984,0.5211396,-1.0188743,2.0385716,2.1527057,0.16376173,1.0461646,2.4039786,0.8281397,1.1646492,0.8041834,-0.9607003,3.4062684
TCGA-PC-A5DK-01,2.3507652,4.287052,3.0814312,-5.315287,1.8992944,-0.5764679,0.15312563,-0.5692861,-0.8763064,0.99956375,0.24310994,-5.732767,-1.1628157,-1.6794759,-0.6973544,-1.5303521,-0.2749061,-0.8343019,1.1368929,-4.5055695
TCGA-IS-A3K7-01,-3.067905,-0.5085238,0.4681987,1.5225614,-0.0053628795,0.25735238,1.000917,-0.026534172,0.23666368,-1.2681987,-1.1570755,-0.022570163,2.2887032,0.5439572,2.586803,-2.639973,0.037025526,0.12735474,-1.4601681,2.7078333
TCGA-IE-A4EK-01,-0.41523817,0.8225595,4.41716,-4.885581,-2.0593538,-1.3572524,0.26087293,-1.8665564,-2.6891904,3.3603032,-0.73844475,-3.7880583,1.1775982,-0.9949886,-5.3303514,-1.3482932,1.1947658,-0.68156326,-0.46355444,-1.371584
TCGA-X6-A8C5-01,-3.1293445,2.112033,1.181318,-4.487441,-0.6901186,-1.2492781,2.375251,1.8103409,3.4007797,1.3342943,-0.3633253,-3.526171,0.39641675,-0.4811626,-0.80505663,-2.3731415,1.7900783,-2.7231977,3.7776535,-1.1823704
TCGA-QQ-A5V2-01,-0.31583694,2.3142862,2.2675557,0.50369394,1.3248624,0.18829972,-1.0992575,1.1836476,-0.3243928,-6.0283294,-0.8233402,1.4459735,-1.5130554,1.6384258,2.7539408,1.7641704,-1.9828277,-0.07490936,1.027714,-0.66440105
TCGA-DX-A2J1-01,1.8279355,-2.6766138,1.0100583,2.1890078,1.1319768,-0.8547512,-1.6705302,-0.67200774,-0.49893922,-2.2454953,-0.95027655,-3.6028826,-1.2674581,-1.5065699,2.7292695,-1.1274981,1.228729,0.96561605,1.083011,-2.7790816
TCGA-3B-A9HS-01,-2.3136213,-2.8506615,0.10815099,-0.25102842,-0.64928985,-2.4994519,-2.2805982,3.0756361,-1.5631195,-1.6484686,-0.30126512,-0.15110523,2.433728,-4.829531,5.241028,-1.8050137,1.136489,0.43603355,1.9172912,2.302769
TCGA-DX-A6YX-01,-1.7515686,-0.89727336,2.1132236,-0.6149314,-1.4643832,0.7943092,0.36048087,0.7286051,2.7931976,-1.3517694,-1.1513597,2.032224,0.8341068,0.9224079,-2.3768625,-0.19314362,-1.5345074,2.7288358,1.1851423,0.746286
TCGA-RN-AAAQ-01,-0.2556837,-0.86295277,0.49633896,-0.43016145,-0.64869624,0.26244086,-2.0188394,1.2895039,-2.0108838,-1.2620906,-1.080706,-2.6548758,-1.3104761,-1.2485819,3.8807204,2.483182,-2.333853,-0.7942762,0.5099903,0.26394218
TCGA-X6-A8C2-01,-0.13959455,-0.1398296,0.032271247,1.0618668,0.11814237,1.7504454,-3.0448077,-0.029150201,-0.27172232,-0.15164614,-0.76856357,7.443366,-2.1861382,1.2712927,1.929752,1.3880122,-0.13953307,2.4272993,0.49849164,2.5379012
TCGA-X2-A95T-01,-1.9064393,1.7605963,-1.9198505,-1.8105197,1.1805302,-0.0713593,3.8548734,-1.5283029,1.3673799,3.4857986,0.41472867,0.067153834,1.1514508,0.7334849,-2.2675996,2.2712421,-1.2383717,-0.28517592,0.37840986,-1.1420186
TCGA-DX-A6YS-01,2.234085,-3.0380878,-2.8771393,1.7417997,-0.6853593,1.3432688,-3.92718,-3.9437754,-0.3713352,0.99503654,-0.227556,-1.5340405,-1.416139,0.61231726,-0.6509002,2.354343,-0.16623095,5.700312,-2.6767592,-4.2360454
TCGA-DX-A3UA-01,3.4439528,-0.05416484,0.04441994,3.8353546,1.6296798,-0.07015931,-1.3649316,-3.2403297,0.093295865,-4.846726,-0.82069457,5.380459,0.78937334,2.9018648,-0.83863807,3.4806707,-0.8009253,-1.4067696,-1.3480016,-0.9129267
TCGA-DX-A1KU-01,1.5689003,3.1539013,-0.79521066,1.1650604,0.3607185,1.036007,-2.8049126,2.3676946,-2.0151932,-5.8824906,-1.1612872,0.9645626,-2.8991258,1.2080166,0.26676106,1.2995988,-2.976687,1.1637356,0.033694938,-0.029960606
TCGA-DX-A3M1-01,0.6185187,-1.6738985,-0.88907653,3.1818857,1.2792188,0.77681136,-2.207328,-0.3321365,-0.6011429,-0.31479973,1.979292,2.6399465,2.195976,1.1462053,2.4832678,-0.6693558,-0.71260494,0.8391295,-0.4025675,1.5781288
TCGA-MB-A5Y9-01,-0.33067903,-0.50146836,1.064838,0.028993405,0.21469156,1.7006711,-2.3750193,0.95978594,-0.43781823,-3.583486,0.5597327,-4.716076,-1.2415231,0.03143677,1.9300625,-1.5184163,-1.3419138,0.659525,2.5844748,-1.7188804
TCGA-SI-A71Q-01,2.1317456,-2.0729828,-3.0277617,0.48620537,-0.25162834,-4.1779003,1.6652766,-3.3843274,0.13289851,1.3980575,0.44088197,4.020647,-1.0806954,-2.075091,3.5049188,0.38597962,0.96820915,-1.5628048,-4.800395,0.2062991
TCGA-DX-A3U7-01,-4.45284,1.1878775,2.8748648,-1.7880795,2.997332,0.10545133,-2.7456672,1.3681324,-1.4783658,-2.2095654,0.097746074,-1.9766701,1.0400443,-0.4262409,-5.248991,1.3128544,1.2205479,-0.762301,1.9116621,-1.4649264
TCGA-DX-A23Z-01,2.1668146,-2.522699,0.5683166,1.6845711,1.5313548,1.0866096,-2.4304562,-0.56075203,-2.3564937,0.59664416,1.3810668,-4.8601875,-0.2801385,1.7042595,6.5085793,-0.45505443,-0.047875397,1.2492832,0.20546845,-2.365128
TCGA-DX-AB2O-01,-1.3891486,-1.3091967,-1.0040957,0.7765133,-2.7125375,1.3378694,1.2476212,0.7696644,1.1534563,0.6946633,0.018241966,3.9733167,-2.175362,0.13017587,2.4523985,-1.896157,-0.22146268,2.822888,3.2016473,0.9999084
TCGA-QQ-A5VA-01,1.0002091,0.06740742,-2.6569045,0.4158065,-1.7302256,-0.17597371,1.2637603,3.5457156,1.6849017,-1.9231075,-2.3706918,1.0351841,1.4923532,-0.5977825,1.819758,-2.4978495,-0.87063193,-1.0669734,-0.15669627,1.6359369
TCGA-DX-A6Z0-01,0.13124043,4.3471622,-1.3692547,2.811403,-0.21582355,2.0058897,0.17397223,1.1239444,1.5561607,0.17599198,-1.8206036,3.4412782,2.8506048,0.6140177,0.388117,-2.2437353,-3.0392358,-1.0515368,0.27368507,0.8065576
TCGA-DX-AB2P-01,-2.168121,-1.1691287,-1.2067659,1.2346517,0.025099238,0.27125224,-3.629874,0.951254,-1.5073256,-2.5453913,1.1735574,1.3269501,-0.5259044,1.4486004,4.6857057,3.1603785,1.4147967,1.4033402,0.24855345,0.4159121
TCGA-DX-AB2Q-01,-2.659159,-2.0578508,3.942987,1.4123017,-0.28737912,2.1604378,1.8363938,-3.4535148,2.5600936,1.2062228,0.26562408,1.9064997,-0.85439205,1.2608978,0.9088077,1.4242979,-0.47138917,3.260618,0.563089,0.19427904
TCGA-DX-A7EI-01,-0.6297083,-0.6551606,-6.045737,1.7498862,3.227146,0.5594296,2.28154,1.3090127,0.34015292,0.89398813,0.81503737,1.2903686,-0.07678836,2.66214,4.6247096,-2.9116426,0.6205799,-1.9810125,-0.6456959,0.6035371
TCGA-K1-A42X-01,-0.19872464,1.2888056,-0.9093017,-0.7654054,2.0334222,1.5179138,0.26755008,-1.0812684,1.6902667,3.6826174,-0.17775194,2.0251865,-2.819884,-0.43566802,-4.384286,3.9861152,-0.2792881,4.179408,-0.4984074,-1.1066668
TCGA-DX-A7EL-01,0.7714085,4.8335505,0.9534512,-6.4101987,1.5634706,-0.075936146,1.9752098,3.8318233,2.5410209,-0.19610932,0.509231,-2.9669101,-1.143975,-2.4435217,-0.09898418,-2.510284,-0.22530456,-4.420087,1.4156502,-1.618452
TCGA-DX-A48P-01,1.6136674,4.1502314,1.9333963,-6.1323276,-0.92987204,-0.82175577,3.3585835,-1.1285964,1.7125294,3.6558313,0.33897182,-3.9392505,-0.19272827,-2.5518105,-2.1113229,-2.15718,-0.21326031,-1.0733808,0.98546505,-4.30844
TCGA-DX-A8BG-01,-1.0177971,3.5478194,-1.6722515,1.3841321,-1.1530273,0.850562,-1.5291306,2.520066,1.8912435,-1.0776157,-3.0396597,-0.102027394,-0.84741294,2.3782902,3.9932015,-0.9840321,-4.0469055,0.40008587,2.0786648,-0.26132125
TCGA-DX-AB2S-01,1.6581783,-0.516179,-0.94498134,0.98920524,-1.2884713,2.0797708,-0.04766198,0.95427805,1.9840082,-1.8480637,-2.1647615,-2.4519358,-1.628435,0.36756486,4.374299,-0.9034522,-0.15135297,0.281014,1.8857182,-0.9370125
TCGA-DX-A240-01,0.3199597,-3.2246003,3.3823054,0.07531882,0.35078427,-1.565227,1.776559,-4.010823,-4.577135,0.9780718,2.224313,-2.7987528,2.1214411,0.29536203,4.261809,2.6202543,1.2706785,0.55475193,-1.2161052,2.6781778
TCGA-3B-A9HT-01,0.51945573,4.406023,-1.4927877,1.6981797,0.6726805,2.3922703,-3.2470713,-0.55826145,-2.007812,-3.7362459,-0.013004856,-3.8066833,-0.37733555,-3.394137,3.4904213,1.4150884,-2.253227,0.045986697,1.0847768,-1.7384126
TCGA-DX-A6BH-01,2.797466,-2.261587,3.4083722,1.3271956,1.5362523,0.0012249835,-0.428436,0.49064502,-2.7066665,-1.2473971,1.7181039,0.078459576,0.56246895,0.592618,3.826523,0.00795326,0.9686035,-0.16904542,-0.3306002,-1.3778664
TCGA-IW-A3M6-01,-1.7759745,1.832651,1.37664,-1.0460522,0.29268032,1.312286,1.905413,-1.6305177,-2.4908843,-0.018963687,-1.7595987,-0.87933695,2.2925882,-0.9257511,-0.11568947,1.3315767,1.5645809,-0.49142137,-1.6163747,2.3091903
TCGA-DX-A8BZ-01,-2.5417163,1.5136846,-1.2513506,0.058179956,-0.77077365,2.150396,1.9118297,-0.6592843,3.598017,-0.26232508,-0.738474,2.5675173,1.0153744,1.5438395,0.8186028,-1.5286429,0.39711517,2.8231068,1.0944585,0.10835442
TCGA-K1-A6RU-01,1.2083735,-0.14373307,-3.921624,1.4283282,-2.6935904,1.8463941,-0.82318527,2.4376693,1.0648649,-0.45275456,0.9086636,2.894484,1.7954682,1.6278132,-0.6380401,-1.292237,-1.8841019,2.6887863,1.0831977,1.2687461
TCGA-DX-AB3B-01,4.126622,-3.5707252,-0.21873057,-1.9248177,-2.1831658,-4.4976025,0.30549452,-4.2841434,-0.37846708,1.8702846,0.0742517,0.52224743,-2.076808,-2.6628861,0.36595747,0.4847816,3.1273198,-1.3415587,-0.557482,-3.8496375
TCGA-DX-A3UB-01,0.40716872,1.8279947,0.6246006,-1.6565679,2.4274328,2.4533906,-1.6689733,2.486474,-1.5228187,0.10000872,0.33498958,-5.1544666,-1.2227628,-0.8111187,1.0688615,0.58798534,2.1021814,-1.4296402,-0.35382268,-0.61501443
TCGA-DX-AB2V-01,-1.8311392,-3.6132755,-1.1809224,2.359624,-0.90878844,1.3410786,-3.7164996,-0.34873915,-0.62758106,0.91786265,-2.0850432,-0.6115902,3.997442,-2.0001268,-2.7135234,-1.2760655,-1.6911476,3.658558,4.0515924,0.156732
TCGA-DX-A3LW-01,3.710348,-2.1933796,-1.2567929,1.9824018,2.0031924,-1.7130038,-2.9017382,0.77098376,-2.279806,2.4477725,0.18308026,1.3665907,1.7611115,-1.9517745,1.4125706,0.0014880607,0.8616704,0.20314142,-0.5636297,-0.56170666
TCGA-DX-A8BU-01,0.62600774,0.8322688,-3.7589674,1.720246,1.5165102,-1.3715001,-3.9848263,-2.9886458,1.9097304,-0.34974474,0.022168402,2.412443,-2.2235215,-0.09195078,2.171496,1.7169251,-1.2959986,3.6515973,-4.478033,-0.65833
TCGA-IS-A3K6-01,-3.0693533,1.4233876,3.0000198,-1.9096099,2.3718061,0.92049956,1.1735995,2.415637,1.4167247,2.8226511,-2.4877048,-3.2661276,0.1715447,0.6044293,0.24367689,-4.757497,-1.6909527,-1.3253709,0.90098715,3.0888767
TCGA-3B-A9HV-01,-2.9612157,1.9494078,-1.1651682,-3.3286574,-0.3625593,-0.93865204,-0.6193951,2.2968638,0.84818053,2.1411474,-0.1686156,4.2634234,0.15005466,-3.590106,-1.8328365,-0.8787887,-1.2953504,-1.1593776,-2.465496,2.150055
TCGA-VT-A80J-02,-2.3879502,-1.4973097,1.358319,0.068196915,-3.7339697,0.9459806,1.3994449,3.865684,0.2703691,-1.7307966,-0.4711454,1.0307753,2.1955976,-0.3676623,0.8408731,-1.6570956,-1.3547238,-1.1759654,1.9310365,4.617122
TCGA-WK-A8Y0-01,-2.2878652,0.3807121,0.87553996,1.2832472,1.272929,0.9399711,2.0411315,2.5067923,2.9351394,-3.431059,-3.3860247,2.3890078,-1.5650756,1.8129387,0.5945547,-0.6243157,-0.95292425,-3.245901,3.6380582,1.1797028
TCGA-VT-AB3D-01,0.9154922,0.6357021,-0.27204204,1.854268,-0.69848156,2.5979311,-2.5598826,-0.23039411,-1.1676723,-1.4680909,-0.10520747,-2.1487873,-2.1976864,0.49396405,4.0878477,-0.8235951,-2.2016964,0.85893315,0.7354353,-2.2961516
TCGA-DX-A3U8-01,-3.0537114,2.686248,-0.13345814,2.5707319,1.6546845,-0.7949922,-3.3986921,0.46177602,-2.0692863,-5.470232,-1.5590025,-3.6064675,0.7064012,-1.3465253,-1.5954906,2.4343107,-3.146287,-0.41066825,2.3623395,-1.2902838
TCGA-HB-A43Z-01,-3.613685,2.0252802,-0.7375194,-2.0907645,-2.1892142,1.8509198,3.381731,1.427449,-0.8852305,0.41819173,0.3040672,3.3886814,0.7976836,-1.7777927,-1.729974,-1.7803297,-0.81380177,0.38260502,-2.663949,1.7456119
TCGA-DX-A7EU-01,1.1673315,-3.0343437,-4.4525027,1.9379975,-1.8671925,-3.2635396,-0.95064604,0.12188493,0.6622254,3.1702163,0.0011152397,-0.72578,0.460968,-1.7837781,1.9451643,-0.7164363,0.16826023,0.028036173,-1.7580497,1.0272926
TCGA-IS-A3K8-01,-0.56664556,1.5951313,0.016066406,-0.8829063,0.33432454,0.44648546,2.5566685,-3.4561222,-0.060478933,2.7490966,-0.9383346,-3.033619,-0.4271922,-0.4522145,0.27299842,1.1265953,-0.4052924,2.6025345,-0.55352783,-1.1480441
TCGA-KD-A5QU-01,-3.9391868,2.6324792,-0.00924085,-1.1084498,0.5723447,1.8872894,0.47598755,1.2817589,1.4357868,2.3627698,0.036126398,0.8560571,-1.2960132,-0.102940075,-0.43415582,-1.0679436,-1.0104853,-0.6074103,-0.47432733,0.5389638
TCGA-IW-A3M5-01,1.3394841,-2.6921992,-2.828365,0.852583,-1.0207711,-5.746601,0.38416815,-0.7716729,-0.72703886,0.8736059,-1.0752803,2.6020794,-0.79679,-4.776878,4.2737803,0.08355851,1.1769346,-1.8832991,-2.7197003,0.9328255
TCGA-QQ-A8VD-01,1.8077749,-1.9954562,1.0769023,1.5767062,1.7751894,1.1590415,0.21053351,-1.7076001,-2.6090398,-1.7627411,1.6552492,-0.48652372,-0.798522,2.6926818,2.806329,1.7805823,0.2144533,0.86003757,-1.5387075,-1.5716081
TCGA-DX-A8BJ-01,-0.2995894,2.0435917,-0.6117396,3.0774884,0.5823776,1.2651392,-0.44970647,-1.21012,-2.5471876,-1.6910596,-0.5993749,0.6039839,1.5244936,3.7260904,4.315239,-0.029403578,-1.1476982,-0.25358245,-2.364461,2.2454827
TCGA-K1-A3PN-01,-1.7567722,0.535673,-0.31756574,-6.4141545,2.5582123,-1.958126,0.82683676,3.6644192,1.5050827,0.34758162,0.22380885,-1.2858895,-2.1664083,-1.6221509,-1.9135377,-2.3042004,-0.3516428,-2.8520894,-1.7529638,-1.2889845
TCGA-LI-A67I-01,0.78066957,1.1764606,-2.1474643,1.9165435,-1.164395,-2.1086998,-1.2557728,-1.0013965,0.8001166,-1.1744285,1.0168631,2.446734,-0.62307477,1.3148677,-0.54057777,-0.6521286,-3.5439382,1.645886,-1.2085588,-0.56124276
TCGA-JV-A75J-01,-0.15900016,-1.6403179,-0.2600901,1.5475631,0.53945637,-2.539652,1.792138,-1.6047268,-0.42487538,-1.8858384,0.363251,7.047007,1.184704,-0.5594223,2.5506175,0.9874114,-0.36541772,-1.1940957,-3.2780316,2.7874737
TCGA-PC-A5DN-01,1.2006295,-1.33805,0.006636109,0.9595208,0.035973288,-0.7769405,1.031849,0.9071542,-1.7574524,-1.1697137,0.8339582,0.20805989,1.156874,-1.7593904,-0.2571159,-0.62684375,3.1147263,-1.0399088,-0.2558402,2.0983617
TCGA-DX-A48N-01,1.6707401,-3.7528348,-0.38904122,0.5733845,1.1044424,-2.1392066,-3.1396227,0.8037538,-2.2110198,1.8289089,0.44928437,-0.18327095,2.765582,-2.0464048,1.6843536,0.77931094,0.7026111,1.5779762,1.1315455,1.4222045
TCGA-DX-A48U-01,0.44401118,2.4312704,2.8020089,-6.745647,1.6594459,-0.13630007,0.24033573,-1.2784379,-1.8817947,3.268508,0.12976667,-4.7364054,-0.9599591,-2.8446412,-5.19271,-0.32735378,0.03807211,-1.0421745,-0.5363633,-3.4972594
TCGA-FX-A3NK-01,1.0999537,-3.236296,1.5430974,0.9295346,-0.26413828,0.1109751,-0.88112825,0.39466032,-2.296834,-0.6126199,-0.08041317,-2.2338028,1.3707489,-0.9303934,3.2643752,-0.9659225,1.3382705,0.25502226,-0.31496117,-0.15718198
TCGA-DX-A6B7-01,2.1050532,3.277941,3.138044,-5.9597254,1.9356433,-0.9154269,-0.44365564,-1.1534804,-1.7456698,1.4119905,0.44205424,-4.3542285,-0.067283705,-2.1713321,-3.9361806,-0.7853357,-0.6309884,0.27058443,0.5472101,-4.4156747
TCGA-IE-A6BZ-01,-0.9830529,-1.8018799,-2.931252,1.2438407,-0.79127795,0.98062974,-1.3471782,-1.1470164,0.68538326,2.2457042,-0.24510452,1.3836395,-0.87937903,0.0071773734,-1.6363226,0.0002520755,-0.49206573,4.406301,0.54785734,-0.96042365
TCGA-3B-A9HZ-01,-0.46962604,1.8167787,2.508868,-4.915513,1.0003119,-0.29009396,-1.4316008,2.3872092,-2.1121383,-1.7864974,-0.059830952,-4.1543417,-0.043316547,-2.5408633,0.41072562,-2.135236,1.0577513,-1.9389735,1.3876445,-2.0005682
TCGA-QQ-A8VB-01,0.26771694,-0.9864328,-1.4920883,-0.13563487,0.8602619,-2.0284188,2.5961614,1.0217429,-0.16590297,-1.8876905,1.0242318,4.639561,-0.85610586,-0.35447097,1.7208338,-1.9423985,2.0828462,-1.024152,-0.7574614,1.058413
TCGA-DX-A48K-01,-0.9835967,-0.3551448,0.4577249,-0.0451126,0.38045913,-0.796919,-1.192302,-0.30267087,-0.6362025,-2.5198462,-0.38764057,2.9591386,-0.9155124,-0.22648379,1.2274051,2.0868783,1.5412681,1.0449793,-0.023237867,0.7591483
TCGA-QQ-A8VH-01,3.3190432,-1.8399233,-2.4709203,0.38613826,-0.6800337,-6.2426467,0.13252664,-0.91346294,1.436283,2.8008804,-3.8544648,1.3317751,0.24578133,-3.6956697,2.5067809,3.3033073,0.9037288,-0.58957106,-3.6404252,0.90381014
TCGA-DX-A23V-01,1.5149119,-1.543051,0.099698514,1.1269324,-0.36761385,2.5289433,1.0300245,1.3978187,0.18705466,0.6668711,0.8372991,-1.1536902,0.14738557,-0.23562333,1.6279091,-0.54775536,-1.5336634,0.89438653,1.9867169,0.69406587
TCGA-DX-AB2H-01,1.2515166,-2.6942716,-1.5209384,-0.12878126,-0.08365543,-0.105762094,1.5016973,1.5438975,-0.34610552,0.24458782,2.5615637,2.920546,-0.012975189,-1.8174932,-1.2381097,0.3943365,1.1189753,-0.9902376,-1.2755127,1.9733377
TCGA-DX-AB36-01,1.5403088,-1.6514906,1.5634481,1.2588804,1.3812261,0.19738701,0.13625436,-1.9318314,-1.9090137,-1.0196359,1.1856892,-0.019041568,0.50170225,0.05340235,3.1029565,2.735054,0.081987366,1.8414527,-1.1998408,-0.00972685
TCGA-X6-A7WB-01,-5.186165,2.262152,0.79121697,-4.252544,2.635744,1.0065231,2.603416,2.0334418,1.0696367,1.309953,1.743962,-0.80072206,0.24235249,-2.4947805,-0.7015612,-0.7556175,-2.0947015,-2.357672,0.1830743,1.8983396
TCGA-MB-A5YA-01,0.092533946,2.3472497,3.0024648,-4.839342,0.44922048,0.9773945,-1.4260026,2.9708102,-1.8663415,0.49928236,0.26448968,-3.3588185,-1.1922965,-2.2665153,-1.7856609,-0.7017506,-0.4671752,-2.5519383,-0.026486177,-2.5464983
TCGA-DX-A8BR-01,-0.29197943,-0.25587055,-2.3741937,2.1614957,-1.375322,1.6632195,-0.6058967,0.75727683,0.8951418,1.1355844,-1.1321728,-0.5124992,-0.1487525,1.6652627,-0.7727891,0.3072995,-0.6871754,3.4258335,2.0309434,-1.3402086
TCGA-QQ-A5VB-01,-1.6957786,-2.7536838,-0.73842585,1.8115414,-0.2708602,-0.8912518,1.2226032,2.5573978,1.6232579,-3.1730926,1.0285859,0.8436769,-0.14930104,0.51468366,1.9753879,-0.9121312,0.10955855,-2.4244697,-0.23698312,1.6668808
TCGA-DX-AB2G-01,0.7353731,-2.893045,0.6647649,2.4893,0.10407558,1.5789738,-2.327656,0.43131888,-2.170011,0.7802646,-0.9208049,-1.6743007,1.1750343,0.90654355,0.7821357,-0.9999638,-1.091375,2.2503762,0.6082575,0.29327896
TCGA-WK-A8XQ-01,4.775683,-2.6348026,0.36477667,1.1627873,1.0726848,-1.9096748,-1.9781553,-1.808403,-2.8042605,-2.3240273,1.5742768,2.6205215,-0.45210266,-0.6578986,1.5220054,4.0006776,1.5254753,1.8251989,-2.4828928,-1.1332883
TCGA-SI-A71O-06,-0.69577867,-0.27055153,0.481924,0.9798254,0.13685283,0.5080466,-1.1532948,0.25557494,-0.8312862,-2.592078,-0.47592425,-0.6948364,-1.2177382,-0.7203383,5.9005785,0.35925835,-0.9578237,0.115840584,0.535,0.32523134
TCGA-DX-A8BN-01,1.1190146,-0.9328631,-4.8102584,2.7226663,-0.7292053,0.89864975,-1.6280342,1.0133682,1.8206236,2.1171887,-0.16245401,1.5076022,0.036083497,0.7472197,-0.33178255,0.018967992,-1.9504896,2.9118857,-0.8114417,-0.990139
TCGA-DX-A3LY-01,1.1546379,0.21633314,1.7574557,0.81881475,0.44869828,0.6703069,-1.2780159,2.0834043,-2.415885,-1.400693,-2.3233454,-1.9599802,1.9016682,2.386569,1.1644598,0.7344738,-0.9520105,0.8250992,2.5399466,1.3455937
TCGA-DX-A6YU-01,-0.5815158,3.3365784,-1.334083,2.3448808,-2.0130427,1.465961,0.75384754,1.5831401,0.5917616,-0.11313315,-1.9771308,-0.37088487,-0.25882939,2.948879,1.7408522,-0.3366975,-3.350661,0.91068447,2.4490583,0.26308674
TCGA-DX-A2J0-01,2.761948,-1.2977843,0.32645667,1.3796147,0.26666388,1.963103,-1.8838017,1.2048869,-1.7753464,0.44261676,0.58710164,1.5763444,1.0758116,2.121831,2.7152064,-0.29676703,-1.3502737,1.4723217,-0.1369554,1.4144585
TCGA-DX-A3U9-01,-2.5091665,-0.37867603,-0.49754462,-3.2360392,0.47944346,-1.2983956,-2.2635453,-0.83382505,-3.5299428,1.3900876,0.4384909,-0.38730016,-1.8606975,0.6436144,-2.7556677,-0.20525646,0.2449819,-0.298585,-2.0239956,-3.2710485
TCGA-MO-A47R-01,-0.004989311,0.19490391,1.8181579,-0.446837,-1.6326506,-1.5723187,1.6513119,3.1466508,0.9682598,1.4587239,1.345499,2.15766,1.6702638,-1.9720638,-1.1357927,2.9597113,-0.03948216,-1.6134614,0.44462752,2.6568248
TCGA-3B-A9I1-01,-2.4655347,1.0978589,0.9921375,-3.9637516,2.7590547,-0.173025,2.0953376,1.015555,0.3739007,2.2532413,-0.42241856,-2.6298997,0.52873105,-0.06951138,-0.04096428,-1.6153269,-0.9176718,-0.5041253,1.4792016,1.6688069
TCGA-DX-A6YQ-01,-1.7157887,-0.7396595,0.22013097,0.5408463,-1.725569,-0.36502767,-1.7875382,-0.61839926,1.5634656,1.4270045,-1.0852394,1.5140263,0.11941075,1.5382453,0.99905956,1.5535263,-0.96288466,3.1769392,0.5236398,0.3007569
TCGA-MB-A5Y8-01,-1.7740005,-0.31426,-0.043417703,0.52389246,0.3729881,1.0553788,1.610556,0.5380874,1.2207702,-1.8392519,0.42678472,1.3758435,-0.8998725,1.6109232,2.7076004,0.5187028,-0.26120216,0.2136348,0.48531795,1.5719099
TCGA-3B-A9HP-01,0.6975775,1.1538868,0.52174306,-1.415051,0.5856004,-0.2885904,0.8895798,1.8877907,1.5029085,1.4992464,-0.5531778,-1.3644195,-1.2062025,-0.08605217,0.2562971,-1.3715456,0.122229666,-1.0946896,-0.04288707,-1.7802118
TCGA-SG-A6Z7-01,2.099817,-1.393248,-2.5022507,0.23819412,0.7428699,-3.7182777,1.9948086,-0.8075384,0.9091304,0.57679373,1.2659761,5.890929,-0.324495,-1.5222803,4.728336,-0.18217364,0.8090952,-1.1749628,-3.6993854,2.2922776
TCGA-QQ-A8VG-01,2.0084097,0.13910611,0.1301845,2.0221837,-0.5779085,0.008965952,-1.8637367,1.2257376,-0.4979685,-3.4552457,-0.40286744,-1.640402,-1.7497044,0.36976632,2.9072428,3.7755775,-1.8159823,1.0778936,0.31739116,-0.7299702
TCGA-WK-A8XS-01,0.2821131,1.776997,-1.5124961,-3.2736213,-0.75206226,-0.041451942,1.902804,2.7074673,2.1353912,2.8842742,1.2009927,0.60035366,0.42877606,-1.6327413,-2.2277184,-1.374389,0.21242447,-1.9892853,-1.9460503,0.89223
TCGA-DX-A6YT-01,-1.2575513,-3.1197054,-2.604733,3.5146952,-0.63601696,-0.7935256,-0.3383377,0.02894137,0.64335215,0.83546925,-1.441383,-0.44461852,-0.9563318,-0.36744016,-1.2921101,-0.5878225,-1.0584633,4.178296,1.3707039,-1.9626207
TCGA-DX-A3LT-01,0.10681403,-2.2464745,-0.1846589,0.20546827,0.7367902,1.1160191,-0.5730061,0.7547693,-1.7471462,-0.78445745,0.024887089,1.6495874,-0.44287443,0.98136556,2.4841607,-0.77651376,0.7232247,1.0086986,0.009526988,0.7120528
TCGA-DX-A48R-01,-3.233289,1.4387143,2.0173175,-6.55429,2.4007113,-0.99973613,-0.8301743,1.1363107,-1.7131183,0.34434795,1.3045671,-1.1168195,-0.7634269,-1.5431275,-4.6486077,-1.4960176,0.49663794,-2.0222108,-1.2798328,-1.539101
TCGA-DX-AB35-01,3.886379,-2.478054,0.98666674,1.8468237,-0.9774627,1.1280866,-2.4552286,-1.2817669,-0.62348557,2.0197914,1.5877632,-0.4157003,0.9753311,-0.04331103,2.0087686,-0.17636006,-1.6830143,3.318541,-0.2375911,-0.9735442
TCGA-DX-A48J-01,2.189959,5.038911,2.122743,-8.198756,1.1056727,-1.0897242,-0.2711216,-2.722992,-1.6488541,2.7854254,0.41172484,-4.5700955,-1.0731002,-2.5707414,-2.7191715,-0.6688402,-1.4941232,-0.2039769,-0.17690618,-4.029492
TCGA-DX-AB37-01,0.9490702,0.24009769,-1.3480543,2.0310576,-1.070553,0.817374,-1.1700453,2.1147783,0.603535,-0.15743245,-1.6015321,-0.10686416,-0.26798218,1.6135224,2.089394,-1.2107087,-0.683934,1.5162941,0.9317842,-0.19553041
TCGA-DX-A8BX-01,1.7444348,-3.9907758,0.0355486,0.6676347,-0.6839816,-2.3433418,-2.8528745,0.62454176,-1.8244607,-0.13609062,-0.8291992,1.3569447,2.0109842,-3.430603,1.1289498,0.6216432,-1.2950301,3.0351803,0.51030093,1.9056417
TCGA-K1-A6RT-01,0.10783984,1.1612216,-0.7349221,0.5296511,0.82038134,-1.1444664,-3.0986235,0.39090347,-1.2644476,-1.9294024,-1.0799943,-4.121513,-2.1330616,-1.2463323,2.257231,-0.4353644,1.130086,0.7549151,1.7679776,-2.3096285
TCGA-Z4-A9VC-01,4.1917257,-0.6851124,-2.183024,2.0094783,0.9551382,-0.045975253,-3.5219686,-1.9049556,-1.9017547,-0.5917962,1.276149,1.9841809,-0.5284491,-0.9024645,-1.8462123,1.3229871,-0.37461853,1.9116431,-2.059549,-1.0410323
TCGA-HS-A5NA-01,-2.6442034,2.9146001,0.6763182,-3.3701782,1.9880968,0.92951673,1.5847291,1.4836777,-0.036565118,3.0625088,-0.6154889,-1.0324922,-0.7637603,-2.354143,-0.8287817,-0.15250824,-0.9273375,-0.045122635,0.055506613,1.4296548
TCGA-FX-A3RE-01,-0.9027624,-0.29851276,-1.1574064,1.7814301,-0.0066720787,-0.36259282,1.1247654,0.2552204,0.2911722,0.8748969,0.3874453,1.5636444,0.6834356,0.09163711,-0.9434066,-0.49599132,-0.08245219,-1.3019704,-2.5847485,1.8582737
