,2,8,1,25,23,10,12,15,9,20,18,25,27,4,10,7,12,14,13,28,27,24,0,12,4,0,26,2,21,19,8,5,5,22,29,16,17,13,18,14,23,9,11,8,29,15,27,6,29,16
TCGA-A5-A2K7-01,0.8516258,0.10754494,1.5797143,5.672349,-4.022815,-0.58884096,2.1009748,5.583545,-1.5027207,0.2477504,-0.07276269,2.168725,-1.1646855,1.2317886,-2.72534,-0.13150135,-2.936861,-1.2503119,-2.902596,2.3371286,-0.23755632,-0.85962313,-2.0024414,0.41926464,0.992877,-2.834977,1.5250012,1.528196,1.1152217,-0.38683757,6.623103,-1.3777976,-0.9714199,-2.4447434,-0.19435437,1.1430489,2.068053,-1.4282658,-1.3463398,-2.5772886,-0.51245403,-0.7107431,-1.1918839,-3.0126595,-1.381635,1.4385298,-2.2319517,1.5131845,-1.9442978,-2.8440886
TCGA-EO-A3AS-01,-1.9693754,-0.5484344,-1.120639,4.216085,2.137033,-2.8044949,0.3867655,2.0219555,-0.7611872,-0.65029335,-0.56381845,0.2604176,-3.1922195,-0.66645503,-0.54261625,1.0334971,-0.056699406,0.15839137,2.7843018,-1.1640238,-2.0292234,-3.035206,1.3232646,0.9907469,0.6403333,0.56579345,1.356025,-1.629426,-2.2868114,-0.41680184,-3.626924,-1.1961508,4.1615424,1.6149503,-0.31262702,1.3847502,-4.560254,-2.4983008,1.6768055,-1.7987471,0.52091414,0.5182784,1.1684533,-1.8463036,-0.97041786,0.64056903,1.7207489,-2.8796651,-0.4143632,-1.7065179
TCGA-EY-A549-01,1.5944574,0.34558508,1.4437215,0.3378496,1.906026,-4.2259836,-0.31728375,-2.152613,0.90633255,-1.9476031,3.1175125,-2.4698458,1.7483677,-0.586178,1.3720559,-0.5971484,-0.9351066,-2.289865,4.0632863,-1.2929217,0.10836952,-2.5261304,0.7662844,1.7573652,2.3307476,-1.502537,-0.75684994,-2.277518,-0.047721878,0.83914495,0.8466232,-0.056497928,-0.81628364,-0.41286168,0.5630724,-2.488198,-1.4808141,3.2861853,0.66815466,2.2218523,-0.39966497,-1.9308039,0.9161439,0.5026874,-2.5067022,-0.35192314,2.1683328,0.6825216,-1.716837,3.345421
TCGA-EO-A3B0-01,3.0172305,-1.5487341,2.0209365,1.089272,-0.5755159,0.46834671,2.4474049,2.3933685,-0.5463247,0.1401989,-2.6628404,0.96039355,2.8679194,0.6467303,-1.7708873,-0.46010455,-3.3984363,-1.5134163,-1.4641333,1.9866983,-1.2367206,2.6841707,-1.6545901,-2.7402663,-1.0527904,1.8899521,-0.052549697,-1.6521312,5.2722335,3.283455,1.4495779,0.11869096,-1.7539309,-2.300815,-0.5135681,4.066311,5.108742,-2.240633,-1.4253793,-1.9898816,2.8970208,1.5585263,-0.7400266,-2.1230803,2.9610357,1.0111235,0.37660566,0.47732487,-1.7084068,-1.1086563
TCGA-EY-A2OQ-01,-2.7243092,-0.19353385,-4.688565,0.9742722,3.0273268,-2.2545187,-0.70407295,3.470098,-0.690717,-4.015669,0.0943421,0.051217664,-1.9121866,-1.7315778,-1.7588428,0.21044384,-2.6697295,1.5883875,2.9305954,-1.8911626,-0.95675117,-1.7905413,1.2134172,2.2060025,1.3680849,2.9990563,1.625643,2.88005,-0.38474172,2.098916,-1.4507943,-2.3439598,5.031381,1.5517409,-0.7533187,0.6265605,-2.4814966,-0.561093,1.6024711,3.8729045,0.49706778,2.663705,-0.21353473,-1.3768691,-0.8674128,-4.633654,2.3628316,-3.425707,1.7889057,-2.0743494
TCGA-PG-A7D5-01,-3.3661969,-0.8081754,-1.9652612,-3.4213438,-1.2730294,-0.59547734,2.0109963,-2.0994797,-0.9277275,-3.847635,-3.6844459,-1.6564914,0.8853209,-0.43350258,-0.112761125,0.16536047,-0.38662398,2.3413482,4.3871026,-0.17025802,-0.3207079,-2.2192693,1.6040893,-0.122662,-2.673397,0.04716083,1.0941963,1.558988,-1.8368374,-1.160167,0.21791178,-0.44450322,3.680801,2.4862392,-1.289106,0.76033705,-0.9099916,0.48960093,-0.45107555,-1.7075195,3.0158036,2.358492,0.6710882,-0.5060466,-0.34940696,-4.8406773,0.93877435,-0.9479059,-0.80045724,3.461728
TCGA-EO-A3KW-01,-1.7063315,-0.7018009,-1.6940558,-4.069183,4.6793046,1.0921297,2.263079,0.06517212,0.990149,2.8429852,-1.7985599,1.1487703,-1.4143171,-0.5152622,-1.2096882,0.44537488,0.81575304,-1.1388899,2.0425923,-3.6114666,-2.0406237,-2.453533,1.4314564,1.2158004,-2.378282,-1.450115,-0.74336433,-0.20816942,1.8686451,2.4421282,-2.1183813,0.41793558,-0.6312648,1.7602416,-0.24364522,-0.32190222,2.003338,-1.6438785,1.4780982,-1.880118,0.59261304,6.4912496,-1.0922929,-1.4442567,-1.8369262,-2.6545625,1.8882083,-0.7351008,1.431314,-0.01878442
TCGA-PG-A915-01,1.2806661,-0.8192875,0.56788105,-6.304963,2.739803,2.9394608,-0.52216536,0.73666805,0.6835926,-4.361004,-2.6632493,0.5801253,-2.0396907,-0.89845455,0.4551747,-1.5631397,1.5272144,2.0156994,-1.7288471,-2.7417395,-1.1036346,0.470853,1.6709535,-2.335587,-0.56073886,0.075000025,-0.8674446,4.8285294,-2.4807289,3.2473383,-2.0402625,1.7624975,1.0952177,0.19044879,0.13322628,-3.846209,2.0007925,0.59773,-1.9374086,1.7444026,2.0609822,0.84574896,1.3336093,1.0319431,1.7450722,-1.1466616,2.0998647,-1.8666381,0.41684222,-0.66175246
TCGA-D1-A3JQ-01,-2.3363218,-0.37860855,-2.7311018,-5.0788856,2.0850759,2.0405312,1.4063184,-4.6450253,-2.579827,-0.27231374,-2.6721091,0.48852417,3.1714728,-1.6256485,0.66769737,1.0210651,1.6665549,0.43074104,5.4580297,-3.0334985,-0.061328128,-1.0216993,1.8297338,1.5695616,-3.0631168,1.5175772,-0.45118073,-1.7596806,-2.9606433,-0.20837191,-4.275537,-1.6512712,2.345502,1.4274541,-1.6156939,-2.2830858,-1.4187607,1.3358946,-0.7773132,0.399984,1.352071,1.291956,2.6049275,0.24976617,0.44660527,-1.0979105,1.1954465,-3.6680868,0.3944208,3.040093
TCGA-AX-A2HH-01,-1.8617034,1.5844227,2.222923,1.2485797,3.786338,0.9869595,-0.7380468,2.4620917,2.115499,0.09943658,2.6074123,0.94851243,-1.1497113,2.432204,1.0351926,-0.56667316,-6.793481,-0.6691253,1.0430468,4.111011,0.9831616,-0.0020183325,-4.5688286,-0.89251524,1.8666084,-0.7298757,2.1769168,5.382711,2.0096362,3.2929728,3.4566548,3.005098,3.1435468,0.5859553,0.3867708,1.8964788,3.4808207,1.75323,0.4793461,3.6743534,-1.6137351,1.8959728,-0.7449816,-5.3893747,0.36854327,1.9385134,-1.6905739,-1.4001288,3.2386975,-5.520292
TCGA-AJ-A5DV-01,1.1614146,0.42161196,1.3566266,4.1743336,-0.77028716,-3.4212344,1.8697197,-0.020443033,1.4423449,2.2138896,0.8269478,-0.22906384,2.085677,-0.63539314,-1.2616895,-1.7655122,-2.0977626,-0.535287,4.735804,-4.035011,0.074169695,0.01569131,2.037036,1.0737703,-1.4769787,0.24610318,1.0114895,0.34838262,2.1002324,1.7521653,2.8367913,1.4946653,-1.2951148,-0.85727376,1.4009068,-1.2696072,-0.559198,5.37391,1.218957,0.5767992,-2.3318353,-0.59437233,-0.43067804,-1.4380947,-0.94502234,0.0123970285,1.1013578,2.9275792,0.89507645,0.5721217
TCGA-5S-A9Q8-01,1.7159574,-0.7837502,0.18671614,5.2247543,-2.1110418,-2.9382439,0.95127285,2.1271183,1.1099664,-1.2975063,0.65377295,-2.6496894,-0.6714384,-1.5336771,-1.040685,2.1957705,-7.3872685,2.1755197,-1.7732422,1.9034799,1.4426906,2.3463159,-1.0934777,0.23099853,2.0300655,0.6024131,-1.3229661,-1.8625275,2.24367,0.31004313,3.6754467,0.31257746,1.9564013,0.56984025,-0.52814925,-1.6582531,1.050695,1.067663,1.1026323,0.77623546,-2.011092,-2.7848196,-2.3787847,-1.2131075,0.23261961,-0.19880778,-1.0850571,0.3966211,0.47558704,-2.0227418
TCGA-DI-A2QY-01,-0.09260428,0.7409331,-0.97844356,-2.3446124,3.795546,1.4807074,1.492115,-0.923489,-1.4342402,-3.1858,-0.24661455,-0.37862343,-1.574595,-1.6780336,1.334725,-0.29432082,2.4350011,0.7512469,1.3435981,0.0033993535,0.08940705,-1.1873825,-0.60962105,1.125451,0.3715808,1.0523804,-1.414615,0.7745237,-5.48238,-4.0479584,-0.03663998,-0.8506798,2.5821743,-0.12521619,-1.7782291,1.102971,0.8189215,0.50953317,-4.436586,1.9373726,0.38747102,-2.091953,1.5939062,1.5052195,0.2508893,-0.34625942,-0.13240391,0.81320405,-1.1381278,3.165333
TCGA-DI-A1BU-01,0.04998548,-1.4955497,-2.0456111,3.9335632,-3.7292085,-0.79375184,-2.06258,0.48486614,2.012798,0.9392982,2.120158,3.0665505,1.6705605,-0.67535454,-1.8873034,-0.14557052,-0.27193552,-0.42628676,-3.70931,1.4380441,-2.1533275,-1.8367893,0.9118434,-1.3112004,-0.81305677,0.41017038,1.3083243,1.8861661,0.83095807,-3.912082,2.147119,1.1796495,-0.25684163,-1.0283695,-0.6644196,2.009177,3.7654479,-0.21873817,-2.1966522,-2.0269518,0.97089714,-0.83430064,-0.4766335,3.4799104,0.8945359,0.5330546,0.67386293,1.096058,-1.9782419,-1.5205227
TCGA-B5-A5OE-01,1.2998574,0.19902071,1.8894348,-0.9064646,-1.1794807,0.39892402,1.5885667,-0.5814039,0.5471158,4.7388434,-0.29494676,-4.4280686,-1.5973347,-1.5380492,-3.539995,-2.7651482,-0.00017039757,-1.0444976,-1.9090805,0.7442012,-0.35035285,-0.05911077,0.14655232,-1.7750481,-1.3874713,-1.5670401,2.526574,2.3118935,0.074546665,2.56144,3.4511435,0.94253546,0.026769526,3.9945898,1.1605791,1.1740729,-0.025729097,1.5488375,-3.1565702,3.4766953,0.050139043,-0.47716275,0.28491297,0.5526538,-0.73331326,-0.30320132,-3.6887126,-0.5714007,-2.0684469,-0.57828754
TCGA-PG-A916-01,0.013964076,-0.3895406,-1.7615526,3.097506,-2.390273,-3.8050206,-0.021642007,-0.25233752,1.264214,-0.0086243935,1.5982379,-0.23706588,4.7796054,0.07895775,0.11978708,1.4002645,-1.7544259,2.8867795,6.612813,-1.2038888,2.0588608,0.93114454,-0.10593655,4.001617,2.017458,2.200469,-0.8042104,-2.0713634,0.20732605,-1.7038804,0.91689765,0.34880924,-0.600866,2.288696,-0.1871273,-0.26150846,-3.9673016,4.43435,2.3584595,3.172792,-1.8246044,-3.6358938,1.4233155,0.3375548,0.971498,0.48709583,2.9341135,2.6562176,-1.5296097,4.137594
TCGA-DI-A2QY-11,-0.53382957,-0.7108212,-2.9922676,-1.4331532,2.4643908,-1.6942446,0.18946645,-5.983398,-2.150626,-0.9183824,-1.8295702,-0.073032305,2.3651865,-1.2592161,0.32352713,0.5909492,5.7658963,0.32640022,6.3242764,-3.4154234,0.20969078,-0.4219812,-0.3844986,0.02411043,1.9025884,0.21084972,-0.42579773,-3.8721478,-1.5514363,-0.95146614,-3.0282004,-3.7332504,1.02782,-2.3154721,-3.6941202,-0.4704381,-1.3115983,0.25212902,2.9146798,2.7655513,-3.085281,-0.67289156,1.1490154,3.6467888,-1.2713587,-0.5624892,3.181473,-0.033239253,-0.8863271,4.5083065
TCGA-AJ-A3NC-01,0.76274526,0.39290822,0.96874815,4.6380033,-3.8318415,-3.238482,3.086168,1.3099488,-0.4177663,-1.3082871,1.568015,-0.7380207,1.4632435,0.13578354,-0.681125,-0.58675265,-3.2918766,2.6810892,2.2857032,-1.61411,-0.6241884,1.9491459,-2.2021103,1.4103394,1.1238207,1.7998499,-2.0248961,-0.13603221,0.58148944,0.3083568,1.2001636,-0.53470093,1.0412971,2.0833342,-0.41306406,-2.9763904,-0.81393534,2.2485738,1.6356859,-0.60489917,-0.9971551,-0.97291976,-1.951223,-1.3257766,0.4210672,1.0718626,0.8996395,0.20247097,-1.0295299,-0.76495886
TCGA-DF-A2KY-01,-0.20169275,0.54423046,3.5058882,5.996489,-1.6571949,1.1588498,-2.215005,1.3154074,3.7853587,2.387141,2.6885824,-1.1121722,0.9913929,1.5023234,-1.8012881,0.42720267,-1.4685111,-4.723406,-4.5692964,-0.3175414,-1.691004,-2.901768,-3.2218442,0.780975,0.6794302,-1.3685498,1.9684855,0.8641809,0.70297503,-2.2151241,0.66024655,1.9470702,-0.81864345,-5.7701426,0.42378202,1.4677839,0.21652117,-1.782869,-2.5844388,2.4209535,0.19335058,3.9664886,-0.533437,-0.6087506,-1.6182157,0.23896895,-1.1778536,-1.1439683,2.2118282,-3.1347373
TCGA-AX-A3FV-01,1.6947262,0.006037278,3.6489387,-3.9968934,-1.5953827,0.7464537,-2.8516011,-0.8496738,2.3055947,-0.82142127,3.5205953,2.2299004,1.5098565,1.700462,1.1412734,-2.370753,2.1913135,-3.5244784,-2.2019181,4.331437,-2.0721834,-1.3758968,-4.101021,-3.102459,0.99832284,-2.4118824,-0.6091427,2.1167314,0.24447832,5.206742,-0.6680015,2.136771,2.5911782,5.332541,-0.71097785,-0.83439237,-2.9110541,-1.0291748,-1.9656352,1.4709419,0.9380856,-3.1663418,-3.623565,1.2253361,-1.6075051,3.0286758,1.4751652,-3.2202055,0.07486967,-2.1354084
TCGA-QS-A5YR-01,-0.77253616,-0.4927705,0.29363653,4.0858703,-2.9234476,-1.8109313,2.3724885,-1.0866934,-1.2846638,3.2981005,2.6374407,-0.8837981,1.4987264,-3.9591372,-0.4900163,-1.1951344,-0.009867992,-0.10316435,3.032446,-1.9984956,0.95930386,-1.077259,0.8368515,2.0891812,0.28003561,-0.7191239,-1.4743723,-2.393295,1.8667834,-2.6547244,0.6511207,0.69733363,-0.3811715,-4.000493,0.7455616,-0.25795066,0.99437505,2.2063322,-2.8183186,-0.084424496,-1.3329535,0.59065753,2.3863127,1.6049205,-1.4191241,-0.87769467,1.3660429,2.6905608,-1.049958,2.5171356
TCGA-DF-A2KZ-01,1.985064,0.53847176,0.88762385,3.4280329,-2.3731687,-3.181885,2.8055236,3.607333,2.2686877,2.5784192,1.099433,-0.009579897,-3.480854,0.49524406,0.809673,1.4289149,-1.4259566,0.17177361,-4.626237,3.8714278,-2.572023,0.54591393,1.5867559,0.70598143,0.46638802,1.3317598,0.7212239,0.17219894,1.4238867,-0.5530807,1.8446913,0.48903048,-0.65459305,-1.8157656,-0.25635245,0.43494278,0.0119619835,-0.50802076,-0.73006654,-2.6814609,-3.6794112,1.0664626,0.7122665,0.12942928,-1.5081319,1.2542255,-1.8770628,-1.5093137,-0.8336851,-1.9606011
TCGA-A5-A2K2-01,-1.488822,0.91900307,0.85523957,0.39929208,1.2638055,-1.6748675,0.8042839,-0.71127015,-3.3905025,2.6102598,0.16692744,0.254635,-1.511199,-0.8912548,-1.397609,-1.3422637,3.6358607,-2.066524,0.7468384,0.063032575,-0.36355487,0.16859217,4.1195908,-2.289168,-1.4394034,-2.2278233,-0.43211237,3.9846966,0.13271779,2.1762028,-2.4414608,-0.48505402,-1.2014711,1.6931561,0.1765837,2.035618,-0.17744929,-0.86498207,3.1916466,3.324667,-0.38298422,-1.7412469,1.3444197,-2.4508681,-0.43150896,-1.1566095,-0.09942789,-2.3264766,2.1353247,-1.3381594
TCGA-AX-A3FZ-01,-0.26822013,-0.6067953,-1.543967,-1.611892,2.2922266,-0.66422486,-5.878273,1.2255229,1.3996782,-5.9139857,0.21665068,0.31645185,-0.27081388,-0.75699025,2.0687087,-0.19007961,1.4940951,0.4692212,-5.01623,2.1783524,0.7276539,-2.0104144,-1.481505,1.697524,0.50036186,2.161173,0.5335477,2.9682074,-0.45372075,1.5767488,2.419688,-2.6044533,3.262539,-2.9298372,1.2044743,-2.073537,-0.09150235,-0.42108986,-0.73020655,1.0647959,-0.9418944,-1.7928042,-1.2361059,-1.9851321,2.5924559,0.371892,-0.34928235,-2.0722415,-1.2403888,-4.2439733
TCGA-AJ-A3TW-01,3.7202187,0.17784458,-0.92592525,-5.506684,-1.8159776,2.5821712,-1.693552,-2.2131646,-0.088714145,4.8595204,-1.1610422,1.7865988,3.8286808,0.85129404,0.021368284,-1.893954,1.0948457,-0.60798234,-1.0623387,0.48365113,-0.7401059,1.4966565,0.38405532,-2.2554684,-2.0744827,-1.8668088,-0.8288068,3.928073,1.0443459,4.5015273,-2.3452957,-1.5589297,-2.9504368,0.02966099,-0.47508115,1.3739451,1.5186088,-0.97983253,1.0555319,3.0913358,2.1398458,1.1923761,-0.6386277,-0.61578107,-0.20646828,0.60285157,-0.16228054,-1.4956428,-2.059504,-2.6489565
TCGA-PG-A914-01,0.41176412,-0.09191781,-3.3271358,-8.146817,1.9750319,1.7032228,0.667703,-2.6713645,0.66634107,1.2631223,0.9410245,0.39945373,-2.2175727,-0.62121713,-1.2947129,-0.4063839,1.6370103,1.5439131,0.9380536,-0.51743007,0.59977716,-2.1563885,2.5592077,0.2498701,-3.330977,0.9914389,-1.4927218,3.3023777,-2.074266,5.351099,-1.1149513,0.48856995,0.82569337,3.2031903,0.40970933,-1.3929393,1.1601399,0.92762274,-0.6771815,1.6068982,3.0340312,2.8987515,0.60594094,1.0852361,0.3135846,-2.8716283,2.2131467,-2.773082,-0.90539724,-1.2297958
TCGA-AX-A3GI-01,-1.5360501,0.7946831,1.3781631,-5.988284,1.701311,-0.041116506,-0.72458345,0.23490225,4.2152166,-3.840982,-1.4294395,0.8831736,-1.858572,-0.5168511,3.6808195,0.12741202,1.5247178,-2.2654145,1.2866808,-3.3530629,-1.0103053,-0.9923896,3.00117,2.02566,-4.0544376,-0.43218392,-1.3021486,4.1910353,-1.4265046,5.3605466,-1.9276015,2.0129516,0.027954781,2.4012299,1.8170848,-1.901781,0.70495105,-0.8493646,2.6108623,3.2159412,-0.22791164,2.4987066,-1.0804887,0.972506,-0.3996317,-0.8002765,0.340354,-2.6194701,0.5390338,2.248245
TCGA-D1-A2G0-01,-0.25548035,2.1082983,2.518799,5.681911,-3.4109902,0.65275115,1.3097019,0.09795335,1.8713548,3.5726154,-1.0972028,0.61362445,1.5225155,0.15778954,-1.9395498,-2.147833,-3.016192,-2.1017156,-4.5117593,-1.5626167,-1.2919532,-1.8630929,0.55079204,-3.4725776,2.139086,-2.4705975,1.9112715,2.8028953,2.8000422,0.2713812,1.6840947,2.3805616,-4.102707,-1.8293517,1.1276373,-0.2901718,1.7899647,0.15930489,-4.287365,0.263049,-0.5470893,0.94659966,-1.3982847,-0.21728152,0.63561803,-0.22903901,1.1971244,-2.6129942,-0.13805148,-2.5231726
TCGA-EY-A2OO-01,-1.8892713,0.0045341235,4.523579,4.4100704,-1.3003452,1.006444,1.6490512,1.0291166,0.43284822,0.2226112,-2.0198567,-1.6340506,-1.4096302,2.204339,-0.7156178,-0.7430959,-0.8897295,-3.872417,2.0200348,1.6081197,0.4470294,-3.9669569,-3.622067,-0.6234148,3.9358563,-0.74086916,2.0117743,-0.23181531,1.2373183,-1.3914169,1.4163812,0.4268758,6.007186,-5.122714,0.9748268,1.7345767,1.3854444,0.04043769,-2.1397307,-0.8554678,-0.6853007,3.5129654,-0.5692874,-0.6342971,1.0010133,-0.827204,-1.4062985,-0.818235,2.6253414,-0.16634312
TCGA-A5-A7WJ-01,1.066078,1.620158,2.8022373,3.8048923,-4.6547775,-3.2678707,-0.45341116,1.721944,1.9828484,-2.7469769,1.6198739,1.5651833,-1.9315172,0.96916455,0.1987174,-2.827137,-1.1207262,-2.2948434,-0.19144066,-1.1004382,1.5791451,-0.5953874,-2.671929,-2.2464828,1.6368792,-2.2988591,-0.8750113,6.4304457,3.7658215,2.6725175,5.307408,3.2922292,0.016321147,-0.67254555,1.138229,-2.373877,1.3033812,1.65845,-0.20420246,0.7453996,-1.2584945,1.1785108,-2.3970213,1.5039544,1.5275866,1.0802708,-2.196697,3.2288942,1.9645352,-2.3631885
TCGA-AX-A3G9-01,1.9913733,-0.47618544,0.93427,0.82607484,-6.2124763,-1.1077502,1.1118819,3.6853905,-0.6946159,-0.9229238,0.73419243,3.5325978,0.07468535,-1.82015,1.8886361,-1.8261082,-5.2351832,-0.5461899,-4.777696,4.029023,-1.9076799,2.2943573,0.21742922,-1.8113773,1.0986174,-1.1419191,0.3059758,6.0676737,0.9907758,0.734353,4.645881,1.2035668,-3.8159318,1.878897,0.78515875,-0.4654222,2.8621967,-0.96627927,-1.1423086,1.3934429,-0.8149405,-0.9953951,-0.9410949,0.2714315,1.3721851,0.44378468,-1.1692742,1.8319196,0.64446753,-3.136122
TCGA-BK-A4ZD-01,1.2857602,2.1877327,0.22340003,-0.24659471,-3.1932714,0.20257501,-3.6495984,3.8336432,1.9848616,-2.4618728,-1.7511367,1.0645641,2.169351,0.42176333,3.0216393,-2.5639749,-5.2464466,2.4541,-2.61329,1.739365,1.5065501,2.6844437,0.08131088,-1.4357141,0.14500666,2.936811,-0.52049273,4.5898438,2.0606985,3.9115667,3.97635,-0.9695533,-1.704302,3.2154553,0.9047679,-0.93131375,1.2609178,0.29217264,2.8866098,3.082622,1.9671441,-1.720381,-2.4163513,-2.9747334,1.1074911,1.6108625,0.8275408,-0.27700868,-3.0579135,-0.83866596
TCGA-B5-A3FC-01,0.9967654,2.0809875,-1.1283904,-0.7056104,-0.6421634,2.6201386,0.8920732,1.1709113,4.536666,4.3066444,-0.048002236,3.244003,2.3490632,3.0774043,-0.3108561,0.6215019,-2.959103,1.362348,-3.0682964,1.3375357,-1.1604645,1.3489106,-0.72375846,0.40365663,-1.0237179,1.203898,-2.8093903,-2.4996572,-1.0124525,-2.2396545,-2.4504309,1.7308007,-2.8678634,0.67961437,-0.5546273,-0.47779086,2.892165,1.1660429,0.30265802,-3.3537495,0.21743348,-1.6590669,-1.9499159,0.41203147,2.9705482,0.7879653,-0.39081323,0.7837627,-2.2873747,0.25318167
TCGA-AJ-A3NE-11,0.7895215,-0.9374385,-2.8571224,-1.3201323,1.9301337,-2.24804,-3.27944,-2.0135546,-1.610996,-0.7377341,-1.0486957,-1.497422,-1.0876849,-0.61797285,0.31566706,0.6782579,4.566054,1.1332998,0.015633263,0.6754814,1.2271551,-1.3141304,0.8735669,-1.5040338,2.107803,5.0049095,0.865184,-3.6992283,0.59295255,-2.4169333,-3.0842485,-2.785336,2.9320712,-1.7340851,-2.8175776,-0.6511898,-1.9167982,-2.03424,6.178585,-4.2872634,-1.5961589,-0.087114945,1.8500961,-1.6965336,1.3042655,0.25945392,1.9103551,-4.1829934,-1.5358107,-0.10817665
TCGA-AP-A3K1-01,0.19159253,0.6366999,-2.1236541,-3.5110939,1.3169509,-0.062391747,1.988003,-0.32946575,-1.2745279,1.4754007,3.0573077,1.7274574,-0.22566172,-0.8673368,0.9293587,-1.4560564,-0.08904633,-0.05247177,-4.3693914,1.6022531,0.08823406,1.5344672,4.1840243,-1.4819498,-2.8822234,1.0024346,-0.36650926,2.882608,0.61061335,-1.924675,-1.2326663,3.3489783,0.85763854,2.2049725,-0.33018816,-1.7146839,-0.300752,-0.41323754,1.6684498,4.032877,-0.77848756,0.91690254,1.2749772,0.51434666,-1.668707,-0.91175735,0.491821,-2.0890367,3.8678753,-1.0621793
TCGA-EY-A3QX-01,2.4630592,0.9385753,3.0010808,1.8706157,0.12755962,-1.0240045,-1.3532706,-3.088532,0.9855604,2.3239913,1.7472101,0.3399391,-1.8990897,1.9783943,-2.5277143,1.370932,-2.8502316,-0.94719046,1.4626344,2.3173425,-3.6400506,5.4204335,-0.7005339,0.37746492,-0.81499857,0.31085035,-0.6192638,3.8694265,0.17920455,2.8432767,0.41787228,0.0056740837,-1.9661853,2.3311787,0.4983912,2.5091364,0.4804657,-0.41422397,-0.96214855,-5.8181753,2.409857,-1.1613785,-1.2696822,-0.778705,-0.16180138,0.7933512,2.517222,1.8967818,-1.6174386,-2.5464025
TCGA-AX-A0IZ-11,-0.08847468,-0.68279034,-2.3389506,-2.31497,0.93765754,2.6211045,-7.43013,-0.0033319462,-2.4848435,-2.937247,-1.8196754,-2.8182685,-1.6929523,0.076480985,0.58610827,0.18137968,6.157591,1.5244461,-2.378669,2.5144877,3.4950495,-0.9064286,1.3470877,-1.864726,1.3157251,3.4500244,1.5618134,-3.9890287,-0.3663999,-0.6678208,-3.038848,-1.8836104,3.007298,-1.7970008,-1.0236764,-0.84125346,-1.4487033,-2.3767548,8.750908,-2.071813,-1.506845,-0.6717637,3.5354383,2.00695,2.5675588,0.5191834,1.3875403,-1.8086803,-0.9608409,1.3347094
TCGA-AJ-A3BI-01,1.8200955,0.023004826,-0.27024856,-0.3496507,0.63732237,-1.2756828,-0.43700886,3.3162544,2.6001315,3.2485495,0.4405646,-4.447382,2.4351313,0.86119395,2.349963,-0.031939045,0.11741898,-3.914678,-1.8837304,-1.7296903,1.1482394,0.41412732,-0.42015296,1.7640285,1.4013903,-0.7447197,-0.63567084,-0.36889216,-0.14517498,-0.46915513,-3.8455372,0.49109203,-5.005259,0.7701604,0.2095076,-1.101665,-4.0099025,4.4510674,-3.8680701,0.66170603,-3.7945933,-2.8490467,-1.170113,3.9672773,-1.892583,1.0819105,-0.80714583,6.254379,1.485782,2.980104
TCGA-EY-A2ON-01,-1.7053256,1.1906875,1.997083,-4.0961237,-0.052773654,0.2977958,4.940913,-1.1250572,-1.4142966,6.557385,0.58533496,0.20403096,0.48344588,-0.36631584,-0.6856813,-0.6911508,0.5523933,-2.4178617,1.2771777,0.59883213,-0.95290124,-0.17613886,-0.21729854,-2.056855,-2.9166186,-0.44101796,0.22791862,1.8398587,1.5683064,2.7854996,0.112553574,-0.13619553,0.90089923,2.0119712,0.030050816,1.5927482,0.41037706,-1.349168,0.45914745,-0.10233648,-1.5548617,2.867093,0.90620863,-2.049797,1.3614153,-2.6434827,-0.12099974,-2.377813,-1.0961038,0.7447505
TCGA-AX-A3FS-01,0.45192274,1.4505295,-0.1033861,-1.202776,-1.1267792,0.3951715,-2.1272058,3.5682597,1.3036484,-2.8567913,-2.7574797,1.175238,-0.5842014,3.8883324,1.5709217,1.1041455,-4.1839647,-2.712684,-7.7314377,2.8232543,2.2356732,1.8358936,-1.5079446,-0.8861428,-2.9456244,0.0945581,-0.69518596,0.88285595,2.3767579,2.427604,3.2755976,-1.9186443,0.046460573,0.48473316,0.5768808,-0.34148845,3.8500671,-1.0096736,0.6669057,-3.6026256,-0.5769548,3.2429676,-2.1629539,-2.5555875,1.6632956,-0.29197964,0.55234665,-0.8887456,-0.26601472,-0.69631606
TCGA-SL-A6JA-01,0.4218776,-0.42893007,2.6105664,-0.016485209,-3.988748,-4.2460394,0.021490648,2.7544491,0.05198797,-0.3160676,2.0046785,-2.298672,-0.111907035,0.44822347,-1.5296162,-1.4080701,0.5808456,-5.148581,-2.7447789,2.0185409,-0.22191818,-3.2879968,-0.31539828,-5.2665443,0.16251367,-5.0089836,1.1039639,3.0263612,0.97404444,0.88709307,3.8256693,2.8346996,-1.1721979,-0.4563936,0.7154075,-0.76317114,2.6738591,0.34485504,-3.4877563,3.2401724,-3.4290843,-0.20993906,-1.0969936,4.212007,1.8120801,2.1949828,0.19975288,0.3304903,0.9916732,-1.5325177
TCGA-AX-A2H4-01,0.71209806,0.4099928,1.8148463,1.7498443,-2.7700121,1.0725068,2.6510997,-2.6890793,-0.7395964,6.0163417,0.4806376,-1.2356024,2.8149898,0.19015498,-3.4850037,0.08589789,-2.2347693,-1.3009909,-2.7102652,-0.7861492,-2.46181,0.5758739,0.1404047,-1.9917722,-2.393728,-0.21108018,-0.7925557,-2.2637143,0.8804143,0.2565407,1.5329261,1.2997001,-1.0767821,-0.684854,0.15894137,2.4604194,1.1040406,0.30783373,0.35589373,-2.451893,1.5678105,1.275872,0.76906824,-3.5562682,-0.100202404,-0.7477216,-1.9746076,-1.0388763,0.98555064,-4.092288
TCGA-AJ-A3EJ-01,-1.0325875,0.5985149,-1.730306,-4.3013005,3.2860866,1.3656656,1.2788749,0.64857095,0.48727843,1.6404748,0.906252,2.1771426,-1.4884962,1.8742859,-0.40562373,0.3233496,-0.9302761,1.0447404,1.1002573,1.7635994,-0.20865753,1.0871166,-1.1116679,0.5873926,2.0562816,2.0818958,-0.2069662,-1.5248225,-1.2737839,1.1524887,-0.78465694,0.25998524,5.1863985,-0.43482903,1.4076985,1.1286397,0.46163923,-0.62638414,-1.3697295,-4.9459057,1.4297938,5.3235106,-1.7443248,-3.9511046,-1.5811722,0.118003525,-3.470477,-1.6132565,1.9825678,-1.8450766
TCGA-AJ-A3NC-11,0.37605405,-0.6957556,-2.555256,-2.1513016,0.5686971,1.5476168,-6.395898,-0.48951268,-2.5807333,-2.5466497,-1.7487282,-2.0216238,-1.3379587,-0.21279648,0.4498804,0.54309386,5.534038,1.9775825,-1.1409252,1.809486,2.3232174,-0.43865904,1.3583122,-1.0466009,0.9204978,4.1746545,0.5935963,-3.726461,0.024504695,-1.3622348,-2.5765946,-2.1085615,3.0632427,-2.2718735,-1.9295628,-0.60411376,-1.1741896,-1.9154754,7.7849545,-2.5632012,-1.3277637,-0.3856623,2.2914467,1.393235,2.046456,0.6982336,1.916875,-2.5247927,-1.3419408,1.3160031
TCGA-EY-A1GP-01,0.09385569,1.9378288,-0.46927273,-1.988064,4.2314434,-1.6598125,1.0603079,-0.2197091,2.9886618,-0.9803039,1.4197054,0.6920197,-0.9890283,0.5020197,0.13781455,0.8354637,-0.932121,1.6820854,0.17255343,5.0909753,1.1540326,-0.66479206,-0.06907576,-1.3471699,-0.190983,6.022766,-0.43358108,-1.707975,-1.144439,-0.46056297,-7.2907324,0.81242895,5.30168,-0.630576,-2.7631576,-0.48875853,1.0718302,-0.524268,-0.27883226,-3.115045,-0.65328944,2.4736106,-0.6895836,-5.1348453,0.2136708,-4.024195,-0.6017533,-4.6214547,2.3103094,-3.6740708
TCGA-EO-A3KX-01,-1.8809025,-0.6106985,0.397139,4.62575,-3.1745226,-1.8212829,-1.8318267,3.1387937,-1.4674962,-2.0599613,1.0487134,-0.6600133,0.3555302,0.39609468,0.4292775,-3.5178437,-3.0822759,-1.8566594,1.2475365,1.8391396,-0.23608932,-0.8617754,-2.344642,0.46519276,1.0936211,-1.9340379,-1.0192877,0.7155274,2.6221454,-1.9701912,6.026986,0.78769606,0.39227763,-3.344998,1.5652565,-1.2976329,1.3379058,-0.110912934,-2.606264,0.49340317,2.6162374,-1.6405276,-0.6321774,-1.8449017,-1.4008687,-0.01917692,-0.87953764,-0.79506946,1.5463216,-1.0417978
TCGA-AJ-A3NF-01,1.3799102,0.9048832,-3.3697503,-3.6678,1.4001944,1.7110503,-0.41122785,-3.6326036,0.49455336,0.033327363,-0.5113542,0.26382458,-0.97235936,-0.21452492,-0.0067444933,0.9380688,5.1735992,1.85574,-1.1886846,-1.0716047,-0.0025715325,-0.22356765,-0.06393905,-0.92665684,0.9348866,3.9656546,0.25585595,-2.465474,-2.3434548,1.2868266,-1.1976119,-1.5973997,3.3988702,-0.97297394,-2.3623004,-0.8703085,-1.4335085,-1.0604757,0.7392483,-5.555596,1.8360187,2.1846805,0.44413576,-0.98728055,1.9522257,0.19669656,1.6953123,-4.3868756,-1.46442,-0.3556737
TCGA-FI-A3PV-01,-1.5796218,0.32462105,0.8350819,1.1475456,3.2896354,0.49980104,0.15364231,-0.0037007518,0.52202237,0.032439042,-1.2288069,0.06663871,-0.9729222,-0.6460147,-1.293335,-1.5912498,-0.5809904,-0.41098076,1.1506915,-2.9785116,-0.7990696,-0.8771156,1.3413218,1.8074323,-2.7324677,-1.0567746,-2.188826,2.5909672,-2.0188415,-1.4626751,1.4972199,0.17416771,2.399122,2.5556326,-0.90501636,0.31301105,-2.5211275,-0.7238617,-0.07399562,1.2261239,-1.2464327,-0.29924512,-0.41352275,1.0479492,-0.41152868,-3.651608,-1.3325104,-0.96687603,-1.369118,4.250104
TCGA-AX-A05Y-11,0.45354897,-0.99947846,-2.9077077,-1.9019513,0.7748192,1.197067,-5.772441,0.3018956,-2.1456559,-2.0962338,-2.0920863,-2.3671489,-1.7764904,-0.1886257,0.16843921,-0.4714127,5.777175,1.7639185,-1.1452781,1.1601105,2.507381,-0.6713625,0.9857231,-1.8170049,1.2666842,4.252471,1.7294074,-3.5563118,0.76524514,-0.4105784,-2.9680848,-2.2502217,2.4984863,-2.233345,-1.2202812,-0.6674034,-1.0593554,-1.9554906,7.5147,-2.8245776,-1.5018507,0.0704713,2.3139286,1.3520136,2.1603677,0.42536935,1.7269905,-2.3793738,-1.5338326,1.8383142
TCGA-EY-A54A-01,1.0539799,1.0713372,-1.7673231,-2.729228,2.228807,-0.59526324,3.0866196,-3.1316624,-0.6809155,-1.3485706,0.08963339,2.3155756,-1.8886678,-0.5645504,0.2693228,-0.8088951,2.6038382,0.75803846,2.4816535,-2.3200958,-0.870502,0.4162948,3.4465816,-3.557346,-0.5479613,0.34468427,-0.48891577,-1.7077198,2.2657063,1.1795927,0.90598476,1.9824678,0.8549429,0.47634155,0.8179395,0.67068815,-0.5853352,-1.1075772,0.1175704,-3.1986265,1.2361363,3.5569568,-0.8664394,-1.2408109,1.3210212,-2.549537,1.8671061,-4.039972,1.1410048,-1.6776356
TCGA-EO-A22U-01,-0.11952251,-1.0959154,0.507788,7.2646575,-3.6498244,-2.2198257,-3.3250046,3.505563,1.0971215,2.6026776,0.22924447,-1.1721756,-0.5745002,3.1848698,-1.5900872,2.4833694,-1.9899743,-1.1014334,-2.303964,-1.0914224,-0.53949356,-0.5295662,-1.4939712,-2.147207,2.3357515,1.0069662,3.3142707,1.1966307,1.0585191,3.3780568,0.7764674,0.62541974,-1.6588103,-3.1795812,1.100503,-0.9717929,2.1580977,-1.4494048,-1.126053,1.2010707,2.6091545,-2.383424,-0.4498875,2.3299053,2.0503416,1.8270289,1.4025049,-1.9120637,0.81747127,-3.3501406
TCGA-D1-A3DH-01,-0.33301336,0.6130475,-0.14042917,-0.3464469,3.7768958,0.43676546,-0.55288124,1.005524,-1.0273727,-2.739058,2.7649045,-3.2080038,-3.85002,-1.2532165,-0.90368533,-1.1235696,1.1753356,0.36368006,0.51766855,2.3944855,-1.394852,-1.785174,-1.2215772,0.8231263,3.6880734,0.19935226,1.0498726,3.9729004,-0.84218025,-0.65979534,1.199171,0.21838845,1.95675,1.399448,0.22577792,-0.927849,-1.8657305,-2.9886477,-0.61240816,3.5971715,0.8530123,-0.41755256,0.50200444,-2.8241856,-0.49561328,-3.481773,-0.9464335,-2.3070526,-1.0289001,-4.1928906
TCGA-SJ-A6ZI-01,1.7014554,-0.6890593,-2.1598067,3.4899204,-1.6935552,-4.412405,2.3256924,0.39997095,1.919379,2.7318163,0.93093514,1.8050567,-0.5344871,-1.0561517,-2.2861433,0.9931626,0.9738066,-1.0862226,2.206212,-3.240235,-2.249006,-0.40940547,1.1314777,-1.3299347,0.21229683,2.3855574,1.193581,0.13244155,2.52858,1.0511072,0.3298773,2.3724809,-1.4639378,-3.2151165,0.44922453,0.03138856,-0.1437728,1.1523986,1.5208509,-2.863066,-0.2708317,2.9644678,1.6805686,1.3157035,-0.06019465,0.5482366,-0.24440703,-2.1122942,-1.4341078,-1.5076965
TCGA-DF-A2KR-01,-0.48781306,1.2977607,2.9254022,1.8933458,-0.6972446,-1.6052821,-0.7385168,0.5433187,2.2586129,6.22858,2.4709425,-2.3435276,1.0958952,2.4993572,-2.842859,0.6634198,4.08872,-2.2030776,1.8751395,-1.6271498,-1.787648,-1.3089232,-2.9026916,-0.5105079,1.1212002,-1.1504792,0.4562067,-0.144033,-0.78129405,2.5540478,-2.2808425,0.8229712,1.2130839,1.0097795,-0.62511957,-2.3475902,-1.3566016,0.14897649,-0.7855336,1.140351,-3.208168,0.59073955,-0.46985993,0.46350446,-1.0776881,2.5865476,1.0636023,-0.3896189,-1.4531672,-0.5201489
TCGA-AJ-A3NH-01,-1.4289193,3.0065343,0.23983678,-2.2226555,0.9818612,3.0644658,0.48300952,2.924776,2.30181,-5.5534854,-2.3454268,-0.15382871,-1.4019147,1.9934521,1.6783962,1.4049953,-2.728573,-2.2219136,0.699285,1.416033,-0.6060443,-3.4931064,-0.92371166,2.8367949,-0.9376196,0.14850448,-1.4977728,0.1813398,-3.3693957,-1.781507,-2.384134,0.021832496,3.8589947,-0.15171607,1.0287639,2.8340197,-1.9517094,-1.8336604,-0.16441995,-0.21197042,3.5557685,2.0519006,-1.592214,-3.6104286,-1.5198551,-3.667184,-2.012323,-0.5308702,1.2703654,0.6137587
TCGA-EY-A1GL-01,1.6711354,-0.24518396,1.4333795,5.201631,0.71085346,-3.4136658,-0.7205255,1.5026137,0.50730723,0.39373097,0.58750075,-2.661594,-1.1739938,-2.224749,-0.2570837,-0.562642,-3.2456365,-0.7314836,-1.6727736,2.6380153,-0.20445536,0.88494956,-2.3321579,-1.5872159,-1.0310524,2.2202168,-0.73748165,2.730688,-0.40305457,0.7445823,1.6909792,1.1851382,1.7583051,-0.53978395,-0.82162094,2.7974994,3.6092663,-0.14519095,5.479567,2.4877484,0.09375441,0.10096449,-0.62558985,-2.3204036,-0.46158814,2.4789193,-0.28402779,-4.3770585,0.6801889,-6.9085116
TCGA-AX-A3G4-01,1.3266151,0.6647426,-0.56012756,-5.3584657,2.4263446,1.8742512,-2.18316,1.1938124,0.1173217,-1.216806,0.5667182,-1.1154019,-1.3726338,0.18823127,2.811901,1.3457816,0.115324594,-0.48386288,-0.17653786,1.8529303,0.20034422,-0.71858704,0.77898294,0.9517682,0.0961172,1.3010772,-0.9328766,-0.9947814,-1.2314665,-2.7124622,-2.7433004,-1.220044,1.2436028,3.523528,1.0495707,-0.47587553,-2.9314187,-1.1580911,0.060082186,-2.7969306,3.0291533,0.88833916,-1.2370069,-0.6202171,2.0295722,2.678983,1.1668534,1.3036107,1.64794,3.1784985
TCGA-SL-A6J9-01,-0.07242921,-0.3285199,0.6632663,-5.548063,1.0333912,3.401684,1.4387617,-1.7017443,1.3208677,4.6008835,0.36614367,0.5086384,-0.56996185,-1.1954361,0.78731847,-1.2674075,1.3543481,-0.8287382,-1.6521268,-0.95675296,0.90086305,-2.8051198,-0.14128867,-2.4276724,-1.3384589,-1.5952783,-0.3776604,-0.8447536,0.10161062,4.714125,-2.5522768,1.7519497,-2.181017,-0.14639622,0.8334658,0.018682566,1.2946998,0.76515394,-0.77228016,-0.49390313,-1.135798,5.852229,-2.8841264,0.71274894,-2.4266875,-1.7331713,-1.3783185,-1.5707697,2.836973,0.74747825
TCGA-BG-A3EW-01,-1.8061099,1.4843012,1.2429028,6.7747316,-0.67905486,-1.8417227,0.8981239,2.8285906,1.8792083,0.61920226,0.8608946,0.20631406,-5.0775423,2.8207438,0.93612885,-1.2461691,-1.8531961,-0.4903144,1.3179079,3.4231293,-0.7929004,-0.7087232,1.3459038,-0.6398771,2.5514853,-1.0016204,-2.3847094,0.5702097,2.1558907,1.5068727,2.2614994,1.3722725,2.549256,-2.7261379,2.3742177,-2.5388503,0.74965835,-1.010688,0.53052163,-3.839085,-0.75998855,1.2156621,-0.71612275,-2.9932494,-0.93765837,-1.6409113,-0.82546663,-0.7097484,4.103427,0.2716592
TCGA-A5-A2K3-01,0.4696865,0.75877243,-0.56119764,4.3650928,-0.5632222,-0.37252036,1.6415606,-1.7875656,-1.0366268,8.162665,1.2770087,0.52741516,3.2961419,1.1760514,-2.4083686,0.0026324112,2.2998424,-2.823714,-4.1629586,-0.9155106,-1.6120331,-0.44394806,0.83173305,-3.2256246,-0.09056598,0.12827757,2.6214879,-3.1089556,1.1182835,0.11140843,0.22266269,-1.1669041,-4.3386188,-4.145515,-0.46506888,1.2105229,0.40887567,-2.0942717,-0.932729,-1.0590355,-1.9135389,0.40306747,-0.119172156,-1.008715,-4.17396,0.4871354,-1.1668032,-1.8816632,-1.5760375,-3.2283225
TCGA-B5-A5OD-01,-1.6902342,-0.53809315,-4.989151,-6.345204,3.6730514,0.4546905,2.5338154,-3.355405,-0.8928915,-2.3328052,-3.9308946,-0.052776232,-2.3148677,-1.9120597,-0.38126934,-0.92022425,3.2696016,2.898445,0.7945719,1.6087458,-0.96659577,2.0475414,3.6557083,-1.9813721,-2.1019242,-1.1321987,2.3417466,2.3618984,-3.7204916,-2.535295,0.6934279,-0.15914723,0.89010185,0.9039705,-1.0614184,-0.44417357,-1.2225033,1.132567,-0.75799674,0.015030138,2.1920984,1.1484715,0.81325233,3.2974253,0.75901157,-1.1002299,1.0393496,-0.76983327,-1.1982799,1.7625165
TCGA-B5-A5OC-01,0.32442206,-1.2696903,-0.46509525,3.244829,-2.8057191,-2.6124387,1.101131,-1.7395531,0.61686206,1.0852631,3.0522287,0.56496483,0.05964129,0.7509749,-1.9925511,2.046502,-0.0008244759,-0.83501893,-1.7948817,3.0189748,-1.6237125,-0.36975357,1.3814611,-2.3214755,-0.10677165,1.6185746,1.7464347,-2.1365397,2.0889118,0.2136502,0.3011066,-2.9132204,0.5996379,-2.815095,-0.41269425,-0.8860195,0.61867106,-1.1821306,0.84721005,-6.469859,-2.478527,0.31229734,0.19673073,-1.4766127,2.112706,-0.44284213,-3.1559181,-2.304338,-0.013386741,-4.8310847
TCGA-EY-A1GX-01,-0.174053,1.007162,1.672691,6.0632396,-1.501441,-3.988494,-6.581912,1.4684651,2.5871086,-4.406498,2.4833124,-2.8013885,-1.6143901,-0.52329016,1.6683395,-2.1702635,-4.3029737,-5.113676,3.5469687,-0.30312845,1.050225,-0.27146292,-2.0680501,1.8688253,0.8080511,-2.357938,-0.06371982,4.83683,-0.6857017,4.062174,2.9300876,2.017944,-0.50078404,0.32788473,1.288772,-1.8565828,0.91918695,2.4633408,-0.68761235,6.0059657,-2.7719834,-4.270577,1.8803229,3.3372493,-0.5479146,1.9356699,-0.8678968,4.400076,4.1176057,1.6710346
TCGA-E6-A8L9-01,-0.64162695,1.5447005,-3.5013263,-9.132782,0.5781024,1.3344254,2.676762,-1.4189125,-1.2728679,0.5938795,-0.83070225,2.4947882,0.40031764,1.0919896,1.6814053,2.1412895,1.102616,1.0351186,4.3789773,3.4049122,-0.92382574,-0.4939014,-0.41436213,0.7170309,-1.6506656,0.14326574,-0.07725525,-2.9261796,-0.8208168,-1.9307003,-0.32880005,0.5107196,4.9129577,0.68801385,0.349749,0.21377555,1.7261012,-0.031167945,-1.6659038,-3.12075,1.497781,5.5391574,-1.1623116,-2.947091,0.49333224,-1.2716454,-0.33930382,-2.0762372,0.81345123,-0.91141313
TCGA-BG-A0MK-01,-0.4570806,-1.4044306,-0.3260812,1.9200349,-6.5345836,-2.8477595,-1.8516543,-3.3106146,-1.6494253,1.0657992,1.6336358,-0.1188669,3.988695,-3.1186748,2.1727462,-0.31037018,-2.7227876,1.0682523,5.5058165,-1.9507703,4.029165,-0.71557695,1.8414092,2.8290596,1.7821314,1.7810092,-2.195548,-3.9292839,1.6761312,-2.2563457,-0.17672765,0.03003648,-0.27686322,-1.4988128,-0.628703,-0.9599758,-0.6855903,1.7043895,0.6318927,1.5949855,-0.39118463,-1.7413253,-0.88763887,0.63854194,-0.6813547,1.6036099,0.7881735,4.912848,0.34267288,3.381209
TCGA-AX-A3GB-01,-0.9655665,-0.0649081,-0.3478415,3.49932,-2.9013102,-1.7073989,1.2781746,-2.0633006,-0.1893972,0.3500148,1.6778282,-2.0888574,2.2992072,-2.1505778,0.10940871,2.6331542,-1.7318269,-0.97018737,1.2196481,-1.250128,0.7877897,-1.5782523,-2.5811422,3.1115675,2.8744817,2.0438468,-2.9290988,-4.3595223,-0.41905415,-2.0076149,-0.10015508,-2.5703528,-1.170542,-1.889985,-2.8203912,-0.3521353,0.5602829,2.022446,0.9221157,-0.008100154,0.07795145,-2.6121635,0.15470959,2.834123,-0.101222,0.17601389,1.7398998,3.356399,0.72693,2.6061733
TCGA-E6-A2P8-01,1.6476352,0.53096783,-1.6581833,3.793783,-1.9344686,-0.28515503,-0.19829367,-1.6363789,2.688,-0.30742174,2.3452222,1.8418167,1.0693119,1.0338556,-1.8773388,-0.060461476,1.0184155,-2.5092952,-3.3213794,4.684219,-1.5512984,-0.2420967,-1.3330072,-2.5825076,-0.85669637,-0.12930337,2.689114,-0.1947128,1.0548428,0.36613995,2.3371096,0.5365802,-0.2606837,-7.228467,0.5852441,0.9931807,0.25252,-1.6193032,1.3289975,-0.86766785,1.8379762,2.2040706,-1.282573,-0.494337,1.4549448,3.7696512,0.52860075,-4.912324,0.011169458,-5.8110886
TCGA-QF-A5YT-01,1.9433012,0.13595766,0.56878567,2.4524431,-2.360222,-1.7909461,-0.1841414,4.381488,1.2280539,-1.1768425,1.9050912,-0.28327623,-0.59164935,-1.5613827,0.31866676,3.1439903,-5.1635437,2.9051216,-1.3126278,1.8317007,0.5387503,-1.2658769,-1.0566512,2.1893542,0.43835592,4.114689,-0.40094864,1.7999119,-0.70911175,-0.7443013,2.3998406,-1.5134795,0.5913723,1.7212046,-1.121591,-2.6093838,1.3045678,1.9981201,-0.4731139,2.973332,-1.6445637,1.6537093,1.1184486,-2.6240964,-0.39652592,-1.3475739,1.6383711,0.17004696,0.42546052,-1.0322754
TCGA-5B-A90C-01,1.989779,2.6649637,0.50194335,-4.292386,3.700838,-1.5617743,2.8961353,3.288549,2.409657,-1.5116302,0.086875886,2.7011547,-2.7574317,1.8903142,0.022403006,0.30558136,-2.6290846,2.5219781,-0.84634715,0.7481091,0.5794102,1.443755,1.7113132,0.30787963,-3.4665787,2.2196918,-2.7533195,4.844029,-1.2273347,3.1327958,-0.43936747,0.017034538,-0.3053943,3.8732717,-0.28317007,-0.38714337,1.7526336,0.5588999,1.6582266,-2.414201,2.1369839,0.6296816,-0.29031572,-2.6031392,1.4901165,-0.9259269,-0.21643779,-1.753897,-1.9182215,0.6783421
TCGA-AJ-A3OK-01,0.18254638,-0.24962665,-5.2697134,1.9623721,3.187085,-2.605179,-0.26806268,-3.9327974,-1.20346,-0.8675957,-0.39743078,-1.4224608,3.314674,-1.6544142,-1.3553774,0.68685037,1.1039377,0.54252714,4.029249,-1.3350608,-0.3813927,0.33703557,-1.0265163,2.8599007,1.6426321,3.0209327,-1.0533595,-5.679837,-0.5317747,-4.4699345,-4.1028485,-2.3298025,-0.583061,2.4004023,-1.3856411,-2.5346773,-7.705144,2.2478182,2.354594,-1.6267154,0.70405906,-3.6091418,0.6979448,1.7414817,2.086535,-1.0603099,4.1379185,1.3174173,-0.29355285,4.86891
TCGA-AX-A3G1-01,-0.37370488,0.06835413,-2.0568235,-0.8684037,1.1805174,-0.0082254205,0.11137847,0.2715102,-0.16576451,1.197801,2.9954624,-1.2445066,1.0009089,0.14495274,0.86024064,0.89573044,-1.9473381,-3.042239,4.222229,-1.4980092,0.9672607,-2.4879289,0.25203198,3.381607,-0.20638886,-0.16938587,-0.6659435,-2.2663097,0.70247465,2.949051,-3.583755,-0.827026,-0.6437152,2.1976442,1.3929133,-0.15405801,-1.1435666,1.9214543,3.9678192,-0.818583,2.8030615,0.26271844,-1.0456876,-1.6185566,-1.3683807,-0.16559598,1.5915617,-0.39890695,2.2025135,3.454425
TCGA-SJ-A6ZJ-01,2.6320643,0.37733433,-0.4638684,2.1422255,-1.5085665,-1.5483252,-0.303874,-0.002829779,-0.34398755,-1.0525728,0.7099119,-0.71526873,0.006445324,-0.7805993,-0.4255014,1.3327204,-1.8693078,2.4876118,2.4869604,-0.40859637,-0.9122845,1.0516735,-0.048906725,1.2725768,0.5104973,2.7073877,-1.2327665,-1.9741513,0.1646606,-2.5545526,-0.532392,-1.422712,0.70277005,-0.4153576,-2.185173,-0.9783221,-1.6043642,1.0841352,-0.466897,1.8978369,-0.3359186,-0.8699412,0.7243955,-0.40821385,0.5772237,0.95111865,2.3119261,4.091326,-0.96017104,2.6055813
TCGA-K6-A3WQ-01,-1.3913774,0.66168505,0.04913407,-3.752659,1.1309916,4.063966,3.299918,0.0669782,-1.0014637,0.0303828,-0.36378875,-1.6493165,-3.3543823,0.12179744,-1.9753047,0.9013574,2.7630355,-0.2229972,0.85111386,-0.1605467,-0.7852792,0.86474764,0.5821893,1.045078,2.0542054,1.8008047,1.1637552,1.0661163,-2.956306,0.85133594,0.6823853,-0.26274648,3.6188173,-0.45911932,0.057064626,-0.5824019,-1.6266288,-2.434631,-2.8073347,-4.0495033,1.5471205,1.2442435,0.7764052,-0.28938183,-0.5250002,-0.08614851,0.9624515,0.31951255,-0.20250443,-1.9549087
TCGA-EY-A3L3-01,-0.56689656,0.9883878,0.8353502,-7.333969,4.499192,1.331391,1.0202341,0.9154667,1.2852824,-5.6001563,0.60837686,3.6703687,-0.34063566,-0.36790174,0.68089324,-1.4353671,1.1614758,-1.9849635,-0.19898498,1.0207396,-2.209117,1.4442508,1.3058782,-0.95267195,-0.87506306,1.8361926,-0.596942,4.0548506,-2.1730156,1.2560182,-1.4363192,1.3783305,3.5281715,4.1681757,-1.0987918,-1.3982981,0.53821236,-0.04174514,-0.6149012,2.7523398,-1.7516396,0.47348106,-1.820893,-1.5691729,2.1086192,-0.27549192,0.6450829,-1.78668,-0.8010067,1.4044075
TCGA-AJ-A3BK-01,2.759439,1.2098416,2.008592,4.148794,-2.5466893,-1.0201219,2.1932552,1.1043482,0.39146537,1.7768134,2.8897314,-1.990823,0.43905443,-1.7358011,-0.7678954,-1.3209585,2.9139776,-4.778836,-1.4645971,-2.1277437,0.3473385,0.19580163,1.1959196,2.0876153,0.14907548,2.5426247,-1.1421908,-1.9991664,1.6401106,0.5850755,3.9666135,1.9443628,-3.3172212,-0.8633962,-0.45703837,1.4686033,-0.49493662,1.2653167,-1.8094842,0.48289666,0.23681062,1.5706522,1.0955529,-0.06768465,0.7870685,2.1560295,-1.1753355,2.6012428,-0.9831829,0.40237108
TCGA-KP-A3W0-01,-1.0449901,1.4297549,-2.8113055,-1.2753851,3.4887357,2.4698355,0.11739788,-0.120296374,-0.6429409,0.60808605,-1.4690825,-1.2003981,-3.0572467,-0.8712013,0.37479106,1.1847858,-0.32274455,2.3178506,-1.3919019,2.2713268,-0.90567255,0.485225,0.13660023,0.8712821,0.38179204,1.7082669,0.16323647,-0.9056662,-2.5856032,2.7877724,-1.909517,-1.6908106,2.1515489,0.6815716,-0.5748373,-0.8215166,0.45860302,-3.0015543,2.8922758,1.0867176,0.17038344,0.94618756,-0.1031007,-1.0174028,0.0778238,3.054244,-1.3678418,-3.7873375,0.857019,-3.9110787
TCGA-AX-A2IN-01,2.516788,-0.4930662,-2.1096036,1.0888855,-1.9847038,-1.4476409,-0.6551791,0.64811903,-2.0133522,-3.5460386,2.5243704,2.1588624,0.32438606,0.44129914,-2.0923119,-1.0382773,-0.46920085,-0.48876086,-2.3632796,5.5215187,-1.2798111,-0.9000857,-0.35779005,-2.6559026,-1.7017497,-0.23896277,-1.7340767,-2.9858675,-1.6253197,-3.9752834,1.3882939,0.93644804,3.6357484,-2.2517872,-0.984738,-1.2384814,-2.0058448,-2.0154357,-1.1461349,-3.2819688,1.3783765,3.1372104,-1.4534132,-3.0397222,-0.64680475,-1.8463973,-0.66119546,-3.325597,3.250853,-2.5972931
TCGA-BG-A2AD-11,-0.06440413,-1.2336733,-3.6217144,-2.762392,1.3341725,1.2132846,-5.3051147,-3.5304825,-2.000149,0.33067048,-1.6067048,-1.197311,-1.3202004,0.6006342,1.1175592,0.5644771,5.2576785,1.2137965,0.306667,0.27861392,2.5153384,-1.2294135,1.0243692,-1.7222401,1.3980844,3.52477,1.643489,-4.5780654,-1.3983718,-2.3043468,-2.8312905,-3.0791953,4.3096204,-1.831309,-2.0358286,-0.8070088,-0.8869987,-1.3671386,6.2644277,-2.7997649,-1.439926,1.3697006,1.6879418,1.3428317,-0.022900753,0.4476969,1.2456795,-4.69181,-0.84152895,1.5016983
TCGA-AJ-A3QS-01,0.8762583,0.9626102,-3.084005,-2.609038,1.5191612,-0.3303037,3.8160346,-2.1789536,-2.0555346,0.49941787,1.301898,3.7270367,-0.22469491,-1.3817381,-0.26524606,0.64414716,3.2016413,-3.3200033,0.15165488,-1.8742167,-0.4715907,-0.72016007,1.2137867,-2.609225,-1.942656,1.0551149,-1.7719958,0.5873958,-0.7638618,1.4567108,1.6584059,-0.8470612,-1.1333363,-2.0741904,-0.24308147,-0.10989156,-1.3549753,-1.725189,1.8510795,-4.214329,0.12535612,-1.0967247,0.33293468,-1.3766006,3.7092466,-1.3891536,1.1854795,-2.7182212,-1.4485818,-0.33361387
TCGA-EY-A210-01,-1.2841251,2.8772333,-1.6047287,0.8946848,2.2869911,2.0560896,1.8889924,-0.8007859,-1.8799273,0.24837933,-0.88579035,1.2211903,-1.641951,2.230734,-2.2297924,0.684273,3.243227,-0.020982876,-1.274105,1.755796,-1.2711939,0.48340285,-2.3180606,-0.12312676,0.25768617,-0.059522655,0.75433195,0.2190374,-3.4257848,1.6899422,1.7146962,-0.145341,2.820481,1.1721909,-1.0048202,-3.0060112,-2.6083415,-1.4815589,-1.6611644,-1.8394326,-1.267938,1.4905279,-0.14912471,-1.7249254,-5.165005,-0.8967965,-3.227946,-2.8981233,1.9382861,-3.5779896
TCGA-DI-A1C3-01,0.62646043,0.40337756,-0.01711363,-1.7948949,2.0511048,-2.277772,0.3775262,-2.3571787,-1.11792,-0.015235651,1.0261902,-0.5951233,1.7784655,-1.7110051,2.0424752,2.105264,2.9747217,0.8779024,0.5631642,0.79844034,0.08629916,-1.9477268,-0.3803168,0.90007263,1.3754247,3.5756483,-2.0752296,-3.9334147,-1.1715415,-5.7411404,-4.5133624,-1.6588995,-0.20698427,0.16555417,-2.4187016,-1.266086,-1.9608766,0.45906734,-1.5689358,-1.7586267,0.6318683,0.18852189,0.15360114,-0.52450156,0.04426896,1.5488808,1.9193841,-0.24125597,-1.3355023,-0.16448657
TCGA-AJ-A3EL-01,1.8559184,-0.530414,-0.4518743,0.34269223,-0.9018475,2.2393951,1.8208567,3.2318227,3.7666874,1.7462099,1.602762,3.7513525,0.8743582,0.08361715,-2.903028,2.1352222,-4.633556,0.92367184,-4.048384,0.27002758,-1.686015,0.7022335,-2.457658,1.6764092,0.46380803,5.5048265,-1.0459768,0.018863356,0.092061795,0.5264096,-0.34736612,0.12300884,-1.9074361,-0.6624985,-0.9241588,2.7366967,2.9802158,1.0146092,-1.4333199,-3.6118236,0.71951467,2.4254167,-1.070595,-2.8356767,-0.3504811,-1.5430559,0.7725128,0.67274326,2.542053,-1.0130361
TCGA-AX-A2HC-11,0.43078417,-0.5163279,-1.8575518,-3.1266956,0.58036786,1.6424572,-6.786456,0.35028392,-2.7018569,-2.6374323,-1.0183159,-2.473179,-0.79449433,0.05876347,0.30848762,0.11025374,5.6229825,2.4523141,-3.431252,2.8577974,2.779722,-1.1028773,1.8642142,-1.5177743,0.8643068,4.3606057,1.1851585,-3.4377036,-0.5364084,-1.0433334,-2.876616,-1.8638457,3.145971,-1.5963706,-1.3529111,-1.2996485,-1.057564,-2.9898505,7.51641,-2.452992,-1.2538468,0.3206182,2.9048367,0.69216055,2.1456513,0.31819758,1.3365387,-1.7767161,-1.1551685,0.12344665
TCGA-A5-A3LP-01,-1.2723508,1.5478271,1.9038624,0.15202466,2.1047335,2.3781912,-1.1227288,0.5549047,-1.357464,4.748044,0.39049813,-4.386066,-2.1972167,1.0719553,-2.2515576,-0.17886835,4.273324,-1.7005205,0.4818272,-0.5727198,-2.243137,0.23802508,0.36433327,-0.015358306,1.930701,0.09175205,0.26377243,1.4645615,-0.029826742,2.4761333,0.69288784,-0.11725943,3.6199152,-0.58207655,1.7065166,-0.6897672,0.4574322,-1.6636928,1.754628,-1.0497429,1.6353546,2.617408,-0.3707604,-2.2832758,-2.7992017,2.4267988,-4.101537,-6.2483516,1.3824179,-3.9039483
TCGA-EO-A22Y-01,1.3142321,0.13174625,0.758801,0.31091806,-2.5338256,-1.4533,-0.55443895,2.0982022,-0.13592412,-4.6784453,-2.7587302,0.35579494,-0.19656712,1.5957175,0.3060809,1.8485634,-5.412055,-1.3574001,4.1933937,1.2880371,-0.4879665,-2.4202464,-1.5654958,0.23026638,1.0675085,0.87301075,-0.35100892,-1.7151486,-0.42236763,-0.81679934,-3.0496595,-1.3163022,1.0649275,-0.68875456,-2.0995693,-0.19881344,-1.5570773,1.5111036,1.2626628,3.8125644,1.760457,0.579426,0.26172498,-0.9694162,2.3456752,0.74120104,-0.634052,3.2252986,4.637823,4.260151
TCGA-AX-A3FT-01,2.1278846,-1.1636451,-0.2685885,4.0708604,-1.5624068,-0.5534004,2.6584356,-2.6440835,1.7839187,4.4618244,2.2898939,1.5996457,2.9933448,-2.1501195,-2.921611,-0.34012842,3.4056485,-4.4767103,-2.4068832,0.017643096,-2.63432,0.33114374,1.0983407,-2.5705335,0.46332404,0.013031673,2.6201892,-1.4587673,2.6374886,-2.182526,2.965326,2.7614114,-1.4610819,-3.039183,1.5928843,0.04545431,1.393082,-1.7311699,-2.6282763,-3.326485,-1.4127787,1.3336178,0.6962305,0.6085274,-1.0820296,0.96825045,-2.1207092,-1.9191694,-1.7477462,-6.2566223
TCGA-A5-A2K5-01,2.8575003,1.5183501,2.7544925,3.541471,-3.230271,-0.95213985,0.79487485,3.5709684,3.503964,1.3364912,0.8664997,-3.4131784,-0.71461123,2.191813,-0.13456602,-0.5323493,0.45374754,-2.8013268,-3.7262025,-0.59281504,-0.9930255,2.3188686,-0.17460015,-0.68646973,1.6135162,0.6783547,-1.2583429,0.101813436,3.3284526,0.769246,0.08660657,1.7000827,-2.1551597,-1.3933254,0.088555925,-1.741344,3.0818348,1.0062319,-5.4417577,0.0076134335,0.100300655,-1.1991434,-2.5180902,2.8287287,-0.1281931,4.2268887,-0.92452276,5.0104227,0.117370605,0.042360343
TCGA-DF-A2KN-01,1.5181997,0.3829821,-1.0485532,6.217411,-2.5922024,-2.9866457,2.3378246,0.28530872,0.42790973,5.197773,1.6323341,-0.5446663,1.1246603,-0.16315141,-3.503893,0.7250381,1.9046385,-3.1815631,1.4421264,-3.6167102,-0.65012807,-0.12967405,-0.021917885,-0.17298196,0.48843375,0.3504953,0.4793501,-1.9629511,3.0401425,-0.5191632,1.5125359,1.1392118,0.291507,-4.4059258,0.045155086,-0.14255731,0.66049737,0.7867942,-2.7514966,-4.0180826,0.119825125,1.435322,1.3318635,-0.14911446,-0.09006969,1.3598223,-1.180478,-2.9760687,-0.41415286,-1.1328801
TCGA-AJ-A2QM-01,-1.252192,-0.38121197,3.2512984,-1.7331467,3.9956698,0.5061176,-3.8233678,3.6449842,0.07751495,-3.6418023,2.3960283,-0.9861563,-5.140851,1.0866208,-0.009229177,1.5767231,2.72825,-2.1877325,1.6624819,-0.09753993,-1.459786,-4.259107,-0.17285645,1.7074094,4.7430987,0.4203913,0.8462729,2.5591815,-3.241381,2.6883118,-0.5343739,-1.0769368,2.0260348,2.7842543,0.78710073,-0.23395315,-0.44018704,-1.0535173,2.4647276,1.4442418,-0.3722678,-0.2738459,-0.15356329,-0.17597553,-1.3321928,0.83944666,-1.267724,-1.9995325,0.9151821,-1.5472267
TCGA-AX-A3FX-01,1.8113961,0.47009444,-0.26747775,1.3919494,-0.04548891,0.7073941,-1.0992323,-1.639404,-1.4325557,-0.48682028,0.7402634,-5.151813,0.4834211,-1.0447289,0.80612046,2.143419,-1.6293406,-0.49440038,1.7435956,-1.1039683,-1.1496881,1.0229106,0.13733941,3.1395648,1.3030264,-0.6442016,-0.99568844,-3.4145043,1.3046753,-2.9819176,-1.0978724,-2.8363657,-0.9204081,2.371291,0.30204672,-2.0868165,-1.3910517,1.3687428,-1.5184639,-2.5852528,2.0439813,-0.9264515,1.4579322,1.2742006,-1.6776124,-2.524727,-0.39740998,4.4829803,2.3578386,3.8455837
TCGA-AJ-A3I9-01,-0.9816689,0.010669557,-0.8262739,4.843444,-0.0743449,-1.2793446,-3.140166,2.8719246,-1.5061755,-2.8482726,-1.6786488,-0.9155927,2.1375859,-2.3780472,1.6153716,0.19691727,-1.2293434,-0.51673466,1.9887649,-2.8902268,1.2193866,3.0469313,-2.6410503,2.8192947,1.5324838,0.07643639,-0.3789066,0.10418612,1.3799529,0.44675854,-3.3672047,-0.45275527,-2.5224535,1.3700879,0.6455187,-1.2327195,-3.8948953,3.2216284,1.0678973,3.3913906,-0.98177075,-4.5339265,1.8316984,2.2545698,0.1766129,4.2849035,3.5839734,4.559245,-0.3792154,5.932168
TCGA-AJ-A3EM-01,1.1735427,1.8026458,-0.34544244,-0.7846763,0.35086262,3.230194,-2.037055,3.711958,2.7169952,-2.344227,4.2823915,-1.257945,-1.5043906,2.7940316,1.9589353,1.9512115,-0.53946614,-1.7842919,-2.865677,3.1401806,-1.4247655,-1.9444287,1.8412211,2.375576,2.4834924,-2.7665248,-0.18112046,1.2543119,-1.0013863,1.8376505,-3.1817029,-1.107589,1.803533,3.2587905,1.6936944,-1.0633509,3.2646632,-1.6896293,0.74117184,1.0228087,1.6137574,1.0641007,-0.692959,-1.0846952,1.2003342,-1.3372408,-5.190892,1.9530537,2.5484984,0.5516658
TCGA-KP-A3W4-01,-1.6844311,1.454849,-3.752879,-3.5844913,3.1053867,0.34038073,2.9549417,-1.3686775,-0.52960485,0.047027573,-1.9044323,1.422422,-1.4442623,-0.6022044,-1.621033,0.3639597,0.1933384,4.437151,4.9176264,-0.123366795,-1.5734582,0.43680736,1.0010059,0.6593434,2.1979604,3.3998334,-0.69988495,-1.5807469,-2.360974,-2.2799177,-1.9101157,-0.28440666,3.5645478,-0.07432708,-1.4233458,-0.28714302,-1.935622,-0.35760337,0.2595674,-4.6202455,2.546797,2.1511304,-0.4549133,-2.7127783,-0.08670014,-0.13420671,1.5640625,-1.9748873,-0.88824767,0.13658834
TCGA-PG-A5BC-01,-3.057921,0.00849255,-1.3926921,-2.8857086,1.7478485,-0.22663471,1.0378108,-2.5703328,-0.6044487,-4.517034,1.4785885,1.7663416,-0.7702837,-1.5570246,0.037531585,0.57875186,2.3979044,4.3794856,2.5802653,-1.3028125,1.7672044,-1.8257551,1.6055988,0.47155687,0.28778532,1.9390426,-1.9612834,-0.19481736,-3.2515595,-3.6414356,-3.0359995,-0.4964069,2.8464537,0.98086345,-0.66878474,-3.0273798,-0.7777437,-0.14140232,-0.53486717,-1.8259993,1.038383,1.8458723,1.0323324,-2.2671003,-0.40295377,-1.5067433,-0.3786573,-2.9707541,-1.8743837,2.8096166
TCGA-B5-A3FD-01,0.33821642,-0.4107609,0.5944197,-0.73620003,3.8812163,0.99192333,-1.1297932,0.4866769,1.309432,-0.76725394,-0.9427783,-0.07521817,1.6237191,-1.4541619,2.9356847,2.2838519,1.7623194,0.87470484,1.3914262,-1.7539443,0.15648364,1.3806098,1.6240076,3.902154,1.0461266,2.3098314,-2.8770766,-0.49111697,-1.074223,-2.4969046,-0.9295241,-0.97715855,0.6309175,2.5723617,-1.290368,-3.7761662,-1.8146557,2.137083,-1.6522707,0.73104537,0.7096884,0.19564866,1.5674797,-0.7374559,-0.59942454,2.0299542,0.9090399,1.7286958,-1.8979441,5.3888593
TCGA-E6-A2P9-01,0.88462216,-0.8217935,-1.9165394,5.855983,-2.2194028,-1.7812519,-2.960073,1.09304,-1.5931758,-4.195449,0.10908612,0.072857484,1.9255301,0.013638461,2.02113,-1.2787479,-3.0175788,0.41086486,3.2367744,-0.21776947,-2.1200066,2.7196217,-1.9816382,0.23175706,1.0162731,-2.6097407,-0.049618118,-1.1128656,1.1421119,-0.51775813,3.834732,0.17885686,-1.2255776,0.24202849,0.88158256,-3.3896954,-0.46585342,0.4313608,0.24445324,0.029673114,0.9252081,-5.9529953,-0.033162735,3.7689962,1.4406712,-0.7661456,-1.8392043,1.5066752,0.8613558,0.288714
TCGA-B5-A3FB-01,0.43622702,-0.85336185,-3.823092,-3.5009863,2.525388,-1.3280238,2.18861,2.0298212,-2.5096586,-0.7292162,2.1952927,1.9666393,1.378874,-0.767359,0.60611653,-2.188253,0.73962224,-2.6381767,5.8960524,-1.0461328,2.88447,-1.2563097,-0.439152,1.3677442,-3.012964,-0.43628222,0.34224927,3.5465226,0.48672307,-0.31601623,3.870914,2.3310091,-0.062367566,-2.1057885,1.2071931,1.8421476,1.8904719,2.7057233,2.873733,2.6402552,1.8944124,0.34401983,-1.0211884,-0.67934906,-1.0724182,0.041907556,-0.5550649,0.19890785,-0.52731633,1.9950459
TCGA-QS-A8F1-01,-1.4494834,0.48383227,2.2490888,-2.7679648,2.7277489,3.3513355,-0.75153404,-0.6449611,0.05997993,-1.3142834,-0.5079825,-3.6609519,0.4314861,-1.3256897,-0.5435467,0.761282,-0.6209744,1.1495912,-2.9678345,1.1192814,0.98436993,-3.772007,-0.7353766,-0.540415,-0.15758738,-2.6165273,-0.9824743,-0.2502904,-3.410562,-2.080552,0.98313206,-1.5506042,1.5859481,0.03887974,-0.88133955,-1.1773868,-0.15170541,-0.9966543,-2.9292598,0.4337294,-1.0027846,3.8552563,-1.401979,1.1253699,-2.6330159,-1.6991491,-0.34943664,-0.5887583,0.98244315,0.757072
TCGA-FI-A2EY-01,-0.49648523,-0.8240939,3.622154,-1.4261479,2.6452951,0.8200989,1.9680133,-3.7919972,0.7256296,2.208508,-1.0831807,-0.78209233,-0.9921694,0.7013357,-0.7107019,-1.9937811,0.42578924,0.5560892,-1.8216444,2.4232988,0.020489408,0.21010876,-1.6323632,-2.9969125,-0.4363897,-1.7958802,-0.1740182,2.1743338,0.4657724,-0.50871253,-1.2123617,1.9877578,-0.3618353,3.2803717,-0.48198265,-1.0074854,-1.0927807,1.0999604,-4.8450127,1.1069477,-2.5186787,-0.21523575,-1.604852,0.9763722,0.23125449,-0.67075837,0.9044129,1.8014597,-1.9247051,-0.050230883
TCGA-BK-A139-02,-0.5243374,-1.1665403,-0.27237523,2.6171477,-0.636681,0.2871551,0.41844591,-1.6824839,-0.41224697,3.1600626,-0.07476286,1.008125,0.26787496,0.23563269,-1.8759388,0.23751998,-0.72903705,-1.4442002,2.1145394,2.8009944,-1.0629952,0.24415837,0.46334574,-0.71272606,0.15650374,-0.152822,0.2616531,0.4869471,0.03546405,-1.4623336,-1.2677728,3.3731568,1.598271,-4.0619946,0.5432418,2.7101731,1.5077811,-0.92275035,4.860936,-1.7467245,3.4300456,2.887419,-0.40577102,-1.6022915,-0.45408648,-1.6750122,-2.116611,-1.234525,1.836726,-2.585489
TCGA-EO-A3KU-01,-2.2324872,-0.537963,-0.24656788,-6.1711545,3.0712867,0.06734365,2.610781,-4.2240114,-2.8513432,-1.0039752,-1.1732551,-0.24829781,-1.5371234,-1.6646626,-2.475064,0.6988615,2.0758286,1.4701843,1.9345497,-1.0290885,1.5958728,-0.76790506,-0.19198215,-0.88782936,-1.6118733,0.7148777,-3.5540082,0.3303681,-0.61613506,-0.19767435,0.9721436,0.58772606,3.0424728,0.6114323,-0.360501,0.9263513,0.23577379,-0.93469596,-2.4402473,-1.8766538,2.8138738,5.1723833,-0.9199678,-3.3127303,0.726168,-2.3465552,0.79617107,-3.2519166,1.7705433,0.28127813
TCGA-B5-A11R-01,0.59597856,-0.27555096,-1.834928,4.261253,-3.0951197,-0.61185545,0.6180424,1.0554483,-0.1164398,-2.5305462,4.2234936,-1.33273,3.1272938,2.7190802,0.58682734,-0.42421356,-1.5234028,0.8831693,5.1920266,-0.13781695,0.2879041,-2.1455798,0.32163912,1.0321243,3.5564392,0.14594336,-0.95740545,-2.943461,1.2171595,3.5519643,-0.351734,-0.77835685,-0.4446173,-1.1673006,0.10896589,-0.71899563,-0.43585697,2.2462323,3.4196258,2.6504242,-0.023226347,-1.8902651,0.013670023,-0.6974227,-0.91556865,-2.6111753,-2.057575,1.9807678,2.9634688,4.2894917
TCGA-B5-A1MS-01,-3.277926,-0.21950616,0.9399372,-3.1914444,4.7117,1.8401407,-1.4362885,-3.0071704,0.42503533,-2.2740529,-4.3477364,-0.56666636,-1.4832814,-0.19528188,-1.8536888,0.4705026,1.1889051,1.8243577,1.8217702,-2.468499,-0.3795482,-0.46052536,-1.0182554,1.1913236,-1.8374708,0.9464036,-2.462239,3.0864522,-1.9161143,1.3044685,-2.1467435,-1.2583102,4.820262,-0.10113469,0.92373174,0.99752146,-0.5624628,-2.123761,-0.5521958,-2.1590776,0.21950135,1.7679493,0.04844141,0.10577551,2.8314989,-1.825442,3.1122143,-1.9368572,-1.1735927,1.0706247
TCGA-A5-A3LO-01,1.537889,0.94570214,4.220045,3.9049437,-1.2562879,-0.11072341,-1.6793796,4.0927887,1.9370391,1.8614384,1.9530394,-0.6358273,-0.5491061,2.743645,-1.4248258,2.78189,-0.8729323,0.695985,0.3073777,1.7326218,-1.9591802,0.3417244,-0.15600014,1.2351848,-0.16058892,1.9258342,0.08272701,0.24664561,0.66720194,3.4977164,-0.13411808,-1.1555315,-2.8284965,-1.0800012,1.3668323,2.085063,-0.40892687,0.07290701,2.2526007,-2.274064,2.847796,1.4880843,-2.1139648,-2.7834976,-1.6781816,0.16118596,-0.1392887,1.3268709,-2.007707,-0.80901843
TCGA-KP-A3W1-01,-0.14877513,0.71907413,-0.9422825,0.35097313,-0.3602801,-1.3807837,3.7828498,-3.5615003,-0.720403,6.844226,0.8287605,-0.44313663,0.04681433,-1.1245522,-0.6677472,-0.18622905,2.8050132,-3.491519,-2.6504717,2.5821695,-2.9468427,-1.0960237,0.5065513,-2.210456,-0.23988613,1.9689494,0.36814702,-0.9302137,2.2144284,0.49930447,0.85621005,-0.24898817,-1.7737572,-1.3793032,-1.1942331,1.7358958,-0.5491367,-2.037657,1.4007238,-0.64127624,-0.46754032,2.9784772,1.6860796,-2.1173408,-1.2354428,0.093272634,-2.4303684,-2.8327498,-0.0744563,-2.926678
TCGA-A5-A1OH-01,-2.365003,0.41086805,-0.78282505,-5.567557,-0.7944921,3.7452302,-2.935195,-1.9132189,-0.38944584,-5.1916533,-1.8877468,-0.6035776,-0.0047711944,0.5167518,0.8611294,1.5292569,1.1966106,0.3037161,-0.2729426,4.651148,2.11546,-3.5868902,-2.1500127,-0.43147266,-4.352128,0.7526926,-0.3555098,-1.3564003,-2.5741353,-3.356757,-1.6199929,-2.6531124,7.623225,1.9611675,-1.453649,0.31939948,0.10383834,-1.3108456,-0.7265076,-2.5140417,3.165117,3.433484,-0.38404116,-1.0192548,1.2077067,0.69900775,-0.7927953,-3.740862,0.32590052,1.7529676
TCGA-AJ-A3OJ-01,0.77955955,-1.0412841,-1.3573823,3.1947815,0.21203442,-3.8178332,3.658138,4.175144,-0.4329219,5.1212726,4.028483,2.375821,-0.8252433,-1.8109658,-1.2275943,0.9005027,2.085665,-3.4743278,-0.24411434,-1.1852609,-1.962322,-3.5134044,2.9971924,0.2858292,2.2786083,1.0113306,0.25695604,1.8938951,2.835705,-0.9302015,0.828305,0.03036328,0.85111785,-0.6741729,-1.3571892,0.57809925,0.2302956,-2.348804,-2.3496528,-3.079298,-2.7240295,0.56550485,-0.4125254,0.365148,-1.9934912,-1.630408,-2.7650194,-1.2550012,-0.45215595,-2.7614057
TCGA-A5-A2K4-01,-1.2385578,-0.10403313,-1.9488258,0.83508354,1.2219986,-1.545264,4.0617247,-3.6980486,-0.61148465,2.333731,-1.9352874,-0.7567991,-1.028772,-0.12261683,-2.3217208,0.27351722,3.9854128,2.365333,0.96226877,0.41616365,0.93233424,1.089516,1.8236884,-2.1360958,-0.3263102,2.2936022,-0.95603865,0.2058769,-0.6836948,-2.0774896,-0.87850815,0.2311873,1.8490765,1.1942877,-1.0519178,-0.93083686,-4.1071105,-0.1928805,1.6779149,-1.9866607,0.4082489,0.81184155,-0.24787705,-3.7360554,0.7347229,-1.2385994,1.1085563,-5.2314124,-0.05347886,-2.2610638
TCGA-AJ-A2QO-01,0.6872303,-2.029181,3.9291673,5.6869526,-4.018298,-1.4765595,1.2470402,2.2482023,0.17143214,4.249334,-1.8529831,-1.6596223,3.5891533,-3.4612293,0.25420877,-3.051853,-3.6016924,-1.7862701,0.91842043,-0.5639834,0.37941018,1.7194549,-2.3322566,0.4922937,0.024003103,-1.829235,0.9936316,1.201057,5.187457,0.6262771,4.155885,2.1559467,-2.9467924,-1.0235895,1.9315584,-0.51842415,4.2755647,0.99192727,-4.0514812,1.3395033,2.2484348,0.6478058,1.4214773,1.0083091,-0.19146346,-1.8133752,0.5426018,1.0094568,1.7387906,1.1012341
TCGA-AJ-A3NH-11,-0.91661835,-1.0655934,-2.7096033,-1.6737428,2.2661512,-0.62792504,-1.335173,-5.240042,-2.368674,-2.056053,-1.7033972,-0.5539171,1.7395582,-1.2475766,0.28246853,1.1263896,5.9094615,0.0077756857,5.7797995,-2.3264492,0.36752138,-0.43719,-0.49159342,0.35138947,1.6329303,1.6335785,-0.44769344,-4.4552054,-1.544717,-2.153713,-3.0428383,-4.150338,1.9250028,-2.2659092,-3.9936538,-0.71714497,-1.9451542,0.5304307,3.60042,1.7911752,-1.6136638,-1.3796847,1.3474002,2.9921465,-0.61615473,-0.99309677,2.7968285,-0.68053627,-0.92489105,4.6904774
TCGA-EY-A4KR-01,-0.56415987,1.1756798,-2.0692546,-3.0062275,0.58261216,0.9986378,0.87260777,-2.8806682,-1.0123178,5.124939,0.39373282,1.3881853,0.5759535,-1.7958195,-1.5330926,1.0061467,1.3849713,1.3580565,0.39690378,-1.279335,-2.9542677,1.2505513,2.860003,-0.35921752,-2.3171303,1.1282201,2.9866703,1.8607484,-0.09470875,1.4636395,-0.26904225,-1.2361993,-0.056565795,1.9977278,-0.058209717,0.3061627,0.31769335,-2.5527463,0.8970686,-3.1182823,2.2046802,4.7860503,0.9462,-2.0882943,-0.21523106,-2.008648,-0.42173272,-4.2350574,-2.2428393,-4.5436172
TCGA-BG-A3PP-01,-1.3462515,0.907319,-2.150369,-0.5191797,3.1185255,-0.47321704,1.0949843,5.143219,1.8456303,-3.7473671,-0.94302225,1.77805,-2.058456,1.5222255,2.4047234,2.4072945,3.5585775,-3.9255607,-0.80991715,2.287376,-1.3745482,-1.7183502,1.423351,1.7506186,3.0865304,-1.3507005,-0.06042184,1.6758145,-1.7594285,0.40159446,-0.33657494,-1.3715053,0.7471516,-2.27534,1.0113307,0.7732207,-0.0007045958,-2.5150373,3.6380417,-0.18459103,1.8756081,1.4520075,-0.9601724,0.7165918,-0.25666857,-1.336633,-0.37034658,-0.35351542,3.0402596,-0.19807181
TCGA-AX-A1C7-01,-3.4946275,0.04199925,0.16085806,-2.490181,-1.3746494,3.2822213,0.61205256,-2.2105083,0.13355385,-1.7333964,-2.6588376,-4.516594,-0.5077519,2.3513527,0.65862525,2.9223757,2.1980422,-1.6085535,-3.4212976,-0.47539926,1.4933393,-1.717945,-0.07288808,-0.19491896,-1.6519341,-1.7955014,-0.43518057,2.992708,-1.0317359,1.6481779,-0.6374743,-1.1325583,0.62031984,1.6972164,0.42847008,0.7400565,0.56556016,-2.3493474,-4.3843594,3.0872653,-0.98467255,4.048934,0.9896686,0.75008005,-0.70384085,-1.4891282,0.76907206,1.2215642,3.1958988,3.9737725
TCGA-AX-A0J0-11,0.96911645,-0.23350139,-3.0018919,-2.0712514,1.8326082,0.5415627,-3.5488765,-1.7582963,-0.51516014,-2.4667635,-1.0766745,-0.8927061,-2.5877955,-0.83798695,0.53260463,0.041608147,5.0788145,1.9265025,-0.9053632,1.5752367,1.4974264,-1.1139698,1.0598652,-2.1043727,1.7355572,5.022246,1.3767865,-3.18248,-1.1739222,-1.9557738,-3.2033806,-2.0121672,3.0998137,-1.4951811,-2.0746138,-1.1482884,-2.0338361,-1.5877095,5.980876,-3.6208394,-1.7890149,0.040365517,1.8327677,-0.6499449,1.5738353,0.027610468,1.7427493,-4.169174,-1.2224694,0.78489035
TCGA-BK-A4ZD-11,0.42651415,-1.2758671,-1.5556486,-3.0880265,0.39123976,-0.39259857,-5.0451536,-0.11844958,-1.5751303,-5.530627,-1.457598,-0.6266708,0.14051794,-0.18090424,0.49612004,-0.5912258,5.736375,2.9390128,-0.48652315,1.128665,2.5585587,-0.89143974,2.1135495,-1.9984145,1.1056054,5.252878,1.9887998,-3.1459827,-0.8218199,-2.363615,-3.341608,-2.2017388,3.4560287,-1.2834429,-1.5217397,-1.67029,-1.3874146,-2.2442122,6.3811603,-2.7284102,0.17727382,-0.67012244,2.1375327,-0.9116797,3.9583592,0.5068441,1.5791703,-2.591806,-1.5012643,2.2614508
TCGA-A5-A7WK-01,-0.5170065,1.3255316,-0.7875447,0.46056688,1.7083529,0.6519788,-0.6695869,2.0992923,-0.8881065,-3.238481,2.1301095,-2.6084244,-4.3049827,-0.94752383,-1.4680394,0.49312067,-4.190975,0.08015965,1.584191,-0.31978557,-1.899886,-2.7226288,1.1021246,-0.18160872,0.8267736,0.7831491,-0.85195166,3.1812625,-3.548936,2.5079927,2.7305706,-1.3295029,1.2486376,0.707901,-0.42553577,3.4095643,-2.0909183,-2.1838942,1.0224656,-0.27948844,0.62354505,2.113281,-0.23275532,-1.8734052,-2.0844753,-2.810445,0.11066444,-1.9121555,0.42222488,-1.6027892
TCGA-AX-A3FW-01,1.9564159,0.9209212,-0.13168195,4.5450606,0.50665647,-2.5117908,-1.0879306,-0.94822913,0.25182006,-2.4560087,2.4451828,-0.57968295,0.9663737,-0.14635852,-0.17732625,-1.2350537,-3.3690314,-2.0876894,1.617443,-3.1032012,-0.19481423,-1.3984953,0.57753026,2.4423795,1.3005222,-1.9205304,-0.71664655,3.9606957,-0.28587025,-1.6675291,-1.0650016,1.319818,-3.9935856,5.450305,0.48148468,-0.6984961,-2.875055,1.9475361,0.19267039,0.7770161,-0.5452686,-4.8501115,0.010385687,4.286933,-0.8814132,0.9995937,3.4938395,4.289248,0.3744123,3.4982
TCGA-AJ-A8CV-01,1.808639,0.6721391,-1.2141719,2.8151655,-3.1605783,-2.3312411,1.9296769,-0.39508662,-2.537898,0.9308121,0.17600866,-0.29876882,0.6356897,-1.8519148,0.24734242,-0.005409831,-2.1240814,0.66365683,2.4179938,-1.653104,-0.146737,2.0264776,2.5136285,2.1880956,-1.0038205,0.5420425,-0.93985134,-2.5234985,2.7578604,-0.1488501,1.0070958,-0.6220535,-1.1287426,-0.73815894,-0.4200542,-1.2524157,0.0673009,2.029633,-0.8953564,-0.0007613022,-0.7250404,-0.09381941,0.41210935,0.2919697,-0.11311426,1.4086386,-1.2708606,3.5711496,-0.13321719,1.8345622
TCGA-AP-A5FX-01,-1.5499027,-1.7019192,-0.336416,-3.4590409,2.2352815,2.0185723,0.6845995,-3.3813844,-2.830182,-0.8365034,-0.99843115,-2.5811403,2.1608286,-3.5150208,1.3478109,0.6863208,-0.77759296,-1.563148,6.126877,-0.23950903,1.0133501,0.3167869,0.88066965,2.6526403,-2.0534356,-1.8934689,2.4116619,-5.26568,-1.6164156,-2.0243127,-3.4219308,-1.0449026,-1.3661075,0.26586625,1.4370335,0.43803778,-0.26765394,3.42554,1.5416036,-0.2309627,2.8663023,-1.5109745,0.6007011,2.0182695,-1.5656314,-1.1024523,-2.2282627,2.9453492,-2.0593674,5.622551
TCGA-JU-AAVI-01,0.788004,0.29705897,-1.0742984,-1.2479827,1.8368123,-0.15555696,-1.0943503,-4.250906,0.040104985,6.096527,0.9395933,-0.02187531,-0.46978772,-0.97470605,-1.7137699,-2.308571,0.3809253,0.62671447,-2.436237,2.8736315,0.43970162,-1.2162662,2.1636138,-4.9820085,-0.008483318,0.5244028,0.4975466,0.446348,0.37604463,1.4493618,-0.43587008,0.7312021,-1.2886117,0.9803707,0.05912809,-0.03436058,-1.2539041,-0.24833338,-3.3277552,0.31309178,0.29526156,2.7808812,-0.8824946,0.34790954,-2.588383,-2.3506396,-1.8573112,-2.8647346,0.9272343,-5.839131
TCGA-EO-A3AZ-01,2.3546057,-0.14653853,3.3258758,2.0930257,-0.25809318,-3.0786884,1.2394907,-2.8828151,2.594345,3.5399623,-0.2671644,-2.2085223,2.765928,-1.5253357,-1.8087199,0.5729465,1.1482506,-1.8096527,-8.152843,1.422257,-3.5659063,-1.1045899,-0.30742857,-0.9620532,1.1221335,-2.6107135,3.6686273,-0.15212476,-0.98955417,0.66218144,1.2739656,0.45565006,-4.984059,-3.751031,0.6726786,2.1747024,0.27682173,-1.3533562,-4.4160037,-0.33651078,-1.8730859,2.9011571,-0.7570247,1.8729018,-1.957769,-0.27945012,-0.24083586,-0.35549238,-1.875029,-2.4004328
TCGA-DF-A2KU-01,1.922637,0.82345796,2.7176843,2.4443066,-1.4480066,2.9606972,2.0506992,1.4801581,3.2593524,5.4746366,-3.4152524,-0.6990444,1.3125812,3.0968714,-0.7573311,0.456447,-2.7595706,0.55792385,-3.1885903,1.5643749,-1.0221307,2.449759,-0.25362003,-1.1358542,-0.8740037,-0.6561036,0.14332634,-3.064801,1.2868406,2.9417164,1.632871,2.204007,-3.166898,-1.7656264,0.69701475,-0.17498037,4.6730685,0.0754467,-5.1022897,-1.5576093,0.76158106,2.165132,-2.34363,2.3684673,1.584186,2.1551058,0.06185529,2.9937236,0.06279903,0.40823165
TCGA-BS-A0V7-01,0.78667474,0.21681744,2.1677182,-0.79965436,1.0301288,-0.4053166,-2.6893284,-2.0787804,-0.6848773,0.70869017,1.459349,-2.7249706,-0.571205,-2.0372293,0.299154,1.7820444,-0.06787718,2.3888304,-4.554007,1.4466022,0.3861548,-1.2555335,-1.6289392,-0.31748018,1.6190166,2.2211432,-1.9619976,-4.099864,-1.8817127,-2.4114666,-2.4595246,-0.16321464,-6.0149126,-0.49269626,-2.8594656,-0.6884072,-2.1297963,-0.24038202,0.045903068,1.323161,-0.6265129,0.28965402,-0.38093176,5.167784,1.0576086,1.1421541,3.2166026,2.289887,-1.9844521,2.0440571
TCGA-BK-A6W4-01,1.107238,-1.1355559,-1.8920658,-1.8308198,0.22770593,-2.8496687,-2.322642,0.9980713,-0.20166434,-0.4822138,-1.2292069,-0.34922734,-0.86207783,-0.33538392,0.18571049,-0.11789643,3.8486674,2.8884976,2.2996693,-1.35923,0.8386831,-0.9085018,1.3973924,-1.8474339,0.9390747,3.2618709,1.3490961,-1.4275168,3.200974,-0.61778337,-2.9347131,-1.9085606,2.754893,-1.4428016,-1.9788166,-0.7640479,-1.7547203,-1.4338223,2.4229681,-3.396351,-0.2659564,1.1130415,1.4564452,-0.67384356,3.0817332,0.27293476,2.3450167,-1.7046574,-1.5596627,1.0732772
TCGA-EO-A1Y7-01,0.16335995,-0.8396558,0.50299495,3.4563875,0.5179664,0.2929478,-1.9745891,-0.54980683,-0.6118717,-1.5566162,-1.1755701,-1.7428865,1.8626081,-0.3406404,4.819984,-0.8563963,-3.8592827,0.54819286,2.765771,-1.8352946,-0.7144942,3.0272176,-0.25875777,2.5092306,-0.4905552,-3.7187152,0.7221318,-2.9138563,1.3761191,1.3800164,-1.6939734,-1.4067397,-1.2913754,2.826835,1.390665,0.79870456,-0.22881408,2.5068479,-0.8674669,2.4012454,-0.18543531,-3.3549469,1.2898746,4.600071,-0.5838009,2.2964623,-0.05297428,5.5774336,-1.082134,4.1337156
TCGA-BK-A13B-01,2.3669438,1.3586758,1.962861,5.921829,-3.491332,-3.3480494,0.17368665,4.4864373,2.662743,-0.2750372,0.39538527,-1.2483131,-1.2006563,1.1789844,0.9699186,1.0349277,-1.9108292,-1.1684463,-3.4428825,0.7042955,-0.37403712,1.6517975,-1.1307459,-0.49111888,2.526188,-0.487196,-2.7939072,0.63001657,1.9311438,3.7823622,4.7332354,1.53552,-2.0936716,-2.2518992,0.64940405,-2.870541,-0.13611373,0.94860697,3.420116,-0.26900497,-4.355659,-0.1946267,-3.196649,0.23399943,0.3001568,0.033541843,-2.6000903,0.08105481,2.4803495,-2.5366395
TCGA-QS-A5YQ-01,1.7625282,-0.69714004,0.21512088,0.86080515,0.9395312,-1.7978215,1.5139384,-2.0319161,0.9955813,1.6836411,0.4204184,-0.089418486,2.3668854,-2.5925016,1.9441278,-0.25406435,-3.7964954,0.8087833,3.466426,-2.12567,0.43837488,-1.8678031,0.029135872,2.9857547,2.6700583,1.6541747,-0.8014064,-2.0465195,-0.6608547,-2.1184547,-3.8247106,0.74396724,-1.8204324,3.683612,-0.31920314,-0.30218625,-1.2702521,3.0906703,-1.2339336,2.3808284,-1.3808262,-1.9083296,0.9183853,0.3735821,-0.6278974,0.31729665,3.1552937,3.4503205,-1.392316,2.8416176
TCGA-EO-A3AU-01,1.174875,-2.290524,0.98144984,4.6090755,-3.4152358,-3.5696428,0.958563,2.8565018,1.8570894,0.8699894,0.9171635,0.12463272,-0.744879,1.7629128,2.2226474,0.5528367,-1.1652285,-2.6744626,-3.1646407,3.6702754,-0.06008158,-1.4159169,-0.06921618,-2.1236355,0.27656084,1.5209953,1.8041472,1.2262176,2.5747466,2.5029259,3.722878,1.5426522,0.5929062,-3.2208989,0.6158939,-0.6085523,2.1126766,0.8923541,0.44196427,-3.4805925,-0.2939063,1.7857505,-0.43664548,-2.1689215,1.2776685,2.2748384,-1.3651989,-2.5628684,-0.18632802,-5.3797174
TCGA-AJ-A3NE-01,0.9777658,-2.3823798,1.876246,-1.2731025,-2.2019274,-2.7056446,3.1349356,3.2525153,2.078337,2.2970574,1.1295338,0.21441144,-1.3595407,-0.9743772,0.25085637,0.6851165,-1.9281495,-3.713668,-1.3777469,1.4528042,1.2591643,-1.8688974,2.579863,-1.5324408,-2.1160753,2.157958,-0.95049214,2.5782743,1.2759701,4.531916,-0.00030664494,1.2804313,-0.06389547,-0.7576341,-1.0722626,1.9761783,0.96860063,0.79074365,0.869186,-2.4855182,-0.5687937,0.7528903,-1.3243648,-2.4709382,1.4170194,1.2171112,-1.100333,-2.6564305,-2.5966032,-6.747299
TCGA-BG-A3PP-11,-1.4688137,-0.90141356,-1.3380893,-2.3500195,1.0761555,2.089696,-7.5154448,-1.127675,-1.2744107,-6.4339604,-2.605087,-0.122946,-4.054101,-0.4116508,1.9710873,1.3377837,5.7616453,1.1671816,-0.6333834,1.9129312,4.6806793,-0.47567502,1.2334079,-1.0091717,1.0997795,2.3176053,2.2009273,-3.9777038,-3.4669404,-1.8332566,-3.8936977,-1.4716462,3.106435,-2.0535622,-2.1255574,-1.1559215,-0.44885653,-1.2104096,6.3576427,2.576942,-3.292107,-3.7144969,4.8847804,3.3016796,1.59138,0.70204127,1.2642044,-3.8653996,-0.39040193,3.1865695
TCGA-B5-A3FH-01,-1.6619184,0.73289186,-0.15686068,7.232745,-0.7628437,-3.136934,0.026297143,2.9621809,0.30588326,0.45385042,1.7451254,0.45612672,1.453372,0.42040092,-0.74565274,-0.7117409,-3.7563314,0.35431856,7.3288064,-0.9528839,0.6469723,0.19451694,-2.6133764,4.232468,0.20643516,2.4223554,0.39035684,2.1154966,1.1645503,-0.17203373,0.42302272,0.86896676,1.6808534,-0.9596901,2.1732414,-0.011453258,1.0197524,2.117011,2.1545303,1.4769788,0.13346837,-0.115726516,1.9437853,2.3122642,0.065945655,-1.3325299,2.8232656,0.26600608,0.2159844,2.2316442
TCGA-AX-A2HD-11,-0.7968777,-0.4947304,-4.606382,-2.2917714,1.8425896,0.88715166,-2.7575047,-4.7529516,-1.3635923,-0.2410276,-2.2873275,-0.3167369,0.8728342,-0.9264423,0.115606636,1.0476555,5.394655,1.0318818,2.7898178,-0.6700514,1.1120416,-0.26160356,-0.14268154,-0.875845,1.6092529,3.1906097,-0.5356204,-4.1107,-2.0279675,-3.230376,-3.1608558,-3.1397073,4.0825443,-1.9532729,-4.0229673,-0.689623,-1.6989691,-1.2287031,3.5909777,-1.448961,-0.8355389,1.2092228,1.5226579,1.2049443,-0.91943485,-0.65773404,2.540054,-4.693581,-1.0357151,2.9280334
TCGA-B5-A3FA-01,-1.5493076,2.4093075,2.898783,2.5457294,4.623976,0.91906416,0.81062174,2.8832762,1.0472562,2.7050154,2.1269038,1.3047389,-3.89402,2.6221101,-2.1978014,1.3114274,-1.2382771,-2.8909898,0.18769088,2.7415602,-1.6401231,-0.35257575,-4.137808,1.6135945,0.8953078,-0.15206163,-0.5896496,1.6473203,-1.0637076,0.92820966,2.2167215,0.4305327,0.8330438,0.30777383,1.290141,1.8524519,-2.5352967,-1.0427219,-2.0665262,-1.2640014,-1.8172022,1.99331,-0.41710874,-1.3611382,-0.39082322,-3.4280615,0.99856937,-1.5196109,0.9509039,-2.3297572
TCGA-AX-A3G8-01,-2.1615222,2.6298819,2.5603805,0.91205204,-1.8346813,-1.1776769,1.9895589,2.7726464,1.1872118,0.87774605,0.41087413,-0.10111573,0.23043281,4.599447,0.9242997,-0.4313288,-1.3619668,-4.636594,-1.764649,3.8134115,-0.19146201,0.02821916,-4.6221023,0.5676033,2.3937128,-5.3184648,0.74569166,2.4184341,-0.0799324,-0.5231524,6.2976985,1.8491222,1.926352,0.972185,2.4052129,-0.51641995,1.389355,0.92532384,-5.62706,2.1009285,0.15728977,3.155223,-0.6449512,0.17799622,-3.0591478,3.0296016,-0.5666881,4.1500845,-0.69440305,-1.1006013
TCGA-A5-AB3J-01,1.7916982,0.24549194,-0.4075854,0.808137,-1.6999964,-1.9776002,-1.5485647,0.032771487,-0.029172765,-1.6737773,1.0793719,-2.4148493,0.3149303,0.7034538,-0.8302312,1.816436,0.52868736,0.45428532,-1.3363028,1.43513,0.2510415,-0.5599025,1.2606219,-0.9025261,0.6605168,3.9114206,0.13587685,-4.1922493,1.5443255,-0.5700388,-2.0791605,-1.9314051,2.4688802,-2.9015758,-1.9469883,0.15440406,-1.212161,-1.0980188,4.3744087,-3.4221227,-0.072430044,-0.62610406,-0.07264833,-0.66142946,3.8426766,0.36462757,-0.03661356,-2.299751,-1.4839307,-0.84809524
TCGA-DF-A2L0-01,0.84150463,0.03699088,1.6313955,-0.14820097,-2.8656173,-1.4239794,-0.11488134,1.0475023,1.0573354,-0.28565928,0.84279174,-1.9073389,-2.7604246,1.0477401,3.1787922,0.89313644,-3.147202,0.31818837,-3.550306,-0.23414534,-0.83022416,1.3181003,1.3232238,1.8036873,1.8228387,-2.528866,-0.24123062,-3.6582177,-0.3301954,1.3715348,-0.37400216,1.0436428,-4.132149,3.772026,0.48883885,0.5796636,-1.713143,2.2074633,-1.5455993,2.7739322,-3.2986603,-0.4711458,-1.7576053,0.96560633,-0.33152953,-0.2316415,0.2952632,6.733382,3.3232143,4.6240635
TCGA-4E-A92E-01,-0.22117373,-0.0052631013,-1.8902261,2.0356665,1.3339562,-4.219659,2.7842264,2.4514143,0.1953408,-0.6251196,3.184521,0.10902271,-1.4438434,2.6304507,-0.7174412,0.8463916,0.51182437,1.4598522,3.2141464,-2.094098,0.07996914,-2.5533006,2.6131756,1.6598024,3.3344488,3.9591613,-2.8711045,-0.5337138,-1.0781109,1.1857136,-4.126499,-0.89974874,3.4143987,2.796527,-0.4084409,-2.1178052,-1.331682,0.47770375,2.5440261,-3.192275,0.14796871,-0.10045494,0.083607346,-2.774038,0.23841566,-3.138709,1.5417758,-3.7960713,-0.22500084,-1.7572197
TCGA-AJ-A3BF-01,-4.0706563,-0.04979961,-0.659735,-5.4417768,0.9151793,0.6487819,-0.03970571,-2.2099793,0.54682183,-1.0930533,0.28588346,3.402055,-1.3207947,0.5069189,1.6914471,1.3805921,0.2874717,2.051446,-0.37560657,1.730927,-0.55185366,0.014866005,1.1180121,1.1485103,-2.609501,1.7500817,-0.7523929,2.2897363,-1.6026454,1.2006679,-0.3862735,0.14800267,3.3977664,0.47223094,-1.0006517,1.2392471,2.5869954,-1.3456041,-2.7003782,0.6928524,0.8627205,4.3238945,-1.442518,0.12709025,1.0259194,-0.5302715,2.1135864,-3.7181728,-1.2870855,1.7448143
TCGA-EY-A2OP-01,-1.7181644,-0.31390584,2.26414,5.1823034,-5.5688586,-3.0900733,-0.25119573,5.164017,0.27364585,-3.6911182,-0.37959257,-0.007168703,-3.0151305,2.9823916,-0.89426917,-2.836374,-3.2282655,-0.20678195,-1.3155268,1.2363026,0.97211695,-0.75141174,-2.8076541,-0.32294893,1.0832592,-1.5887036,-1.5649561,3.9219077,-0.036042333,6.710036,7.0719233,0.93795574,-0.4019502,-1.6694838,2.0275192,-0.6767868,1.4360641,0.8918566,-1.435951,0.19030207,1.7734451,-1.9173514,-3.0882912,-4.6116166,-0.5262992,1.4225641,-3.2206113,-1.4079105,-0.11492758,-4.227713
TCGA-AJ-A23N-01,0.801248,0.6860811,-1.8145274,-0.5164392,2.2447221,0.6658901,0.22396944,0.5040342,0.8224296,-1.8355472,-0.006006766,1.007935,-2.5333304,-1.2008326,-0.84391123,-0.33446488,0.4188553,1.8175596,-0.6995322,0.9652699,-2.905765,-3.0223167,1.764244,0.07162104,1.0035708,2.3294516,-0.28851217,1.2526284,-0.9136402,2.4611893,-1.2712873,1.5140358,2.9501503,0.50527626,0.42010662,2.2243176,2.3605847,-2.69831,3.1815202,-1.1359104,3.1806595,4.485543,-1.1583064,-2.310685,0.9569955,-1.9941565,0.12885444,-5.31672,-1.0253091,-4.28371
TCGA-QS-A744-01,-3.4452362,-1.8891566,-0.81807727,-1.859824,1.7924567,-3.5985103,0.8679457,4.398325,-0.80635524,-4.2536707,0.65379506,0.19886798,-0.8253287,1.2036947,2.2375183,0.14755084,-3.666344,-0.13644803,1.034626,4.0182405,2.7016973,-1.8049036,1.1314019,1.3532683,1.6124318,2.6001463,1.9990616,5.247822,-2.5076509,-0.92068076,2.5472248,-0.005609449,2.3743637,-0.35733545,-0.6994631,-2.0933368,3.5918694,3.9035478,2.5218241,1.9419581,1.7374485,2.1070645,-2.5927713,-3.9017963,0.11153907,-0.30847496,-3.385204,-1.8218664,0.14992261,-2.8852694
TCGA-2E-A9G8-01,-3.7398746,-1.424934,-1.4384216,-5.448981,0.5775204,3.8441777,0.47384962,-2.509515,0.7944567,1.493191,-0.47531763,-1.9910777,3.346056,-2.701598,1.0503253,1.3790632,-1.0423243,3.0853534,3.473593,-0.980172,-0.7065374,0.24703492,2.0748727,2.6294975,-2.0425916,-1.0924826,0.33266956,-0.46960524,-0.92585856,3.6978824,-4.4822946,1.1260384,-0.85520804,0.9996549,-0.57126147,0.8950503,1.4391692,2.1925633,0.7723683,3.3662853,-0.42665148,1.1896912,0.13060287,1.4742122,-2.3166957,-1.5534222,0.006618767,0.36569458,0.24542943,3.8880954
TCGA-PG-A6IB-01,1.147109,0.7307461,-0.6907623,7.280152,-3.1593175,-0.014642176,-1.1585934,-1.640309,2.9599342,1.9525353,1.9841754,1.8456004,2.2159324,2.6574132,-2.0958848,0.2657672,0.6916334,-4.076213,-4.8702993,2.9284792,-0.7522458,0.65121573,-0.0119569115,-0.09468707,-0.15979417,0.5472731,3.1734476,-0.68419373,1.2891002,-0.9735724,2.910421,-0.9673858,-2.903541,-6.695849,0.04220877,0.6149607,0.08807489,0.8926526,-1.363939,-0.079630196,-0.6708668,2.1863394,-2.2589347,-1.3873909,-1.396566,0.85787004,-0.31162116,-0.5717023,1.819049,-3.8096497
TCGA-AJ-A3BG-01,1.0407062,1.3284553,3.9347272,4.973474,-4.380424,-1.9776258,0.74891853,2.1799393,1.7378091,1.3504963,1.6806507,-0.50096244,-2.1366296,1.4340458,-0.38964257,-1.8230768,0.18130411,-6.031632,-2.5096927,-0.84565634,-0.1167403,-2.1998065,-1.508426,-3.9231367,1.4468039,-3.2538233,-1.184656,4.6895175,3.1410272,2.2903755,3.8917146,2.836383,-1.7381858,1.2435051,1.2709525,-2.002316,0.72720385,0.32274666,-3.673713,0.008920921,-0.6842683,-1.0869304,-2.1158302,4.1394463,1.5489969,-0.97434586,-1.2423319,4.5456824,1.5914491,-3.6390204
TCGA-EO-A3AV-01,2.831989,-1.8572812,3.414475,3.7867165,-2.0763896,-3.0855489,0.7321818,-0.9157718,0.6408993,7.2461205,1.6556972,-0.52363604,0.8199053,-1.2350659,-3.194852,0.94024426,1.3479718,-1.3507496,-3.0802314,-0.9037596,-3.7474177,-0.94553214,0.07206152,-3.095865,-2.484441,2.1200671,0.5643032,1.2200245,4.620784,1.3413255,-0.15528682,1.4155316,-5.603363,-3.8264444,0.28308803,1.7225664,-0.49542496,0.18340227,-2.042796,-3.7223268,-2.4379168,2.0128005,-0.03666318,-0.19873706,-0.90432435,0.2922254,-1.319136,-2.0279672,-0.71655333,-5.0588536
TCGA-B5-A3F9-01,0.86277425,-0.15315717,-1.3877248,-0.54459417,0.0022956182,-2.1471324,0.9406634,0.12463407,-0.7328435,-1.0564375,2.9402092,1.2421854,1.0651672,-1.5559033,0.7741362,0.14780332,-0.44770357,0.7151156,2.854221,-1.9358146,0.19011627,-1.1104908,-0.098217644,2.7316484,0.8862879,3.0846977,-1.7407194,-1.2117373,-1.3627043,-2.8992875,-1.4129736,-1.1281148,0.76071846,0.17061788,-0.89048004,-0.35218978,-2.0351255,3.1610136,0.26750064,-0.010422083,0.24822372,-1.0063527,-0.14813033,-2.1051848,0.42819017,-0.4520435,1.7016227,0.6018094,-1.322535,1.9990773
TCGA-QF-A5YS-01,0.76137334,0.32452402,0.589224,2.5006225,2.402136,-1.4566834,2.5356653,0.41236824,0.8940958,0.5527145,-0.013185028,-0.5430079,-0.07759695,-1.6815244,-2.209014,0.98171055,-2.19386,2.6662111,2.363657,-2.11657,-1.4556388,-1.034219,-0.05202314,0.254036,1.3000181,0.10415775,-1.6796166,0.577939,-0.7865324,-0.29404396,-2.0828474,1.658624,-0.13205543,0.92257375,-0.45673668,-0.18437071,-1.4349238,1.9406987,-0.7509007,0.2859446,-0.94946545,0.66905594,1.8733132,-0.6783149,-1.9845771,-1.1569256,3.2410817,0.8650727,-2.0973394,0.5333721
TCGA-EY-A72D-01,0.020246875,0.6295467,0.27366674,-0.4161615,-0.5891793,-0.3230565,-0.78110605,3.647116,2.3941388,1.3533331,1.215416,1.374337,-1.2489436,-0.23156665,-0.8551187,-1.603255,-1.5483702,-1.8218125,-1.0783306,1.8737488,0.22045538,-1.1998467,-0.26936138,-0.32893088,-2.4271858,1.7414546,-0.027555067,3.1718612,-0.7414298,1.3932537,0.35967997,1.5997261,1.5163362,-0.20118873,0.02146514,2.1544914,1.3604722,1.2050958,1.3241274,1.8238271,-0.8720748,0.86930966,-2.4073124,-2.3781233,-0.2208386,-0.12015184,-0.9071822,-1.7656275,-0.91363215,-1.5091926
TCGA-AJ-A5DW-01,1.2361784,1.2928736,0.23932222,0.8780871,0.13443686,-0.5374787,-0.24113515,3.8617988,3.5808687,-1.7448456,1.9665757,2.5891542,-0.89660406,1.8751093,-0.830009,0.10115342,-0.2376485,-0.37672368,-0.05824272,-1.155427,-0.054543518,-1.9743942,-0.966237,0.042527556,1.043032,3.0701656,-0.9667747,1.3112478,0.24465597,1.6280578,-0.8542856,1.0385313,-0.40388045,0.30892295,0.6190554,0.21746285,-0.13811533,2.0634842,2.103976,-1.541603,1.4195238,0.08539416,-2.2078674,-2.204197,0.72235525,-0.0054468997,0.5375319,-0.8324566,-1.2312769,1.2374603
TCGA-AX-A3G7-01,-1.0084295,0.07864064,-1.4513106,-2.1122825,2.655498,1.187635,1.2325989,-1.4633406,0.37133062,1.1460397,-1.2981147,-1.0298336,-0.75431305,1.1955402,-0.91123503,3.8709893,1.0278031,1.2925994,0.66953844,-1.6663575,0.5332329,-0.5967032,0.94596577,0.05257865,-0.05261084,-1.7600133,-2.2250967,-0.9717877,-0.59240776,0.12214998,-2.4370306,-1.4904006,-0.019447751,1.0163927,-1.2557405,0.8699909,-0.8988283,-0.91836566,-0.2173536,-0.3361492,-0.5903973,2.528781,0.775584,1.1936983,-1.560995,-1.9023504,0.9083043,0.36799765,-0.5146018,2.2237778
TCGA-AJ-A6NU-01,-0.47457588,0.23995906,-1.4604782,-0.7722597,1.1938436,-2.3689861,1.4545933,-4.085197,-1.8424897,2.3348875,1.2091825,0.22319937,-1.6578063,-0.19918117,-1.6935375,0.046455435,1.2336951,0.67089677,3.5820994,-2.1175969,0.40200663,-1.0507659,0.6718284,-2.52523,0.059219036,1.5867354,-1.2270504,-2.0001771,0.22365487,0.7716187,-1.0700557,-0.52643204,2.0863717,-0.17619908,-1.5940976,-0.43897474,-1.9958584,0.087472506,0.9456484,-4.3766675,0.4586925,2.579231,-0.10976933,-1.9476799,0.76408166,-1.6624373,0.029440597,-3.9571106,-1.1106416,-0.42627302
TCGA-EO-A3L0-01,-0.15613759,1.0645646,-1.1937962,3.0972285,-1.3676958,-0.38071927,0.771661,2.556513,0.31568304,-0.83862305,1.1031553,0.029620547,-1.376292,2.231113,-1.3401113,1.6775804,-0.7211308,-0.83533025,1.174927,0.09786212,0.42818946,-1.0328299,-0.22249389,3.6734467,0.6002106,0.39008608,-1.5013667,-0.40934998,0.5967639,-0.89709,-0.1271396,-1.3837798,1.6882011,-1.9515414,0.5471388,1.3840337,0.72810704,-0.29854488,0.26269096,-0.5883888,1.8128072,1.3183326,0.051460013,-0.7777688,-0.02972259,0.04428891,-0.19372283,0.85095185,0.6679923,1.5337976
TCGA-AX-A3G6-01,0.3574281,0.8001438,-0.6684127,-3.3089683,2.732486,0.050254513,1.4110119,2.914063,1.3842579,-0.66319746,2.379859,0.70278364,-3.0593498,1.8362243,0.6961725,0.028667979,1.0141038,-1.3398134,0.23987345,0.6873879,-1.3414801,-1.3630447,0.03395182,1.1777064,1.2737418,-1.4005122,-0.0047752485,3.0410202,-1.201817,3.0766747,0.925488,0.51636976,-0.18128783,1.7909334,0.7756113,-0.64128405,0.7982861,1.2100736,1.9825916,0.04034151,0.27816838,1.2388965,-0.97245544,-0.69069225,-1.6615211,1.4335123,-1.2647382,-0.20086217,0.51670897,-0.9897828
TCGA-B5-A1MW-01,0.82792115,1.5146369,0.8866803,1.0494676,-1.2318143,-1.6624078,-1.0210491,3.9063163,2.3620274,-1.7867978,2.0703406,0.85550237,-2.546642,0.27157053,0.25173151,-2.078202,-1.7831303,-3.0614774,-0.0923856,1.0425978,-0.011182749,-1.5926275,-0.92229366,0.62238365,1.5795664,-0.46858448,-1.0322138,3.5116448,0.6962946,2.6683547,0.1763275,1.2338084,0.58387023,-0.06526169,1.2538211,0.62886643,-0.41006702,1.6331216,0.59137803,1.8425435,1.363827,-0.4419403,-1.8001517,-3.0916467,-0.32828006,0.4295462,-1.532897,-1.2784798,0.60016894,-2.447931
TCGA-FI-A3PX-01,-1.9887462,-0.25722432,0.9264002,-4.5606103,3.8338225,2.6792693,0.64467853,-0.62477005,-0.26377553,-2.2098002,-1.1100782,2.129882,-0.45112866,0.4497,-0.008562047,-0.35485655,0.21142742,-0.45027477,-1.2903379,-0.6810884,-0.14174172,0.7818002,0.30289423,0.9006353,-1.5378807,0.56283706,-0.26808184,3.434303,-1.1472509,2.4542413,-0.60906494,-0.256072,0.42355785,1.8560011,0.10979654,0.2523662,0.1100295,-1.4658754,-0.80622154,1.2975773,1.5369145,-0.027425256,-0.1579172,-1.076704,0.80879545,-0.27567905,-0.05211932,-1.5909083,-1.2391154,0.7497216
TCGA-D1-A3DG-01,-2.1618166,1.156654,0.7514209,0.6405699,2.8430173,0.47091794,-2.072095,1.8313876,2.4763668,-2.957781,1.9463274,0.3298632,-1.817693,0.23462014,-0.7449495,0.40880084,2.0367641,-2.0208437,-1.3554671,2.975242,-0.018556625,-3.4415011,0.8658553,-0.65735847,1.7535713,-1.0035203,-0.22185187,1.9227695,-1.6373664,-1.0028439,0.52749515,0.45228565,2.9785604,0.8346607,-0.8017457,-1.3627046,-1.1142673,0.17612681,-1.7067552,0.028726555,1.0091349,1.784957,-1.5996803,-2.6085434,-0.9619618,-1.5661639,-2.3322845,-1.7411696,1.0882611,-1.2288166
TCGA-EY-A1GO-01,-0.887892,0.2777309,-0.7154975,-2.167983,2.100607,-0.6666491,0.2088383,2.0440023,2.7890766,-2.4075627,1.3123788,3.1182137,-2.0879545,-0.31606516,0.1921229,-1.4938145,-1.7855413,-0.6134252,-2.3724368,3.4855258,0.21923144,-0.12580855,-0.40676123,-1.5731983,-1.3837146,1.2264925,-0.34578192,3.682364,0.13382107,-1.0537238,1.4311829,2.109211,2.7276804,-0.055967677,-0.77907497,1.112555,2.3976257,0.7705333,-2.7275124,0.5635992,-0.6171844,1.68918,-1.7994475,-0.9860009,0.2582024,-0.06516958,-1.467643,-0.64523,1.2336198,-0.8318957
TCGA-BS-A0V4-01,1.9535234,0.39995447,3.521757,3.6753435,-4.226776,-3.9370244,-0.47878265,2.6312344,-1.0398583,1.9458729,-0.2391009,-2.918393,-0.67367524,-0.8791397,0.56039774,0.18492395,-2.9990642,-1.2074667,-6.809742,2.544179,-0.65734416,1.4535751,-0.4404832,-1.1567721,-0.27404484,-3.2357671,-0.32624254,-0.34643438,1.5538896,-0.93479705,3.7561934,0.9636688,-4.8873343,-1.3865306,-0.48753825,-0.5092629,3.3640392,0.04110941,-3.9092991,1.5504615,-3.8667762,-0.5198169,-0.9680926,3.7612057,-0.12718208,-0.05429063,-0.047451366,4.890548,0.029206216,0.34550753
TCGA-AJ-A3OL-01,-1.3458169,0.7878894,-0.020097438,5.854688,-2.035944,-1.6211818,-1.3022957,2.562175,1.77368,-4.1464972,1.6889198,-0.4570027,-1.0221384,2.4535787,1.018011,-0.098788634,-1.8123777,-1.3660842,1.1832767,2.3709383,-1.1083503,-0.16186267,-1.3467199,0.80279326,1.9622256,-1.9809377,-0.32591426,1.2927649,0.7145829,-0.93586624,3.6931508,1.1208518,2.7972941,-2.1695783,1.5674124,-1.4541606,1.1237656,2.1488345,-0.70998204,0.7737051,1.7538532,-0.28020447,-1.289235,-2.5976636,-1.3624849,-1.6237762,-1.4044999,0.2337356,2.694815,0.6588261
TCGA-BG-A3EW-11,-0.34646317,-1.3379215,-2.7432206,-2.1820445,1.4114592,1.983275,-5.724924,-2.534307,-1.6345505,-0.8497363,-1.7586206,-1.3225137,-1.7370263,1.186492,0.7618973,1.2004979,6.1376834,1.0730748,-0.45584595,1.271668,2.559054,-0.94466376,0.99786156,-1.7861913,1.6660315,3.1885078,1.5689118,-4.5034156,-1.84137,-2.768716,-3.1414282,-2.4045014,3.6852858,-2.0244808,-1.7838306,-0.80916935,-1.3743833,-0.6495946,6.7770934,-1.9389497,-1.5712208,0.22554739,2.1103055,2.1368763,0.3032993,0.19484523,1.7266556,-3.4579973,-1.0641816,2.5355947
TCGA-AJ-A3NG-01,0.76450187,-0.6434869,-1.9378953,-2.2939348,0.3057199,-1.0095855,-0.63906574,1.8095906,-0.50947064,-2.9975643,1.9499674,0.10805317,-0.7333598,0.05141602,1.6846664,-0.8608341,-0.034194577,-2.0521598,2.4242117,1.9044156,1.474113,-2.8949149,-1.5538926,0.84127843,1.1393794,0.8577351,0.08824073,-0.48859975,0.1523619,-0.4876962,0.30201194,-0.35140198,4.014212,-0.7005588,-0.37058604,0.0768259,0.35921156,1.6393348,1.7009175,-0.4601764,2.6831038,0.9963042,-0.22303136,-0.8676683,1.1840211,0.97601265,-2.4150405,-2.100248,0.8482403,1.1695386
TCGA-AJ-A8CT-01,0.7475157,1.3736761,-3.3953764,-0.2369328,0.82958174,-2.4874284,1.094055,-6.0792394,-1.9371458,1.1961585,0.95203435,-1.0012416,5.062891,-1.5020499,-0.40638638,1.3504514,1.4373825,1.3356048,6.489185,-2.986059,-0.7967571,-0.53878284,0.13540801,2.3474147,1.1182805,1.6164403,-0.6666046,-5.321049,-0.22783947,-3.1318462,-2.657206,-3.2170322,-1.5709901,0.25826585,-1.7892622,-0.29283646,-2.8636508,1.92942,1.0718983,-0.11750374,-0.15327404,-2.7279801,1.6732208,1.7288976,0.3606918,0.1271336,2.0250566,2.8214698,-2.0013103,4.080322
TCGA-EY-A5W2-01,0.114631556,-1.2154117,0.3147337,5.614873,-4.3281,-3.3531966,1.3601965,2.9034643,-1.2513669,0.86776495,1.0870954,0.65842307,-1.5432873,1.1305007,0.07373746,0.7603421,-2.2286859,-1.0742335,-3.1454074,1.3206968,0.6520771,-0.9778202,0.20154256,-1.594835,1.5095805,-1.8202579,1.7424326,1.0475636,2.259397,-1.6721491,3.249765,-2.0004086,-1.1819412,-1.6207763,0.09916246,-2.2395968,0.9441055,-0.89040214,-3.4979725,-0.95381874,-1.8971429,0.62712973,-0.17571108,2.4042337,-1.0303626,-0.4179821,-1.8539903,1.6632415,1.7513648,-1.1326591
TCGA-DI-A2QT-01,0.6522419,-0.11229029,2.665231,-3.2637637,0.3342623,-0.28386953,3.4693894,-1.6333582,-0.587482,2.289234,1.0746245,-1.344004,-1.7004488,-0.28571847,-0.27546278,0.31937188,3.008735,-1.9245299,-0.86495614,0.7100043,-2.0609913,-0.63089013,-0.112839736,-0.2808356,0.08591257,-1.6591449,-0.46365294,1.2377366,0.31865114,-0.016824963,0.68102336,1.2943676,0.03598968,0.15823214,0.8415479,-0.04228501,-0.69313323,-1.5757515,-2.3486767,-0.29546675,-1.2183316,0.9409713,-0.06493756,-1.578628,0.022294132,1.1721491,-1.9793472,-0.97530687,0.96823967,-1.4992503
TCGA-KP-A3VZ-01,-0.59998393,-1.2750261,0.45331562,-7.4325337,1.4540051,3.8131144,0.48783812,-2.0949883,-0.16804558,-2.8689508,-3.2859652,0.072673514,-0.4672554,-1.4137964,0.8819683,-0.011473967,1.2418159,2.9281716,0.6217563,-0.116112605,0.5473673,0.18376997,1.5237532,0.080504015,-2.7322054,-0.3382937,0.29658508,1.3021647,-1.8400056,1.964804,-3.511373,2.5631883,2.2702823,0.9337111,0.43590024,-0.7845854,1.0692087,-0.274106,-1.8428627,0.56628644,2.4896142,3.5544095,-2.0089345,-0.99987495,-0.07792637,-0.7145084,1.2580789,-1.4103744,-0.89597815,1.9232379
TCGA-EY-A548-01,0.7761986,-1.3174572,-1.136266,-3.4574056,-0.90411395,-1.024153,-0.26207843,1.7273004,0.10568943,-0.4162416,3.1085415,0.7471918,0.85499847,0.24055436,1.203095,0.28583893,0.37815166,-2.9058363,0.00017371355,-1.3609647,2.6007257,-2.1415024,1.4629482,-0.35285115,-0.5801446,1.6295642,-0.3615924,-0.73953307,0.20534635,-0.17373325,0.12090226,0.83537114,-1.9232701,1.0288339,-0.8465336,-1.0879002,0.18942663,2.3373232,0.67239183,1.35661,0.12357752,-2.305003,-3.2813404,0.23751628,1.0755486,0.27304727,-0.5561172,1.4583044,-0.3902801,1.9879737
TCGA-B5-A3S1-01,-1.7639673,-0.5511941,-1.4204336,-1.3019192,0.2426401,-0.21672635,2.1386616,-1.0623099,0.26598594,-1.1753614,-0.5466976,1.3279284,-3.1157506,-0.45276147,-0.21885657,-0.9010022,-0.5662728,-2.175535,0.87855625,-0.74175787,-0.8652853,-1.6630834,-0.29231006,-0.41155884,-2.3784337,0.8839655,-2.266516,0.307841,-0.69260514,1.858319,2.265371,0.70523584,1.3475102,-0.39630735,0.2200395,1.0852014,2.2604403,-0.10646286,-0.7342386,-3.29744,1.9093019,3.923342,-1.6951169,-1.8677864,0.11075627,-1.0110234,-0.6966039,-2.462622,-1.5797509,-0.6105823
TCGA-PG-A917-01,2.349367,1.8021803,0.38514578,0.30887663,-1.7898682,0.11122111,1.3562983,2.015279,-0.42913756,-0.19146086,1.6637198,2.066929,-1.5672498,0.54849875,0.5462954,-0.6170352,-1.5058125,-0.8329669,-2.1176114,-0.18909293,0.4023195,-1.6583742,0.61300004,-2.4658191,0.2604922,1.3106259,-1.0275712,-1.8807081,-0.08759333,0.72214663,1.8989613,0.39371553,-0.6170207,-0.023879634,-0.5343568,-0.99060625,0.3258127,0.15977517,0.19386093,-1.7913423,-0.39053953,0.9102226,-1.0369086,-1.8757781,0.55117744,0.6111365,-1.1381974,0.05542253,1.0760589,0.39351115
TCGA-EO-A3B1-01,0.6601589,0.4706665,-3.112989,1.2272921,1.5821558,0.5870273,1.3361193,-0.9766785,-0.4042896,0.33577836,0.57286865,1.1279801,-2.219448,-0.93753266,-2.3400526,0.56194675,2.3229027,0.53137547,-1.0266203,-0.39652142,-0.34044757,-0.37814036,0.95887136,-2.0094345,0.7573971,2.097795,-1.3423653,1.5810717,-2.2333925,1.1485255,0.9902996,-0.5877118,1.6581116,-0.8926933,-1.9548993,0.39646143,-1.6949639,-0.6950206,0.71551913,-1.4751853,1.5645442,1.3772664,2.2600796,-0.6768319,0.082513854,-0.6045117,0.33184686,-3.7609122,-1.9200991,-2.517835
TCGA-AJ-A3BD-01,-0.8381256,0.4451641,1.012893,0.92420304,2.854835,-0.051936515,3.8512547,-1.9214686,-1.4598173,1.0837289,0.53554827,-0.7465802,-1.0491631,-1.6484059,-1.5169353,0.5199734,1.9730654,-1.1345439,-0.21545033,-2.2597542,-1.3850232,-1.7454476,0.6105859,0.7072296,0.61863726,-1.6210061,-0.29653287,-0.59031075,-1.3362149,-1.1621509,1.0692943,-0.5006183,-0.528276,-1.1252576,-0.4271923,0.4543515,0.66107774,-0.72150475,-3.4176903,-1.2505682,-0.76584166,1.7992375,0.7105484,-0.6328917,-0.9109745,-1.8392191,-0.4039074,-0.24927992,-0.12391781,1.6250994
TCGA-DF-A2KV-01,1.408673,1.2493427,0.87318313,1.6393905,0.21337382,-3.1365843,2.9023645,0.70349765,0.55785155,1.6258153,1.6389422,-1.0822089,-0.9200549,-0.06916353,-1.2030283,-0.5087381,1.2251228,-0.48681808,1.0437587,-2.4106214,-1.5648376,-0.63567495,0.5894684,0.64846396,0.08303617,-1.4103585,-0.5981263,1.6997339,0.34553924,-1.025877,-1.241619,1.6649231,-2.2257688,-0.8495493,-0.5325535,0.32277912,-0.7082622,0.7527959,-2.0170395,0.740334,-1.6745193,-0.2540541,0.2242758,1.2933105,-1.9944286,-0.026714362,0.30411392,3.3536556,-1.6826911,2.0859787
TCGA-EO-A22X-01,0.8555789,0.47944942,-1.500524,0.13107258,-1.7271365,-0.29603985,0.507509,3.1307635,-0.6531988,-1.4403926,1.400911,2.3863046,-0.28483817,0.8508406,-0.34116438,1.1724879,-2.3619218,0.39946133,-3.0600526,4.152055,-0.7158819,-0.37271208,-0.044171404,-1.2692317,-1.1628257,1.4792777,1.6662967,1.1235534,0.582507,1.3550537,0.11273548,-0.28982854,0.7696796,-0.6169856,-0.035057656,2.3504493,2.4610662,-1.2905675,0.28283817,-1.7358116,1.4211887,2.1364157,-0.621295,-3.566691,-0.30803666,0.06306269,-0.4342434,-2.3797674,-0.45077255,-3.9137406
TCGA-AJ-A3EK-01,2.8382552,0.3149549,1.1078565,5.1045895,-3.4579198,-2.850042,0.7487992,2.198216,1.2764148,3.0693307,1.0925964,0.6445925,0.59968543,1.2568909,-1.1999317,0.03462734,-0.94020885,-1.4326895,-2.8319342,1.3644505,-1.7922488,0.450646,-0.4794285,-2.231954,0.5312014,1.4731688,-1.157819,0.36664665,3.6719618,0.8526367,1.125817,1.3888676,-2.4343896,-3.4900043,-0.33675545,-0.46178252,1.9426552,-0.77961355,-0.099080935,-4.4769454,-0.9193481,-0.9097429,-0.7750877,-0.14651288,1.7186043,1.0065128,-0.96666473,-0.3418538,0.36358133,-3.371927
TCGA-D1-A3DA-01,-0.42757395,1.1004308,1.0594542,0.8778955,-0.48496294,-0.9028805,2.9744315,1.9919578,0.15858495,2.1788378,-0.22114126,0.25864056,-2.4344735,2.7080116,-0.35075462,-0.34366274,-4.9791245,0.90020186,2.7014358,1.5939257,0.515999,0.9228408,-0.7080209,-0.46099502,0.35874113,-0.5059375,-1.0551584,1.3753121,2.4744534,0.8442553,2.1739824,1.3630148,3.2406056,1.374381,1.394655,1.2045579,0.9669219,0.12700991,-0.96776396,-3.1928499,-0.24887465,3.5706582,-1.3132026,-1.6700069,-1.1869797,-1.2760612,-1.1427392,0.38262263,1.0918909,-0.44224885
TCGA-KP-A3W3-01,-0.2602516,0.9505427,-0.9452938,-4.499541,4.456947,2.7726169,1.6455677,0.9202167,-1.233732,-0.9879123,0.8627234,-1.243649,-3.0220857,-0.990346,0.088741496,1.7266614,0.5483726,1.3868595,-0.1784169,0.39991313,-1.6315237,-0.41724703,-0.5557716,2.6424313,0.9302889,0.47592896,-0.84145194,-0.79213226,-2.3347294,0.46254152,-3.3217735,-0.51943356,2.3037424,1.1593615,0.41001794,-0.9181967,0.2590393,-1.6441729,-0.84940994,-1.4736886,1.1713295,2.188041,0.7283453,-1.0953668,-1.0156045,-0.6121471,-0.11665898,-1.0894469,0.20720536,-0.2778469
TCGA-AJ-A3IA-01,1.3920856,0.81113684,-2.2093294,-2.8617682,2.0839407,1.5509211,0.16857378,-1.1569582,1.2620548,2.3160877,-0.69722396,0.5390212,-2.6021433,-0.57906973,-0.34500805,0.3589499,1.6620084,1.7879859,-0.92766744,2.6100008,-2.779673,-0.0350265,0.1498875,-0.50570136,-0.40422335,2.7736723,1.0725693,-0.31363237,-1.5582939,1.6007261,-1.5005845,-0.21526404,2.5588474,0.08408797,-1.5195874,0.47273815,-0.7602222,-2.4260054,2.2408044,-4.153154,0.9965837,1.1105312,-0.8077307,-2.0053856,-0.03980816,0.55267876,-0.35317212,-3.4148679,-0.932754,-2.7636402
TCGA-AJ-A8CW-01,1.6250958,2.0146616,0.5608015,3.570597,-4.517962,-1.5712425,0.65026414,3.759482,1.5838053,-0.8160648,-1.5874646,0.58811164,-0.27092156,0.30837253,0.5379715,-0.35974863,-3.8467596,-0.7438889,-2.9582803,-0.30972615,0.6669691,-0.04631649,-2.141544,-0.8491893,1.6702679,0.70376474,-1.1192323,0.15863907,2.4325142,1.0743434,3.7249207,1.1025531,-2.1670904,-1.5236712,0.32851148,-1.1796795,2.4495847,-0.18765934,0.15104939,-1.3107965,0.6707752,-0.53483194,0.43465436,0.388119,2.5766516,-0.22325335,-0.46689522,0.49582818,1.6006453,-0.98467034
TCGA-H5-A2HR-01,-2.427371,-0.41348526,0.5783555,-1.7989907,1.2812138,1.6235571,0.7911572,-0.9287062,1.2594637,0.72148734,-1.0598645,-1.0089886,0.119853556,0.20969687,-1.5035769,0.2772231,-0.039538294,1.0730041,-4.192362,-0.08570222,0.0259773,-1.9407175,0.8663972,-1.22822,-1.0131469,-2.4034145,1.9586959,1.7016325,-1.3785105,0.6144632,-1.005673,0.5648413,-1.4146452,1.9447063,-0.14932624,0.33139363,0.43281657,-0.9743611,-3.8934667,1.3929545,-1.2142012,3.877585,-2.009243,0.9843337,-2.3324113,-1.9143429,0.05630673,0.5891135,-0.25891405,1.9097866
TCGA-EY-A547-01,0.009073269,-0.882475,1.3995934,4.3966126,-0.8600013,0.6570321,-3.3238952,1.9988441,2.4111092,-1.1733607,1.1870058,-2.611758,1.0506092,0.93646836,-0.7725583,-2.2111516,-1.2900093,0.010602037,-1.8585846,1.1169883,-1.1640224,-1.976857,-2.095712,-0.66768944,1.9129063,-1.8231912,0.9605348,1.579829,-1.4351135,-1.4126115,-0.5046348,-1.1411201,1.3090353,-1.3458612,0.34196773,-0.68036634,-1.250309,1.3093072,-4.7146854,3.1430638,0.07329899,0.20067273,-0.6777077,0.6348018,-1.4414979,-0.12646395,-0.4054954,1.1165187,0.049442686,2.1768768
TCGA-BK-A6W3-01,1.3180842,-0.40891615,-0.99920195,1.6816308,-1.0094758,-1.8815367,0.62267536,2.0689576,1.0958008,2.7697103,0.5374491,1.4529572,-0.1788187,-0.8095312,-1.3455447,1.1163994,-2.7874784,2.35107,2.3883328,-1.4413842,-0.72190917,0.69441235,-0.5121311,0.6581858,-0.45695594,2.350031,-1.0207031,-0.09640677,2.1496434,2.1594126,-0.6230488,0.5706229,-0.63615453,0.57023805,-0.58682173,0.8182223,0.08665964,1.0327722,1.9078299,-3.0566509,1.5012306,1.5038843,-0.27192855,-1.3313947,-0.5152883,0.15685448,1.5926905,-0.69892997,-1.6451851,-0.48220488
TCGA-BK-A56F-01,1.7509437,0.47902045,-1.3870066,2.706594,-0.70424706,-3.525785,0.063776284,-0.17296425,-0.8671604,-1.7335395,2.45412,-0.50816905,0.9578599,-1.0852692,-0.18877828,0.7326552,0.15935549,-0.33752173,3.178573,-1.0406291,-0.60829324,-0.7968543,-0.19991875,0.9849021,0.79340273,2.007991,-0.32824138,-2.5124443,1.3141336,-1.3695532,0.818854,-1.386697,1.7265271,-0.24110158,-1.3337121,-0.76567554,-0.6633521,2.32443,0.9964986,-1.8879136,1.000965,-0.9711415,0.5996951,-1.5457877,1.3545214,0.19012651,1.5251492,0.26963776,-1.4654899,0.9822939
TCGA-EO-A3AY-01,0.83729213,-0.13584156,1.0883691,5.150087,-1.7744756,-1.552216,3.323292,3.457062,1.0506324,3.6393533,2.4902647,-0.18338132,-0.8603585,0.14791875,-1.8955947,0.66384315,0.51416874,-1.8292298,-3.4477696,-0.09764554,-1.54814,-0.12649034,-0.4530655,-0.20625076,0.4729973,0.67960805,0.17870353,1.1598359,1.010661,0.28932396,2.6902795,0.35091618,-2.4379869,-2.0777786,0.33631355,1.5148228,0.5986528,-0.0012370625,-3.8093953,-0.18395415,-0.6741116,2.5642545,0.93386054,-0.40340784,-2.1582146,0.79602706,-1.275737,1.0440843,-0.51254374,-0.21515238
