,29,18,17,9,13,20,21,22,25,12,26,16,14,2,3,5,3,1,10,17,19,14,13,20,9,7,23,11,11,8,29,3,27,13,24,28,23,8,0,2,6,4,19,22,16,28,17,0,28,7
TCGA-VD-A8KM-01,-0.34828135,1.7451292,3.7483022,-0.20559913,0.4245032,2.349674,-0.749315,1.6267654,-3.1218467,1.6307404,-2.5499566,2.5121393,2.374697,-0.6435824,-0.16582078,5.681433,1.7868451,-5.9351296,7.388248,-1.4332962,0.39026293,1.8732316,1.0947815,1.1421037,-1.8983947,4.9540973,-1.594711,1.2509813,-1.480209,0.2615036,3.802969,-0.53822076,0.51591533,-1.2099493,-0.6474804,0.92841524,-0.6231007,-0.45865238,-0.097820766,2.453077,0.33539832,-0.56643265,-1.420144,-0.89473367,-0.5579263,-1.7212102,0.32933012,1.5878345,-0.85496044,0.64232796
TCGA-V4-A9F4-01,-2.198808,-2.2968721,-3.5791194,-0.3144282,-1.6393667,0.07010417,0.80519783,-1.5074718,-0.5667537,2.2488434,0.8539948,3.3193624,2.6051035,-0.19753262,-0.20186546,4.7181034,-1.1951703,0.121681586,-3.0148296,-0.14570525,-1.9352734,1.3447739,1.0374602,4.0727077,1.9473398,0.07536049,2.42947,3.4054148,1.2851914,0.96849215,1.839151,2.821047,-1.3890549,-0.58821535,-1.143878,1.2712839,-0.9549674,-0.8152164,-0.13521633,0.48256877,1.2141886,-0.7933761,2.8331342,0.22694191,-1.801222,-1.2381016,-0.06215508,5.0535693,1.5749696,0.4378747
TCGA-WC-A881-01,-1.7108439,-2.0659974,-1.4347082,-0.41328797,-2.9814663,0.16517432,0.37275842,1.8835286,2.1131008,-0.5177384,5.6126523,1.7565503,1.5731137,-0.16716368,-0.8321283,5.187161,4.2686715,1.9036864,-1.0256062,2.6864386,0.79930115,-0.40211102,-0.17016783,0.9365478,3.0493248,1.2605741,0.8786138,1.185864,2.595687,0.60169244,1.0244573,-1.0477914,-0.8743479,-0.15141883,-0.9055703,3.3771756,-1.2970768,0.5022435,-0.28196397,0.92428994,1.3036686,0.26719838,3.4281788,0.4121611,3.0698528,-0.48933622,0.45735678,3.6283536,1.06595,-0.18034573
TCGA-V4-A9F1-01,1.9247295,-3.36024,-1.6293086,-0.27591005,1.2923621,-2.6738975,-0.554266,0.53373706,-3.2989328,1.6501409,-0.4547819,2.8583999,0.335424,-0.31596076,-0.52005297,3.778156,2.0569854,-0.72967374,4.1979094,0.7321943,1.4487115,-0.09602179,-3.3724627,-3.7489612,-0.6112202,-0.04179868,-0.6241358,0.4194718,3.3672907,0.42173722,2.6760397,-0.720312,3.9128516,-0.22375701,-0.60128564,-0.9148144,0.066514134,-2.2958212,0.5724786,-0.2600323,-0.16740067,-0.2575611,2.9640055,-0.4942715,0.64959604,-0.12481157,-0.44409326,-0.8782735,-0.7073137,0.36596322
TCGA-VD-AA8N-01,0.46304378,-1.5887076,2.4679697,-0.8350703,2.505586,0.008257953,-1.8775272,1.8204734,-0.3758606,-0.569937,-3.0419106,-0.95953846,-0.047391158,0.017968217,-0.67168915,3.4501452,2.8116057,-0.12496258,-2.044257,-2.262593,-0.64825964,0.25994068,1.9486859,0.84333086,-5.5715294,0.19677591,-3.863969,-0.5320956,-2.7043595,-0.014364103,-0.86216575,0.5291596,-0.1675126,-0.15444791,-0.91400635,-1.4499006,-0.53786826,0.7213346,0.43779463,0.7106086,0.3602623,-0.13760242,-1.6335218,-0.24905105,3.442978,0.31094852,-0.8484076,-2.8214788,-1.005167,0.9910908
TCGA-V4-A9EY-01,1.1751412,-2.6018531,2.07265,-0.22678378,2.67407,-0.7309097,2.3040273,3.5361407,0.060016282,2.1694775,-0.9083783,-0.7048369,-4.113592,0.18659383,0.07811275,-4.6505113,-0.46592352,-2.5814466,-1.667342,3.3950305,-1.7591498,-1.3136916,2.6348276,1.8946193,-0.9844584,0.4610681,1.0032926,0.041551866,-1.0563122,-0.082083836,-0.20499234,2.9430058,3.575839,-0.6384544,-0.38400012,-0.8528866,-0.3911876,2.1039045,-0.84364134,2.9661808,1.2785094,0.2760605,-1.9130143,-0.11952077,-5.029286,-0.5439765,0.59123194,0.04762824,0.028802212,0.08781541
TCGA-V4-A9EI-01,-0.62404215,0.08985451,0.8611125,-0.7412171,3.3454497,-2.5975366,1.488926,-1.9009472,-2.8696,-0.490139,2.2211738,-1.277492,1.1849654,-0.6384953,-0.73860794,5.1727595,2.7818758,1.180062,3.2113988,-1.6847707,1.051359,-1.5328592,-1.020249,2.0149162,-1.7354121,-3.057213,-3.71681,1.1492649,0.25789034,-0.14024769,2.4762444,-0.6867326,1.2563244,-0.8906713,-0.8087509,-1.6025512,-0.13077813,1.36105,-0.11716467,-1.0211757,0.40234837,0.5100641,2.5890603,-1.1850082,2.2150807,1.4423873,0.7042738,-1.8588821,-1.0675321,0.39225122
TCGA-VD-AA8O-01,-1.483754,0.33434042,0.7892356,-0.52857864,2.515631,1.6107621,-1.2039305,1.6248401,-1.5988009,1.8281857,-3.132944,-1.6651037,0.9972042,-0.31939572,0.46655986,0.8888986,2.3554804,1.6448935,1.1953367,-1.1353928,1.4449143,1.5072849,2.42623,-0.26755816,-3.8714428,2.9957502,0.67558414,0.013471378,-2.0164933,-0.02172889,-1.8304514,0.7934877,0.17912465,-0.38593876,-0.95034754,-1.7984133,-0.60087883,-3.201247,0.44162476,-1.9121733,0.79374754,-0.3103503,0.0038784952,0.5153571,1.9873743,-1.2800304,-0.6362144,0.18375878,-0.41006762,0.43310282
TCGA-WC-A880-01,-2.8346214,0.61587626,-2.0333107,-0.48826405,-5.271652,0.73334205,3.3814466,0.9963202,-1.070862,1.9752914,0.47500062,0.37093383,-1.7304662,-0.12474604,-0.098441824,0.90486205,-3.411935,-0.079725266,-0.14614266,5.2991266,-0.63463664,0.12275791,0.223672,2.9705653,2.3301327,1.0787323,0.7409438,-1.0657207,0.16174257,-1.2358466,3.3156145,5.9902143,-3.7492032,-0.15580828,-0.3839373,2.8040645,-0.29557177,2.9324698,-0.91868484,2.0437632,2.0140793,-0.083217524,-2.440332,0.0056745475,-3.6465092,-1.3148309,0.49109244,3.3331769,1.0546659,-0.6937315
TCGA-WC-A882-01,3.354512,-7.2920465,2.4997811,-0.3569947,0.7079671,-0.49878296,-0.21172413,3.3341284,-0.70935154,-2.985704,-1.6010226,0.652564,-2.9447298,-0.020833004,-0.26310626,-0.3172443,0.5101835,-1.017236,-3.521166,2.6908426,0.35795662,1.3707013,0.45057404,-1.4942521,-0.4716364,-0.42304915,-1.2847105,0.36697993,-2.3099046,0.42663267,0.12102466,-1.8315802,3.5968237,-0.36107677,-0.897341,1.9091092,-0.85547566,1.5046583,0.10991156,2.195403,0.9914352,-0.62294275,-1.1643298,-0.373068,-1.7376533,-1.9037025,-0.30730024,-0.35672548,-0.09154276,0.13672467
TCGA-VD-AA8P-01,2.903865,-4.929992,2.09187,-0.5759336,2.816447,-0.67664933,0.2958971,-0.0924581,-2.6037512,-0.85348445,-0.5402011,0.3906191,0.11447778,0.08058191,-0.6859755,-0.9248352,0.37706485,0.48920026,-1.6957881,2.1142795,2.9727943,2.6618688,-0.3912786,-2.9385884,-2.1066732,-1.3677037,-1.4062932,0.36496872,-0.43614253,1.1168672,-1.2136368,-1.9415605,-1.781161,-0.23839565,-0.82103735,1.3475069,-0.4219937,-0.6089274,0.28391922,-3.8142567,-0.34467465,-0.48575965,2.586194,0.20737828,1.1602967,0.13343823,0.15011074,-2.545056,0.25751433,-0.078168325
TCGA-WC-AA9E-01,0.008502639,-1.2271309,-0.9833148,0.061407737,-1.5632062,-0.046805643,1.8141987,-0.6953194,0.12756301,0.16393976,6.533658,4.2350364,-0.47628137,-0.054645434,-0.8621699,6.8086314,0.71733075,-1.5521191,-0.38369954,-0.33770815,-0.4842099,1.9370997,0.45606703,1.7794294,2.2760038,1.3396803,1.6704975,1.940956,3.3177104,0.8028442,2.7216074,3.4992747,-4.7379518,0.018409098,-0.70454305,0.16882204,-0.9022124,-0.98212117,-1.1765108,3.3972187,0.8926956,0.002201654,5.641954,-0.39991212,2.044295,-1.0979598,0.41855434,3.330445,0.9046583,0.85540307
TCGA-V4-A9F8-01,2.3602512,-1.3980973,3.804308,-0.58253056,3.2300508,-0.17256919,0.6172233,1.0610465,0.6982969,-0.61022353,-1.4461575,-3.4953187,-1.7562753,-0.48839653,-0.6032487,-0.7928027,2.2223535,-0.9911777,-3.8564477,-1.0705186,1.5735239,1.5023305,-0.06849054,-2.7567568,-5.2456656,-0.23879331,-0.030065995,1.3906975,-1.2071661,0.07126328,-0.23857246,-2.7925057,-0.44446358,-0.79964036,-1.1770456,0.33593297,-0.36989063,1.808686,-0.123080485,0.65962964,0.57488924,-0.8451253,1.2869917,-0.3386988,0.24823187,-0.80471545,-0.262145,-3.4916296,0.14232264,0.6540248
TCGA-VD-A8K9-01,0.17580011,1.5887011,-2.6095896,-0.11311127,-2.481951,3.7139285,3.3691733,-5.408563,-1.5816131,1.5951531,2.8125782,2.309814,-0.52824426,0.14573802,0.6852783,2.2588384,-1.101559,0.95545626,-2.1475759,-1.1109478,-2.5973847,-2.2687035,-1.1061078,-2.3251874,1.7600458,-1.2992653,0.8646528,-2.0701525,0.48668915,0.02264704,2.9672184,0.14824966,-2.5711539,0.37107903,-0.6781101,-0.25005335,-0.16427647,-0.6687621,-0.45223552,-2.6811166,1.5642467,-0.502893,0.9833109,0.47623485,-0.17783943,-4.758754,0.05995016,4.451659,1.7808828,-1.1000049
TCGA-V4-A9EZ-01,0.6310928,-1.6839683,-0.850885,-0.10415515,-0.97771025,2.41542,1.7431465,0.5302636,3.1308396,-0.10258649,1.890301,0.10974243,-3.0683415,-0.4179906,-0.23315465,-0.3500241,-0.015754158,2.2962942,-5.9084253,1.545298,-1.519567,-1.0596839,-2.5943482,-1.2353356,-4.948381,2.3779352,2.3113508,3.868086,-1.1376643,1.2203081,1.8653628,1.2651124,-2.591114,-0.2310604,-0.8083514,1.4868387,-0.84499484,-1.8598176,-0.5973876,1.6056046,1.1259463,-0.5115083,1.3401458,1.0126842,0.053696916,-3.6562543,0.47020605,0.39010507,1.0561173,0.14492753
TCGA-VD-AA8Q-01,-4.2087803,-6.7997837,-1.4583477,0.15568222,-2.773886,1.5241364,0.28990954,3.7636783,0.44460112,1.3295467,0.10082728,1.4588954,-0.771713,0.025744474,0.20030062,0.58089757,3.0483117,-2.4682696,-1.3930054,3.9226532,0.74215513,-0.5754825,0.7003225,2.052641,2.501401,2.9477437,3.901187,2.7335486,-0.5702418,0.9580344,0.76537704,0.711777,1.2029938,0.16471264,-0.9322177,0.0111443605,-0.5925276,-0.7083953,-0.0037839026,0.955836,0.07219736,-0.79172295,-2.1933773,0.53822345,-1.426725,-2.7469027,0.053687666,3.5222542,0.65968585,1.0449985
TCGA-V4-A9E9-01,-4.1184535,0.21280032,-1.520427,-0.6327312,1.3521919,1.4938084,3.7427306,1.8049606,0.5076331,1.7788004,-0.63333005,-1.9804275,-0.95997226,-0.52754635,-0.21326156,-4.9896708,-3.9312222,-1.2443262,-4.917334,-0.14857735,0.02475093,0.37644568,1.1605718,4.337965,-1.2339272,0.04809657,1.5121797,0.18650539,0.30214,-0.71271175,1.2940147,1.6239103,-1.2957194,-1.2230684,-0.93059546,1.5917763,-0.8549182,0.30590844,0.11857516,0.28176036,1.3875549,-0.8254371,-3.6336923,0.40210715,-2.6999543,-3.5293412,0.6026253,1.0289197,0.18763131,-0.22642064
TCGA-VD-A8KL-01,1.0150754,-0.19783272,1.9646643,-0.71620464,3.9633503,-1.7596825,2.520299,2.0913806,0.97871417,-1.9026214,1.0790083,-2.6649327,1.6447576,-0.3373327,-0.35979512,-1.5008383,3.0474858,-1.4740856,-1.4892826,-2.770719,1.3919135,-0.78405756,1.1756868,-1.1432,-0.74836046,2.3224483,0.15880468,-1.5690309,0.534917,0.024283199,-2.5639365,1.7694283,0.3519008,-0.48583487,-0.98538464,-0.96617496,-0.20873562,-2.0191786,0.3999463,0.34644768,0.5241214,-0.48952964,-1.727286,-0.8101494,1.391962,0.28653055,0.50269353,-1.5889131,-0.37877703,0.21736251
TCGA-WC-A87T-01,-2.87681,-1.8443531,-1.4049655,0.18473567,-4.4529233,0.09663741,-0.85555166,1.3049332,-1.2426864,2.7373817,4.295214,2.2795024,1.889434,-0.36549154,-0.04137925,0.6176013,-3.0674665,1.1218038,-0.5565539,2.8202336,1.4222034,2.0817752,-0.4110428,4.301545,5.3277817,-4.3808703,3.6498444,1.7048761,1.043875,1.2369516,1.353558,3.8888633,-3.5660162,-0.8094328,-0.84921825,0.6271264,-0.96989447,1.814468,-0.17732626,-2.8586435,1.3335805,-0.7655913,3.595676,0.6090656,-3.7573354,-2.0231347,0.3233851,3.9396884,1.1432697,0.21501757
TCGA-YZ-A980-01,-0.10365697,-4.941743,8.335748,-1.581656,-3.332866,2.888483,-1.3717573,-4.2265573,-0.56705976,-0.16014461,-4.6512485,-2.723542,-1.142097,0.7439771,-0.7744298,7.1760945,8.054129,-5.7602925,2.4812732,-0.18037364,1.4039797,5.552208,1.4100692,-0.41965228,7.5256734,1.4251626,-2.1404874,4.448728,-5.6898026,0.25188762,-2.4438922,-0.37904918,1.7304567,-0.51579416,-0.91145366,3.3642707,0.038403958,-0.020859111,1.656664,5.339492,0.6118136,0.057947133,4.1897545,0.06147438,-1.3295013,-0.4419453,-0.53110397,-2.7904987,-1.3024626,-0.14263119
TCGA-VD-AA8M-01,-2.463144,-4.2751637,-0.86044407,-0.039776057,-3.293669,-0.87970424,1.7499799,1.7041619,-1.6043978,2.310754,-2.173408,2.3167503,-3.1562464,-0.23687786,-0.05853855,-0.51959836,-1.6692202,-1.6614506,-1.9018708,3.130857,2.3966942,-1.5500753,2.5900838,2.850081,0.63538456,1.5297685,0.543844,0.7991303,-1.5115838,0.8188276,0.2888836,3.0058246,-2.2325234,-0.62916064,-1.0129693,0.37495694,-0.40113148,3.72127,-0.63832766,0.9544536,0.37931007,-0.7230939,-0.063864045,0.354071,-1.8607086,0.057372224,0.6957508,1.6507964,0.43950388,0.59205097
TCGA-VD-AA8T-01,5.544779,-4.050641,0.1794959,-0.36043572,-1.8378584,-1.997568,-2.818113,0.5001478,-2.0169184,1.3327909,1.6516663,3.3970668,1.4563904,-0.17259374,-0.17870173,0.51487494,-0.80768305,1.8343838,4.4505644,-0.32087573,-2.3806176,2.7773752,-0.9384707,-2.879095,2.988571,-0.40177065,-0.921977,1.2342244,1.2871586,1.0493804,1.6420208,1.4094756,-1.1731259,-0.5180393,-0.53318715,-2.3741667,-0.07870291,-3.7057893,-0.46379563,-0.49384126,-0.11507131,-0.85893965,6.6669893,-0.11952041,0.50539875,-2.0008342,0.28124857,-0.36016506,0.86848736,0.5819607
TCGA-VD-A8KI-01,-1.1724858,1.7953217,1.0570853,-0.6979529,3.8755937,-1.4302754,3.1406484,-0.050446447,0.70406187,-1.2738405,-2.2921886,-1.6061454,-0.74534094,-0.29107362,-0.5222404,-0.5106718,1.2076107,-1.0315267,-1.9842035,-4.496251,1.3032525,-2.172136,0.61661744,-0.34481487,-4.4473357,-0.46937123,-2.4953718,1.1025846,-2.3235233,-0.2841997,1.7386423,-0.12719849,-0.9418538,-1.0376376,-1.1818372,-0.27846256,-0.1920696,1.0013967,0.03296919,0.20859261,0.85357034,-0.3872282,-2.0312934,-0.6430044,2.4852698,-0.8656584,0.90962434,-2.1692348,-0.74993515,-0.29598495
TCGA-V4-A9ED-01,-1.5343583,-3.307662,2.4591575,-0.15658627,2.2379944,-0.72389376,-0.046569243,2.861942,-0.8546504,0.070792675,-3.717209,0.7266675,-1.9093661,0.366617,-0.55662477,0.5131271,-0.6542653,-4.478194,-1.0595872,-0.7779307,2.9910674,3.0630815,2.3293715,0.055994444,-1.3757416,0.70756686,-1.4686908,0.13964632,-1.8104417,-0.08763604,-0.12327347,-1.0657965,1.8926603,0.23246391,-0.5381753,-0.6091793,-0.43770185,0.598373,0.70445496,1.6680068,0.41563115,-0.9146034,-2.5252557,-0.602391,0.47300312,-1.620521,-0.25439632,-1.8648876,-0.31839517,0.77390426
TCGA-V3-A9ZX-01,0.9153155,-0.66512185,3.4051018,-2.1540687,1.2173054,1.270212,-0.6597215,-3.5884898,-3.436026,0.47351626,-2.106912,0.11327123,0.81247914,0.5178502,-1.2680802,3.9566271,5.3470173,-4.116718,5.6605277,-3.9445758,1.9751773,1.8816575,-2.0635524,-0.009027303,1.2021617,-0.20923235,-0.8828233,2.1696265,-3.4691634,-0.09574749,-0.637337,-1.8429346,2.1618567,-0.9293164,-1.514972,1.1676478,-0.15685932,-2.0103743,1.0131558,1.9942842,0.09692098,-0.265966,1.2146763,-0.3892048,2.2817626,-1.1867174,-0.81597763,-2.4762585,-1.4440384,0.55440575
TCGA-VD-A8KJ-01,0.88785636,-3.3062057,-4.7727113,-0.7779832,-2.384594,0.622388,2.2228243,-3.9159174,-1.4273647,1.3719814,2.106792,1.5741115,-1.1343485,-0.28583518,-0.91264933,2.331401,-0.6748893,2.5539255,-0.33261713,0.7087264,-0.9636449,-1.432133,-1.4249736,3.5807054,1.2800028,-1.3693843,-0.03464132,4.1594653,1.1239812,0.2913203,0.09304322,1.3194774,-2.3483899,-0.73833466,-1.0122586,-1.8202227,-0.78441393,1.7974753,0.012259238,-0.8572242,1.2013313,-0.16920255,3.4715636,-0.18361714,0.100826,-0.326754,-0.25811222,1.6133549,0.1385594,0.59215236
TCGA-YZ-A985-01,3.354275,1.0534462,1.1862425,-0.36720863,1.4060519,-1.5967066,-0.05498239,-0.30598828,1.1581881,-1.4098021,-0.92161775,0.18256968,0.43366918,-0.15277669,-0.9577883,-5.5478215,-1.046294,0.4428374,-0.31478834,3.1294396,3.0994332,1.3338327,2.1877718,-5.485011,-2.9609072,-0.40090916,0.83047783,2.3127544,0.8510859,0.0337828,-0.0868601,-2.9390388,-0.36610696,-0.2607794,-0.794651,0.41582364,-0.3465077,-1.7457641,-0.06996617,-1.1389561,0.2350818,-1.3811046,-0.17942084,-0.5290194,-1.8177223,0.05267563,0.33472618,-1.2882173,-0.14635918,0.4629154
TCGA-V4-A9EJ-01,-4.514836,0.87626654,-2.4648595,-0.7899636,-3.7917352,3.4308522,1.3821455,-1.7481776,0.0014800141,2.0778518,-0.2686364,1.2568238,-0.4055128,0.055960424,0.07489376,0.9391515,-0.77322096,-0.11900577,-1.6789762,-1.2609302,-2.2328506,-2.0244951,0.5016392,0.83868587,2.3034596,1.7662485,0.95204663,1.7675631,-0.43608686,-2.0498862,0.9688095,-1.2071494,-2.9340158,-0.19861004,-0.7507875,0.06506066,-0.59781086,-0.9762483,-0.6715803,-0.7331857,2.4064183,0.24418943,-2.5887005,0.28344855,-0.14611626,-4.0040565,0.6998496,4.5627904,1.1565378,-1.0914724
TCGA-VD-A8KE-01,-1.3924507,-2.908999,-0.93639684,0.25189126,-3.579315,-3.168301,0.6946677,2.558088,-2.8413346,0.3213251,1.3765115,1.9755235,-1.5939441,0.0120914485,0.5102477,-1.0582395,-1.8859478,-1.260415,0.9938119,2.0963876,1.2130128,-0.49825636,2.0110943,0.86230594,2.8311865,1.27972,-1.0633546,-0.31768417,-0.66780186,0.6657966,2.0399709,5.3330216,-0.84777516,-0.004046415,-0.44396845,-1.5255821,-0.42238873,5.297032,-0.75974137,1.6975433,0.54672873,-0.78143615,1.3947585,0.33899975,-6.4052787,0.7810967,0.3663795,2.6795998,0.9998998,-0.3704511
TCGA-V4-A9ES-01,1.6132121,0.8380592,0.15001309,0.19430695,1.3394225,0.75682306,1.3485506,-1.610968,0.22149532,0.23869058,1.8575566,-1.7625668,1.1546729,-0.6707058,0.1791641,0.391793,-0.07285822,1.7948431,-1.1042781,2.015293,-1.9700679,0.7900189,-1.0654159,-2.5632532,1.1338952,-0.8631625,-0.74302596,2.391945,5.6591845,0.30870494,0.9135905,-1.0164828,1.2167609,-0.28061625,-0.38289458,-3.2291176,0.16584043,-4.9046783,0.28900155,-2.0491629,0.76175183,-0.44865862,3.5787182,0.28773856,-1.8279188,-1.5113283,-0.39787403,-0.13128777,0.350173,-0.27389225
TCGA-WC-A88A-01,-0.24434437,-1.0801091,0.43187702,-0.21982357,0.053469513,0.39928147,2.3513343,0.72769237,-1.4245652,-1.312041,-1.094583,1.9947219,-0.29931316,-0.5768201,-0.9282696,-0.49736267,-0.36051586,-0.83038414,-0.48346865,-3.833708,1.5140138,-0.27495098,0.3116803,0.17830619,-3.9545465,-1.686173,-1.1503453,-1.1176702,-1.1870419,0.21945526,0.43185598,-1.9992652,-1.0662179,-0.37240076,-0.49876508,-0.36343947,-0.42259833,0.47259587,0.35278884,-1.1766977,0.564929,-0.43945915,0.010579562,-0.8649963,3.726115,2.0712023,0.40477008,-3.2566051,-0.53738964,-0.3014728
TCGA-V4-A9EH-01,-2.3466115,-3.5654318,1.1986252,-0.33403757,-5.3359985,1.2649999,-2.4902763,4.267047,-1.249127,1.9930252,0.85440123,2.2515244,-0.95053816,0.18440327,-0.35408342,1.7100888,3.3233502,-0.5551205,2.0102253,3.2043326,3.1955955,1.2833027,-0.16381212,-1.6351091,1.7387683,1.036789,2.9310858,4.135291,-2.8347473,0.2660421,1.7396699,2.4973292,1.1004478,-0.24814655,-0.94769526,-1.0304072,-0.39818144,-0.3800437,-0.13736744,-1.6340629,1.3377005,-0.13884881,-0.24383837,0.17850466,-0.18982,-1.0655725,0.36990336,4.5701466,-0.47092834,0.32997027
TCGA-WC-A87Y-01,1.9789778,-2.9666252,6.118542,-1.7555974,-2.0584419,1.9011308,-1.6435645,-4.1621094,-2.8549364,-0.97047675,-3.7222571,-0.07994207,-0.32686874,1.0580113,-0.47026706,5.441408,5.925976,-7.038573,5.784067,-1.1696353,2.5179846,1.9810495,2.5261672,-0.37321922,6.742749,1.8486261,-1.7186668,2.9332166,-3.6862586,0.24811724,-1.3852167,-0.4870172,3.6412973,-0.6843467,-1.0833218,0.83051217,0.11088722,-0.562486,1.0972167,4.9975295,-0.31093544,0.2078777,1.9969584,0.04940171,-0.6520633,-1.8782625,-1.4238881,-1.4191602,-1.1335497,1.0128284
TCGA-V4-A9F0-01,0.08958839,-5.6190567,3.1244867,-1.1949337,4.0709896,-2.77893,-2.017206,2.8560278,-2.8436708,2.3555603,-2.4495597,2.2887247,0.86345565,0.12515725,-0.5897679,3.446156,1.3467019,-2.9050157,1.9779079,-3.3214266,3.1714442,3.2243118,3.0427284,0.09258922,0.42464232,0.6411502,-1.693915,-0.9218719,-0.21749951,0.12826578,1.9207982,-0.84715533,2.4414206,-0.2197095,-0.84998506,0.2583776,-0.42384216,-0.26320258,0.16118193,0.7311604,0.18948929,-0.5841621,-0.16267443,-0.44507393,0.33973625,-1.9213693,-0.44571605,-2.4158287,-0.3383072,0.72956717
TCGA-V4-A9EM-01,1.555594,-1.7968762,-0.711619,-1.669863,1.6819472,-0.8513145,-1.8437313,-1.2243968,-0.5510002,1.4444517,0.9367652,-0.43973753,-3.3201542,0.6858361,-0.16397019,-1.1385603,0.9052067,-0.64363265,-1.9854984,-1.4105009,-0.047574624,0.4938683,-0.20321587,-0.575189,3.2259464,-1.3754165,3.6929069,0.07386539,-1.5236045,-0.40984574,-0.31017926,-1.9872408,0.51744795,-0.94490534,-1.3722234,3.9443371,-0.5314265,0.12898573,0.066544846,1.1365393,1.066326,0.060305078,-0.42376867,-0.06403631,-1.1228331,-4.168673,-0.46179628,1.1126736,-0.15165447,-0.0970369
TCGA-V4-A9EO-01,-1.0690291,-0.44093642,-1.4489504,0.07169806,1.0288728,-3.0173223,1.304426,-0.87360084,-1.4755006,-1.6084497,0.10839974,0.40084693,1.2631291,-0.25718325,-0.2186739,1.4404275,-1.2404139,-0.63689226,-0.56432056,2.155948,2.6000717,2.481908,-0.01979826,0.17957614,1.084899,-0.951339,0.65339327,2.4512749,1.5440147,0.4332839,1.0373467,-1.8863885,-2.528663,0.14696367,-0.67734283,1.9448918,-0.48499927,-1.4489324,-0.011120009,1.3591129,-0.06402092,-0.8988577,1.5082192,0.08709715,0.28301498,-0.4526895,0.2824279,-1.2577677,0.88642037,0.67903817
TCGA-WC-A888-01,-0.98130584,1.5124342,3.7704005,-0.09729245,0.76296186,2.9632213,-2.6072733,0.88392437,-1.7789932,0.40742612,-1.7642803,0.8932778,2.5456803,-0.14348282,-0.011848305,2.3231168,3.2380207,-2.9506814,5.897928,-0.5017966,2.9864507,3.219481,0.045184407,1.2407304,0.007663874,4.037507,-2.1189766,2.4785893,-0.9909042,0.02198809,1.3854077,0.8058849,3.7915947,-0.78881514,-0.6671751,-0.7703288,-0.118731424,0.92322516,0.16404803,1.6761326,0.10811974,-0.5109689,-1.5380868,-0.35763878,0.6085295,-0.53568316,-0.28300038,2.7915845,-1.2297099,0.72892755
TCGA-VD-A8KD-01,1.546435,1.6427879,3.8020606,0.077757515,1.624559,1.4604536,-3.0121093,-0.23908937,-2.451837,1.4178728,-0.4537136,2.0692225,3.272895,-0.15352593,0.44251376,4.5906267,0.46083304,-4.1896706,8.043301,-1.0428197,3.2053018,1.2266113,1.4319024,1.6797454,1.4864137,3.44458,0.46037725,1.9503742,2.1010976,0.719287,2.7251108,-1.6536859,1.6372671,-0.45318124,-0.24656601,1.6791162,0.26076922,-0.80376315,0.20045383,1.0457845,-0.3336034,-0.43291706,0.7290387,-0.036050543,-1.0819843,-1.6315167,-0.6708235,1.8515376,-0.37356013,0.5592883
TCGA-V4-A9ET-01,0.4732542,-1.5351828,-4.2252336,-0.64338124,2.5531716,0.16641931,-0.36884212,1.7053089,1.4045576,1.5996052,-1.3212355,1.0930803,0.4879395,-0.22534329,-0.14175996,-1.1948614,-1.2285718,-1.1881045,-5.5437465,1.4335526,-4.0005646,1.560705,-1.13818,4.3635073,-0.75621855,0.12804794,3.5193257,-1.0446028,1.9159049,-0.5085218,0.12274296,1.0483323,-1.8285879,-0.2376556,-0.9708616,2.4824905,-1.131026,0.79647297,0.0126681,1.1904149,1.1773767,-0.44019666,-0.6658126,0.6124272,3.1768527,1.8222886,0.35253888,0.8633212,1.4647647,-0.07759679
TCGA-V4-A9EC-01,1.7493689,-3.040635,-3.770515,0.26066896,-1.3913451,1.2710674,2.2325084,0.52445734,0.55231804,2.8549192,1.1199394,-0.045279935,-0.122613594,-0.6540719,0.17094494,-2.198544,-2.1902523,0.36378488,-3.3081243,2.8760815,-2.1543412,-0.09475509,-0.28007343,1.6969166,-0.7096843,-2.5723178,2.7341626,-0.6549286,-0.9948509,1.224809,1.8264687,2.7210903,-0.3095727,-0.2856068,-0.45282415,-1.15067,-0.8376632,1.2196329,-0.07025427,-2.009173,0.53373706,-0.67157733,-1.3272519,0.98700905,-0.6582125,-2.6085124,0.05763149,1.6468579,1.322256,0.41037592
TCGA-V4-A9EQ-01,-1.6948187,-0.58714205,2.812771,-0.26630953,3.2145567,0.7372952,0.90952253,1.8717661,0.4045439,-0.2669202,-1.4539974,-2.6997178,0.2400429,-0.5863265,-0.14405236,-1.4150264,3.2202609,0.41065395,-2.3503263,-2.0688796,2.099024,-2.866461,0.35275152,-2.4439654,-4.342706,0.6127477,-0.47835097,0.90689653,-0.5538969,0.40886825,0.103586696,-3.5018463,-0.051073022,-0.7878257,-1.0905306,-2.0729756,-0.3140969,-1.1904284,-0.06050731,-1.6953163,0.5789036,-0.80524457,1.6695195,0.009359389,1.7001494,0.34135708,-0.3001263,-3.0003908,0.26101452,-0.40199164
TCGA-VD-A8KH-01,-2.5136101,-0.56798095,-0.62807685,-0.7859382,-2.474896,-0.9634477,0.057250336,-3.2272565,-0.54890394,-0.7990423,3.0560143,0.18135494,-2.5542166,-0.3249861,-0.84508395,1.6785353,-2.3915925,1.0903993,-0.96322185,-0.41208842,1.012094,2.5174809,0.27968383,2.3518507,2.0625863,-3.0601156,1.784012,2.3126285,-0.34556723,0.5242637,0.43759304,1.4382918,-1.5231642,0.013905827,-1.0887727,2.311485,-0.9119116,1.2026262,-0.3423239,-2.689469,0.57215774,-0.57224214,2.9933374,0.44812766,-0.73257643,-4.971829,-0.10425441,2.5003698,0.12775776,0.082504004
TCGA-V4-A9F5-01,-0.17845094,-2.1695466,3.4897466,-0.10181493,2.4955082,-2.6469934,0.24776709,0.79243755,0.79964375,-1.6642605,0.6502426,-1.2025446,0.95877373,-0.17174926,-0.7523934,-1.0255034,2.9698386,1.7962939,-1.8467197,-1.8969421,-0.97013855,1.7540306,-1.2049273,-3.2678618,-3.8747616,-1.5289172,-3.4092438,-0.7042116,0.32276788,0.76880974,1.5669945,-1.9283009,-2.3760824,-0.3634428,-0.8295513,0.18140136,-0.51737535,0.31194398,0.06142966,-1.1696445,-0.17240517,-0.7030782,3.6145315,-0.08271447,0.47579035,1.788438,0.15473999,-5.2948165,0.057447884,-0.5240812
TCGA-WC-A883-01,3.1621332,-6.017729,1.0922556,-1.775193,1.5796144,-0.016278751,0.29032457,0.18524966,-1.8688023,1.3522623,0.524267,-1.4213034,-1.191977,-0.093298174,-0.34036568,4.6334043,6.660385,0.55415046,2.7135255,-2.955788,-0.834105,-4.8820453,-0.081440136,-2.3877342,-2.0769403,2.5589528,-2.8019388,-0.6954534,3.5362546,0.7080527,-0.6261971,0.4040521,1.1630068,-0.7000012,-1.0635246,-4.244887,-0.7992283,0.20951286,-0.7040761,-0.8463152,-0.3212615,-0.047145747,4.641986,0.2756295,3.2598324,-3.3032393,-1.0188644,-1.125219,-0.89116526,0.5490654
TCGA-WC-AA9A-01,2.0826612,0.58117783,1.9350302,-0.34302652,0.47775722,-2.370321,0.0027821884,-1.1147405,1.0452818,0.7628002,4.8318443,-2.7114065,2.01933,-0.7687782,0.33200672,0.07697744,1.3101038,1.7406996,1.2391644,-0.9127526,-1.1696767,-0.069502324,-0.7390697,1.8254191,0.7693526,-0.77903986,-0.96144885,1.4190164,4.1932583,0.85967034,0.36591634,0.98397607,-1.3902823,-0.97502244,-0.9333836,-0.8043954,-0.91438943,-0.17200674,-0.09978773,-1.8123375,0.009631347,-0.6714295,5.263854,0.10028064,0.44506356,-0.032594733,0.3688393,-2.9680011,0.5141587,-0.12822609
TCGA-VD-A8KF-01,0.053351805,0.28540856,-0.064387776,0.14930934,-1.5318795,-0.279143,-2.3047047,-2.4706807,-2.408223,-0.53175503,2.0699563,2.0561438,2.328888,-0.2123122,0.47302398,-0.9855238,0.08656423,-0.2757279,3.7586799,-1.2958611,2.2958143,2.5649652,2.508202,-2.1095288,2.8931172,-2.2372215,0.10958168,1.0644276,2.5510602,1.2212774,-0.39571387,-3.3054066,2.4647074,-0.19716795,-0.3079405,2.2899632,0.15379043,-0.28695297,0.36198252,-1.36784,-0.675649,-0.659124,3.4132383,0.096736014,1.0483081,-0.33540538,-0.0049861968,-0.74494207,-0.18124354,-0.19343662
TCGA-VD-A8KG-01,0.6997729,-0.21874793,-2.641644,-0.28422323,-0.7921345,2.1757367,2.2691448,1.8658916,-0.4404869,1.4423033,0.37693185,3.1810186,-1.5684612,-0.36655426,-0.06307477,0.34355795,-1.1687487,-2.138381,-0.7453699,1.3694404,-4.3681664,-2.7237098,1.2144619,-0.60751444,-1.3792381,2.0497873,-1.4426142,-1.8968302,-3.0933332,-1.0950314,0.7767639,0.32221386,-1.0136389,-0.50755614,-0.5805816,1.0345657,-0.34236288,0.5332405,-0.79612756,2.1578386,2.3956673,-0.054476086,-1.6211991,0.38982737,-0.9235933,-1.7536048,0.9349183,3.8336842,0.767714,-0.59490484
TCGA-V4-A9EL-01,-0.7262213,-0.08398178,2.9848342,-0.6829523,2.129687,-1.1044282,-2.1029148,-0.080778584,-5.0310836,1.1412169,-0.64219743,2.553715,2.467043,-0.7916108,-0.69159174,4.09974,3.5667002,-1.0423405,7.26299,-3.3244867,1.6904608,0.58633655,-1.363521,-0.19196041,-0.76411974,-1.6990795,-0.89605206,0.33896774,-0.51441336,0.26651677,0.95070195,-1.7671734,1.0999013,-0.9376285,-0.6577343,-0.5190732,-0.38672885,-0.4796872,0.34861717,-0.6026274,0.2828797,-0.75142944,2.3902209,-0.93556726,-0.28459886,-0.64590985,0.40789488,-1.4174155,-1.3519677,0.4180149
TCGA-V4-A9E8-01,-0.0804799,-2.1366422,3.3588336,-0.8336177,0.23614113,-1.0470798,1.5629439,4.752919,-1.2374117,-3.2204797,-0.9630447,0.42236233,-1.3621649,-0.35533988,-0.2921867,2.8461359,3.8485804,-1.8344022,-2.1536775,-1.6238098,1.5120506,1.4391931,2.1814995,3.929763,-4.5038605,2.9036694,-0.043423068,-1.4837973,-2.852553,-0.13679129,1.9616967,-0.30069605,-1.8903817,-0.8252075,-0.42718828,-0.25987706,-0.53298235,1.3772017,-0.46864632,2.4983084,0.8434509,0.15929878,1.0021265,-0.79790246,1.8387859,-0.259736,0.52359986,-1.4034922,-1.1610363,0.23186035
TCGA-V4-A9F3-01,2.3492336,0.33069286,2.6639943,-0.97513354,-1.4129953,0.7695805,-0.42485458,-2.585761,-5.003731,0.09246929,-0.38361913,1.9773209,1.2504553,-0.0686703,-0.27334225,5.2654014,3.5563598,-4.66234,8.453243,-1.3440152,-0.35279638,-0.7121988,-1.6570097,-0.9500637,2.2073267,0.64694625,-2.0181682,0.30371648,-0.0013382584,-0.032680698,2.2152212,0.42014775,2.1222923,-0.6616658,-0.77157825,-0.49593082,-0.054257445,0.7386734,0.22137104,1.9899542,0.1955953,-0.09311281,1.9795283,-0.19603598,0.1291244,-2.1897736,-0.82014,-0.20992266,-0.90004027,1.2097722
TCGA-WC-A885-01,-4.110002,1.2236334,-2.3935997,-0.4163502,-0.22225553,1.0519192,4.220427,0.002034503,-0.43176907,2.392086,0.009365182,-0.58375627,-1.8396817,0.060916677,0.46159446,-2.4543648,-3.164786,0.93359375,-2.2403085,-0.5160382,-1.4308671,-0.87780434,-0.015697971,0.14386879,1.1137846,2.0899014,3.6210778,1.4957259,0.8905672,-1.3407825,-0.35346675,5.119732,-3.8461187,-0.13276075,-0.33927622,-0.82768464,-0.2191224,-0.41487533,-0.03272356,0.054717254,2.5195837,0.18674816,-4.0683403,0.32442933,1.44228,-2.2092054,0.6940466,1.7192214,1.0592809,-0.7867742
TCGA-V4-A9EK-01,0.18783927,-2.4674609,-2.832423,-0.40416163,-2.460175,1.2462915,0.5338777,0.40251115,-2.6390011,2.4414952,2.6396358,2.3382342,5.508036,-0.017694779,0.52499884,4.0993247,2.4426048,-1.4648889,2.0935042,3.0713642,-1.8645926,-0.09331575,-0.9853318,-2.229119,4.3117256,3.2989829,-0.4776957,0.72407025,2.8584788,-0.82645816,1.3056839,2.7199001,1.776459,-0.18036164,-0.55068636,-2.3709958,-0.57742554,1.1534663,-0.53335136,1.408524,2.1688478,0.020207897,2.502863,0.37976357,2.1149788,-1.088956,0.7808043,5.527927,0.91088104,-0.9762922
TCGA-V4-A9EU-01,0.6725795,-0.11167298,0.8281373,-0.66754204,1.3177139,-2.3540254,-0.8925069,-2.7717004,-4.301254,1.1276904,1.9119593,1.7350798,0.77035606,-0.10448031,-0.7292284,1.0790303,3.286393,-1.1552582,6.6562295,-2.7481732,0.063734375,-3.9957113,-2.6114583,-0.46593207,1.5052812,-2.758378,-2.6161795,-1.9470994,1.2658815,0.49542162,1.4358251,-0.7931508,2.0977032,-0.9445114,-0.99828964,-2.6142836,-0.5524173,-1.3831773,0.23830257,0.06685817,0.41477504,-0.041815307,3.397853,-0.24206175,1.8024914,-1.4754659,-0.66981447,-3.1966724,-0.62675345,1.0629967
TCGA-RZ-AB0B-01,3.1337693,-2.752167,1.7603062,-0.99369407,3.0890903,-2.2150233,-1.2086387,-1.0454391,-3.770852,0.6442325,-0.124060825,0.9487321,0.7057588,0.16225071,-1.0170355,2.4445634,2.180466,-0.7958026,4.868283,-3.0785754,0.41697666,-1.8335994,-0.926566,-1.5122479,0.23387231,-0.95549715,-2.1197984,1.0282599,0.8914379,0.3191165,0.90301126,-0.70294863,0.7021709,-0.5719917,-1.0633754,-2.1401377,-0.637219,-0.68632835,0.060311902,-0.79452133,0.7485556,-0.48193657,4.6836157,-0.38468125,0.471598,-1.8833284,-0.34140688,-3.3635497,-0.83540976,0.9144723
TCGA-V4-A9EX-01,3.021709,-0.8590344,-0.55402285,-0.67384315,2.1973057,-3.0887609,0.9239919,-2.1853142,-3.0968018,-0.7123611,1.5933454,-1.3400131,1.5117059,0.075468145,-1.0025462,4.7772374,2.1269355,0.6669538,3.2703364,-0.8444344,1.3849232,-1.7025332,0.34522852,-1.7378651,-0.9390366,-2.7468584,-4.1297827,-0.8301519,2.5596633,0.30923685,2.910864,0.9639382,0.9443606,-0.3199853,-0.83327574,-2.6423068,-0.4842336,0.96042395,-0.12159652,-0.35569036,0.36093616,0.22870858,3.5429983,-0.44745928,0.6739312,0.73310333,-0.10493657,-2.399498,-0.82665884,1.2250384
TCGA-WC-A87W-01,0.9590024,-7.710202,-3.0655081,-0.66643393,-1.5253522,-2.1213787,-2.3828666,0.6729562,-3.5551193,2.4346154,3.22265,3.489537,3.3469973,-0.007115314,0.2003176,3.2586112,0.84500706,1.5259451,0.19817701,2.0544624,-1.8862482,4.5852623,-3.0756755,-0.7963637,5.3852606,-2.358245,1.0854125,-1.263529,1.1985968,1.2435802,1.7064686,2.3512418,-1.3116157,-0.41937327,-0.64657414,3.5309207,-0.64764625,1.7195668,-0.27273577,-0.7779544,0.7693571,-0.65288144,9.07048,0.10105127,1.9535356,-2.670086,-0.12835778,2.422858,1.2155994,0.5966972
TCGA-WC-A87U-01,-3.890948,-3.7062447,-0.9898704,-0.2055431,-3.7422986,0.43825802,-0.056165434,2.9887223,-1.1615065,1.8494068,3.1401253,1.3183501,0.9989978,-0.3306868,-0.071823336,2.5320644,-1.669698,0.8270557,0.5697531,4.677269,1.0978812,-0.06213725,1.3553423,4.148474,4.599073,-2.5316923,0.2394499,1.7980175,-0.058491074,0.7723166,0.889054,2.829864,-1.7771794,-0.622459,-0.8651699,2.9502528,-1.0364552,2.1059017,-0.39422163,-0.7236667,1.2932832,-1.0733044,1.6792362,0.36625397,-3.0916798,-1.5349387,0.056669902,3.7722797,0.97111946,0.7637119
TCGA-VD-A8KK-01,-1.4747471,-0.8796009,2.2305708,-0.85600954,2.8930843,-0.47886038,0.32659364,1.8364754,-0.38950822,1.236449,-0.6838411,0.2850832,-0.905246,-0.103064805,-0.66129506,0.3023404,2.9231725,-1.6785492,0.753128,2.3970842,4.6770773,4.1134396,3.4250247,1.39884,-1.8518842,1.5613995,-0.9902621,-0.27884918,0.58745706,0.03624667,1.2267666,-3.0504787,1.9829047,-0.611172,-0.7715588,3.1817548,-0.17620265,-0.45362294,0.54616076,-0.12760928,0.25479722,-0.6401387,-1.2615637,-0.43355143,-1.5563564,-1.0062485,-0.15994543,-2.298949,-0.28024954,0.045178294
TCGA-V4-A9EV-01,1.313094,2.5560088,4.4665728,-0.24704048,0.07764225,2.3309963,-2.7467024,0.10818435,-4.4306464,0.45332426,-0.7305678,3.3315709,3.156083,-0.70159745,-0.08150275,3.2200444,2.7260633,-3.851427,9.641095,-2.673304,0.4657014,-0.23290808,-1.5280061,-2.1704147,1.9171776,2.5315175,-0.5434877,-1.1588966,0.7432705,0.39729637,1.2871097,-1.1774582,3.0373492,-0.99389595,-0.4105908,-1.7183197,-0.43853292,-1.165149,0.14558813,0.91314995,0.43231893,-0.85105103,0.8161623,-0.5108995,0.15008146,-1.0269147,-0.008543437,2.3954551,-0.7428486,0.10104014
TCGA-VD-A8KO-01,-1.9698067,1.8321503,-1.2854891,-0.008494971,-3.7657971,-1.2579597,2.1308715,-1.1137106,-1.7991043,1.0947013,3.899987,-0.6573116,1.6734421,-0.635361,0.86207837,1.6154146,-5.112263,-0.5928779,-1.1190962,1.6245719,2.8373811,-0.93247473,-1.0307752,2.1704361,4.9042845,-3.327217,-0.44413248,0.55600137,2.6537488,0.7333916,2.3805473,1.5035615,-3.8810263,-0.21528582,-0.64313424,3.1958408,-0.23534134,4.3029323,-0.73599416,1.2729359,0.7690579,-0.6400061,1.263961,0.59856826,-5.581937,-0.18335028,0.5359378,0.8363569,1.2342749,0.3228534
TCGA-VD-A8KN-01,1.2065933,-1.9773378,1.2518741,-0.49646518,-0.5372457,-0.34891474,0.5815267,0.06740845,-4.0942254,0.6407147,-1.2375778,2.982192,1.051093,-0.02954052,-0.22216283,1.1784632,2.4422185,-4.1341887,4.4740896,0.14964427,-0.0008864701,1.2405828,0.8610362,-0.7450026,1.3214884,1.3097302,-0.01272466,-0.90185654,-1.233891,0.4238897,1.3671662,-0.925053,2.501921,-0.07284554,-0.64180905,-2.2676578,-1.1213624,-2.3657038,0.25083968,0.58182603,0.47387725,-1.0270814,-0.13503937,-0.16712934,3.1763103,-1.4020339,-0.11332673,0.63219154,0.43923947,0.6348374
TCGA-V4-A9EW-01,0.51852727,-1.7350359,-2.3557765,0.03544634,-2.1285264,1.958105,1.3853433,-4.12352,-0.4165371,1.7190452,1.8230155,2.7505825,-0.8804008,-0.2711763,-0.008197155,1.6881486,-2.3449285,0.36960676,-3.5881984,1.2146542,-3.8876848,1.4151253,-1.462848,-4.254013,0.20120992,-2.0231686,3.7438202,0.36815572,-0.38135183,0.9434495,2.714512,-1.3128376,-2.6672091,-0.1305381,-0.33249274,0.48178196,-0.99212444,0.6012832,-0.37857285,-1.711048,0.461356,-0.3758524,2.4914784,0.7078998,0.50383055,-5.1647935,-0.42570546,3.7113268,0.953019,0.56240726
TCGA-V4-A9E5-01,1.1618295,-2.8100328,-0.50699383,0.23435882,0.36416292,4.4372597,0.7807555,1.7521855,3.3042452,2.8418202,0.07265288,1.5416077,-2.098663,-0.37906757,0.22718234,-1.2520695,-1.2980299,0.46302426,-2.6289454,1.9541353,-0.5013094,0.28127038,-0.39434862,-1.9309982,-1.3108842,-1.5380563,0.9011917,-2.2681594,-1.8029431,0.38534424,-0.35253856,-1.244373,0.33105513,-0.11702161,-0.6238309,2.293563,-0.8384228,0.57632315,-0.2877344,2.9135182,1.46608,-0.6293982,-5.014774,0.7150534,-0.78622115,-3.1854942,0.20968461,0.4803938,1.1436474,-0.28341436
TCGA-V4-A9F7-01,1.1208752,-1.6389732,-0.6952669,-0.09877147,-5.8327684,0.700381,2.7319884,-0.44123706,-2.5484402,2.4061015,5.724241,1.1436375,-0.67651,-0.25631964,-0.19435418,2.9647493,-1.1184661,0.15008157,0.63246,3.1087096,-2.7062502,-0.14753082,0.74875957,1.119549,5.606575,-0.018188024,-0.740733,-0.90533644,3.331495,0.29341444,2.1315784,4.57927,-4.234691,0.08242561,-0.38057253,1.152627,-0.5282685,3.3422391,-0.56182474,1.0896153,0.82202786,-0.28904244,3.3256335,0.52269524,-3.3254464,-1.2054323,0.6087669,3.3449917,1.003145,-0.26781803
TCGA-V4-A9EA-01,-2.7814133,-1.6662258,-1.1258491,-0.5907249,1.6348412,0.75612116,2.1846344,1.2029984,1.6162248,1.3826836,-0.75250906,-1.6233282,-3.3144295,-0.5087324,-0.06954206,-4.038533,-2.6446347,-0.53380054,-4.88444,-0.13072765,-0.7205869,0.2718425,-0.13921088,3.1253083,-2.0549562,-0.43924952,2.5505726,0.49990472,-0.63459957,-0.19319226,1.0113193,1.6870666,-0.90085566,-0.89459795,-0.45292956,0.7750349,-0.99382615,0.43645844,-0.32610825,2.5703123,1.2715106,-0.82479787,-2.4664874,0.275813,0.09977647,-2.8805523,0.69602257,-0.06278439,0.6853714,0.07606091
TCGA-WC-A884-01,0.19507974,-4.116846,1.19989,-0.8057071,-1.2688751,0.8885569,0.68523276,0.6105412,-2.079266,0.46110702,-2.1994047,2.3057961,-2.2698743,0.61003923,0.35244635,3.9332983,2.3316345,-4.2196755,1.3432508,1.8971323,-0.80974466,-0.7529434,1.0719801,1.0722104,3.1528163,2.4074574,-0.052454103,0.38288835,-2.863109,-0.41676354,0.53614914,2.466287,0.3868121,-0.5275545,-0.7838902,-1.0752039,-0.4484097,1.9007117,0.15121986,1.9703658,1.4092329,0.32571125,-1.4607376,0.059208896,-2.7305498,-2.996409,-0.7027558,1.5074563,0.19138707,-0.013978175
TCGA-VD-A8KB-01,-0.19295573,-1.0235062,-2.9460502,0.19803628,-1.3434423,0.60621476,1.4970071,-1.2241579,0.90359074,2.3352876,1.9699434,1.604238,0.84930766,0.03231641,0.079299554,-0.3516164,-1.4991078,0.8128646,-3.9039783,1.5040642,-2.9470513,-1.0789943,-0.63446987,-0.20869324,0.70516425,-1.0268797,2.4732184,0.50176466,1.1820023,0.64094573,1.1618059,1.2227441,-2.0201795,-0.11405367,-1.1056828,-0.11621475,-0.36715105,-1.1038424,-0.37315533,-1.2497269,1.0845326,-0.82862014,0.27466556,0.6110068,-0.76552635,-1.3421698,0.53312075,2.766826,1.5952593,-0.6626284
TCGA-YZ-A982-01,1.6590747,-3.029966,1.1163602,-0.6345256,-1.1004456,0.9325534,0.44484916,-0.11177396,-0.069794975,0.36747366,-0.22221391,-0.22154136,0.15925992,0.19326875,-0.4282371,1.3815691,3.9413004,-0.68247557,-1.1199156,2.296839,-2.3208354,0.24622023,0.52667105,0.58546215,2.2455404,2.21697,-0.560882,-0.7484907,-1.096948,0.5403542,-0.8689258,2.5783637,0.65725106,-0.22885913,-1.2801477,-1.1480317,-0.5656143,0.7157668,0.26799348,2.313625,0.7171688,-0.1561392,0.3021215,0.66793454,1.5798594,-0.3938298,-0.59713763,0.4979991,0.06988663,0.10504774
TCGA-YZ-A984-01,1.4601384,-3.9539552,2.4675503,-0.5995727,1.7667023,-1.4757113,1.3407668,2.4923093,-0.48550364,-1.8576072,-0.57396114,-0.023475168,-1.173789,0.38731,-0.7323836,-1.2489301,1.8770806,-1.6020464,-2.3350132,0.7478591,1.1197971,0.4604829,0.72808844,-1.7901527,0.256551,1.2406222,-0.49463505,0.50880784,-0.7682996,0.53555703,-0.84388965,-0.9702887,2.0140896,-0.01482865,-1.1849326,-1.2080394,-0.668808,-2.0928688,0.25178793,1.245232,0.4702134,-0.70913845,-0.7051597,-0.26040414,0.36752442,-0.07443515,-0.17361456,-1.3538309,-0.18224025,0.48224136
TCGA-VD-A8K8-01,1.8667997,2.192633,2.7701151,0.28105208,0.5820149,0.4756501,-1.2777429,-1.4094262,-3.2060575,0.5930885,0.046282366,1.4664041,1.7767746,-0.30035165,0.94030833,0.99454105,2.142412,-1.8477108,6.409976,-0.64975333,1.1728933,0.35966995,-0.6198584,-2.5348783,0.6784299,0.53758657,-1.2353194,0.46914417,0.8190738,0.44869205,0.949621,-0.3333547,3.1109512,-0.568038,-0.5557064,-1.1626936,-0.037830643,-1.6602149,-0.006754512,-0.33288726,-0.13455895,-0.6096725,0.43200836,-0.04184049,1.0449516,-0.83439934,-0.31279638,0.23399521,-0.41074622,0.03657357
TCGA-YZ-A983-01,0.65875936,-0.5238674,-1.0134892,-0.26794505,-4.7898293,0.10395295,2.2106333,-0.112383544,-2.3209465,1.2666419,3.3250418,0.7553078,-0.4107792,-0.39476493,0.037531726,2.4954646,-2.006191,-0.9937649,0.96862876,2.2531261,-1.4951682,-1.0064247,0.24303216,1.1893072,3.1465247,0.19603208,0.20204331,-0.47746772,1.3926173,-0.14105576,3.0774553,4.1666565,-2.5290132,-0.21461327,-0.28682977,-0.16679253,-0.44893032,2.49959,-0.48666734,0.87296784,1.3895553,-0.59431016,0.64602524,0.23636536,-3.7138896,-1.2639228,0.46917203,3.3327453,0.6000483,-0.00067865313
TCGA-V3-A9ZY-01,-1.6651276,-2.3717065,-0.6218916,-0.10157827,-1.4587659,-0.17286591,0.5702754,2.4263635,-0.07656687,2.212535,0.77482074,0.92760915,-1.7573014,-0.194367,0.05822085,-2.113802,-0.5577868,-1.1389693,-0.9439618,3.7455442,0.86018586,1.5096464,0.70206654,2.2001796,0.2767984,0.30206552,2.2073138,1.9378805,-1.4533378,1.0246916,1.1822709,1.706661,0.3957244,-0.50691026,-0.9334046,1.1128513,-0.58254164,1.2277848,-0.011294339,0.41888404,0.9660252,-0.7315504,-0.7470427,0.5433348,-2.5599442,-1.2364814,0.077762395,1.8121611,0.38698572,0.22018135
TCGA-V4-A9EE-01,0.6044386,-1.632605,0.52958655,-0.6607461,1.486671,-1.850973,-1.1737247,-1.7481147,-4.050671,0.13293317,1.520712,1.2948933,0.91670704,-0.49499175,-0.14126095,4.8714743,1.2445874,-1.1101421,5.42009,-1.6825565,2.0522845,0.23575234,0.5977422,-0.36949283,1.1803688,-0.5349759,-1.3934891,1.4555384,2.9760032,0.35540876,2.6864903,-0.46656674,1.7479517,-0.5836479,-0.74296784,-1.0258375,-0.22545221,-0.21360871,-0.15513727,0.72505295,0.49535057,-0.04766513,4.779421,-0.15927385,1.3847437,-2.7809484,-0.27616027,-0.7322372,-0.44362745,0.5963378
TCGA-VD-A8KA-01,-2.319662,-1.1691701,-1.4576559,-0.09488197,-2.177409,0.7205901,1.3639256,-2.5182068,-0.33540377,1.4684367,2.0028915,1.7157243,-0.29847834,-0.39945182,0.31337318,0.2232897,-1.3480072,0.6494412,-2.7623253,-0.036607407,-1.068427,0.253885,-0.08588629,1.8359474,1.5410073,-0.9684857,2.4804661,1.9780215,-0.38944608,0.6341629,1.0950036,2.1584802,-2.9728215,-0.53893185,-0.9203334,0.6518755,-0.88574797,-0.40640435,-0.44269544,-1.500758,1.4060651,-0.52533185,2.1209638,0.50553966,0.42029816,-3.1848776,0.6139136,2.9520938,1.5898687,0.15214075
TCGA-V4-A9F2-01,0.94024616,-5.664579,-0.334764,-0.2698497,-1.96454,1.1411655,-0.44971588,4.1637745,-0.62967134,2.112832,0.94869256,3.028911,0.52564836,-0.033952676,0.048607506,1.511015,2.063872,-1.7477083,-0.53988373,1.0580202,-1.1896884,0.15690707,-0.7669004,-1.4354649,1.7119238,1.2716714,0.89806604,-0.4661257,-1.6358602,0.66291857,1.4713879,-0.5719961,0.88488144,-0.24275176,-0.6953456,1.1093454,-0.81210566,-0.45198467,0.05630521,0.40226087,0.62731874,-0.78835964,0.30259714,0.19011776,0.46880767,-2.5554235,0.15564546,3.2249355,1.0563476,0.509666
TCGA-V4-A9EF-01,-0.43953204,-0.18180749,1.122659,-0.7495135,1.823015,0.08478165,0.9508631,0.2448712,-0.5527718,-0.25972143,-1.4653792,-0.3044984,-0.3586828,-0.39696026,-0.66846734,-1.8794155,0.5245879,-1.0287728,-0.3309969,-2.0286183,2.3057206,1.0172864,1.4800681,-0.9447608,-2.282819,-0.49046716,-0.41665003,-0.3628492,-0.047653086,-0.5636393,0.20088917,-1.4028214,0.97312903,-0.7908686,-1.2794458,0.10613939,-0.3207946,-1.0707616,-0.09013751,-0.7420947,0.4744331,-0.83227044,-1.0053091,-0.62423396,0.6502621,-0.08922876,0.41271845,-2.1235597,-0.37825444,-0.36155266
TCGA-V4-A9E7-01,1.0597497,-0.9186959,1.5358254,-0.44593772,2.8721776,-2.1876543,1.6305622,-0.19907275,-0.236251,-0.39354536,0.84897876,-1.9286305,1.1696771,-0.1858213,-0.6520868,-0.36204147,2.2556188,1.6463445,0.5318502,-2.952661,1.7452475,-3.9078505,-0.58817214,-0.6199155,-2.7085216,-0.72275084,-1.7705046,0.7613331,1.091182,0.5168431,1.1264447,0.06578143,-1.1176212,-0.8055811,-0.74326247,-3.022341,-0.61407894,-0.23887715,0.026686765,-2.231218,0.4008747,0.0714382,2.3401067,-0.65204686,2.7174597,1.7103717,0.55433553,-3.7202997,-0.21040326,-0.7443146
TCGA-VD-A8K7-01,-2.776931,-0.08231945,-2.8967636,-0.123766385,-3.5330076,0.27581292,0.5354718,-2.2466664,-0.67483073,2.7258275,3.7866874,1.1767275,1.6669042,-0.5596724,0.42950416,0.28486043,-4.530277,1.240181,-1.3980949,1.4863886,0.85966295,1.6648669,0.5990826,2.3455553,4.295797,-3.5174615,1.280807,2.436022,1.5988104,1.0701661,1.9553452,2.1840332,-3.7956219,-0.24282952,-0.4290912,1.4101697,-0.87581384,1.5646064,-0.42933083,-1.5879407,0.51171434,-0.59787256,3.5319657,0.6627024,-3.1813867,-2.8955946,-0.22646046,2.4301815,1.0959527,0.57230705
TCGA-VD-AA8R-01,1.013998,-4.4600754,-0.74610376,0.09253713,-4.0675173,-1.1147132,-1.6477478,1.5824219,-2.0341904,1.2917534,2.2075071,1.8433996,0.09041307,-0.14003931,-0.15660648,-1.182499,-2.1942327,0.43322477,-0.7308609,3.6899137,0.68473744,0.17538756,0.76039904,-0.013845132,2.5272353,-2.8886151,0.26709142,1.4268612,-1.2479326,1.0633047,1.2403245,1.703417,-2.418304,0.11316685,-0.3719996,-0.22189514,-0.49798608,2.1513987,-0.1171559,-2.6008766,0.6989165,-0.27884775,2.8970032,0.6997685,-2.8345263,-0.18843359,0.011012338,2.517933,0.79655725,-0.052318733
TCGA-VD-AA8S-01,-1.9714729,-3.3081696,-1.4493823,-0.40745795,-0.18953262,-0.97552747,1.8537704,1.3991457,-0.6410508,0.76582074,-0.91011775,1.2141411,-0.91141415,-0.25443137,0.30739215,0.092623666,-1.0270706,-2.2119792,-2.8732505,2.2147079,0.20719233,1.6072619,0.7584386,3.7343075,0.6740782,1.1718804,1.742147,2.414962,-0.8624582,-0.02595742,0.7964439,4.501117,-0.35216552,-0.27705738,-0.5103186,-0.0090438,-0.57743526,1.8665483,0.013079754,2.2936687,1.1941632,-0.28484857,-0.71819794,0.19165191,-2.6881592,-0.8972681,-0.06000613,1.556768,1.1262994,0.27875298
