,0,1,2,5,8,13,14,15,17,18,20,22,23,24,27,0,1,2,3,4,6,7,8,9,10,12,13,14,15,16,17,18,19,20,22,23,24,25,26,27,28
TCGA-OR-A5LC-01,1.4255902,4.015417,-1.2596921,-2.1974087,3.2322273,-0.049951784,-0.6636368,-4.2760453,2.1792438,-0.13450582,-0.027874423,0.17803797,-0.17599238,-4.301115,2.468116,8.543113,7.232112,-9.173579,-6.2018557,-3.438753,10.411808,8.79758,-8.870648,-7.9606867,9.177005,-8.922009,-9.78299,-11.008129,-8.043917,-6.1161265,8.592986,-7.5238605,7.6001024,9.048548,-9.917098,-6.9480515,8.882695,7.610516,-9.030756,-6.8175488,3.0852826
TCGA-OR-A5JJ-01,2.0907006,5.183169,-2.4402993,-2.371716,3.774255,-0.38117355,0.117925994,-5.273831,2.3504086,0.012238455,0.06031164,0.4255805,0.5732416,-5.2951407,2.2907474,8.811272,13.979345,-9.559227,-17.543196,-16.001709,8.593839,11.11547,-3.9636853,-8.222999,3.531459,-9.634042,-14.509522,-13.608641,-11.11091,-6.176369,11.527139,-8.309289,11.121277,12.725106,-12.84427,-9.873996,1.9915336,7.034253,-0.6494105,-9.563289,11.753435
TCGA-OR-A5K3-01,2.1909108,3.4656632,-0.8985152,-0.8560707,2.4672418,-0.07475835,1.3833513,-1.6038511,1.0650054,1.3819455,-2.6203487,-0.7974332,2.2405407,-3.0272882,3.4874012,-0.35781607,19.88261,-6.4212384,-29.039694,-27.466734,5.2754364,16.342031,12.24531,-8.410138,-11.120447,-0.85213375,-19.33673,-14.086288,-2.7966335,8.239728,15.8181,3.4919488,5.8782454,4.8434863,-23.395199,-14.98984,-17.540083,-1.589591,17.471012,-11.907556,32.011803
TCGA-PK-A5HA-01,2.6945777,2.1391618,-0.20196806,0.6184503,1.352367,0.057749696,2.279828,0.9008217,-0.18786874,1.7384417,-4.1490417,-1.3178728,2.8325026,-1.4977871,3.3644066,9.173173,15.797554,-10.106409,-20.771927,-19.279362,8.34446,11.927446,-2.9213352,-8.6126,2.4505587,-10.119422,-16.165043,-14.809511,-12.211901,-6.606558,12.404643,-8.843628,12.70134,13.91054,-13.864899,-10.959146,0.5321163,7.0177774,1.2229933,-10.466539,14.277843
TCGA-OR-A5LN-01,2.6365333,2.9523287,0.28032553,-0.8094128,1.6910146,-0.19477198,1.7112402,0.23099394,0.28584588,2.5762086,-4.3830457,-1.4322517,3.059674,-2.0462031,5.012468,-5.5608244,13.547253,-5.098141,-21.197681,-16.377432,5.383771,15.851595,13.251548,-7.2765703,-11.82819,4.205882,-15.846772,-10.115667,5.926423,15.712899,14.136073,10.601259,-1.6311435,-4.0720816,-25.314672,-13.624781,-18.390463,-5.08154,16.4756,-10.353025,30.174744
TCGA-OR-A5JA-01,3.028579,5.209503,-2.011442,-1.2285216,3.912183,-0.22934534,2.147642,-3.1668563,1.5707209,1.7136887,-2.912432,-0.859076,2.9281363,-4.631259,4.16498,9.821866,11.114353,-10.811096,-12.3703985,-9.474906,10.545028,10.649469,-8.31184,-9.125507,8.172418,-10.717486,-13.142587,-13.855818,-11.588903,-7.7531657,10.805186,-9.432932,11.3033085,12.323677,-11.969004,-8.964439,7.1233344,8.816646,-6.366094,-9.39686,7.165845
TCGA-OR-A5K0-01,2.49227,1.9760022,-1.5142646,1.26786,1.4611222,0.080237985,2.9622972,0.17709251,-0.4653623,0.7585433,-2.7160976,-1.0009058,2.564793,-1.8146075,1.2496034,13.0219345,6.6124816,-11.197016,-5.4449015,-1.8935045,11.161299,8.182665,-16.063032,-8.25914,14.560611,-13.392783,-8.535033,-12.025238,-13.3344145,-14.073486,8.257228,-13.9234085,11.562297,13.828352,-6.5035405,-6.0142508,17.670345,11.76984,-15.637739,-7.491442,-4.4830365
TCGA-OR-A5JY-01,2.8010533,2.6718214,-2.3591177,1.1576108,2.162328,-0.060723186,3.407268,-0.89137065,-0.29762152,0.56158626,-2.2772036,-1.0929198,2.859552,-2.7240791,0.99229866,11.523479,7.7072954,-10.476201,-7.2273655,-4.1286745,10.54587,8.560416,-13.029884,-8.294686,11.856067,-11.907671,-9.516376,-12.055567,-12.076159,-11.379382,8.879308,-11.897412,10.85901,12.869541,-8.089033,-6.668523,13.613893,10.372967,-12.005227,-7.6222863,-0.7316186
TCGA-OR-A5J9-01,1.6849034,1.8130922,-2.714037,1.1089522,1.5680947,-0.5183528,2.6185136,-1.3882612,-0.38362813,-0.4100916,0.19242,-0.3829672,1.8599185,-2.1441207,-0.93426436,12.859401,8.030768,-12.005796,-7.806115,-3.7912507,11.844702,9.230183,-14.864689,-9.198604,13.759057,-13.67903,-10.400007,-13.413517,-13.67252,-13.163749,9.271004,-13.4155245,12.506594,14.195074,-8.577587,-7.081703,15.5284195,11.662311,-13.949956,-8.963749,-1.5676441
TCGA-OR-A5K4-01,2.6224592,4.5936675,-0.78353363,-1.95515,3.1989057,-0.1208819,1.3545394,-2.2504795,1.6616611,2.0330284,-3.1543803,-1.1428876,2.6125677,-3.8235178,4.8905215,-0.13727473,12.362187,-6.5858655,-16.019987,-12.939223,7.9081874,13.559942,5.966337,-8.4267435,-3.9287212,-1.0213296,-14.673311,-11.78331,0.13967867,7.9516563,12.847052,3.8479295,2.5971658,1.6796696,-20.346062,-11.909396,-9.312506,-0.29906523,7.6097026,-9.077599,21.914042
TCGA-OR-A5L9-01,2.509226,1.7953136,-0.6668756,1.1130993,1.301561,0.21542285,2.4702961,0.79066956,-0.30466178,1.0993085,-3.4389565,-1.1127076,2.4996004,-1.388177,2.124064,-5.962132,13.195301,-4.5132837,-21.033415,-16.27538,4.871342,15.564796,13.647242,-6.806841,-12.511917,4.599489,-15.144857,-9.134472,6.373082,16.076591,13.981805,11.11488,-2.289956,-4.542252,-24.876827,-13.186858,-18.644194,-5.586641,16.779573,-9.915148,30.145832
TCGA-OR-A5KV-01,1.6190073,4.7484937,-2.0530806,-2.4457653,3.7894971,-0.26274186,-0.7824821,-5.5136766,2.6543303,-0.4230439,0.6570063,0.5271583,-0.35484332,-5.1941004,1.9484683,5.78951,9.2272215,-8.786018,-9.733298,-6.7920585,10.408274,10.584963,-3.6322954,-8.317844,4.9466496,-6.441738,-12.066363,-11.851673,-5.10618,-0.83428633,10.116627,-3.3197775,5.9578495,6.584187,-14.196732,-9.024614,2.2761467,5.100905,-3.5310194,-7.8388023,10.423413
TCGA-OR-A5KY-01,1.9039346,2.2395637,-2.5306423,0.9023472,1.9226067,-0.51500684,2.4678898,-1.7626222,0.097442634,-0.16384283,-0.45318487,-0.5241173,1.9560232,-2.5937464,-0.17245428,8.203286,12.045731,-10.298768,-14.018174,-11.1034155,10.41793,11.44947,-5.363632,-9.081403,5.84234,-9.147255,-13.973028,-14.007785,-9.727364,-4.777378,11.447099,-7.028351,10.1668005,10.766007,-13.911488,-9.936779,3.4389048,7.371752,-3.268891,-9.648618,11.135481
TCGA-OR-A5K9-01,0.7579169,3.4629424,-0.5333698,-3.1410413,2.7960582,-0.004549972,-1.9942652,-4.4078565,2.3067508,-0.3877833,0.9219297,0.3543976,-1.5716001,-3.9470847,2.7196374,11.652454,7.7062435,-11.030868,-7.139209,-3.7413948,11.162455,8.932787,-13.462963,-8.673148,12.52549,-12.275408,-10.00677,-12.552094,-12.26546,-11.448652,9.02615,-12.033395,11.214599,12.957554,-8.416304,-6.7021055,13.8895645,10.600888,-12.692175,-8.106799,-0.4686367
TCGA-OR-A5J2-01,1.8056793,1.6468575,-1.1700522,0.76855963,1.3744953,-0.028875936,1.6974736,-0.5434428,0.124199584,0.17787455,-1.6722981,-0.531094,1.7599434,-1.752726,0.91032314,-5.420145,8.003979,-2.7517073,-13.241219,-9.441198,4.005239,11.506205,10.219597,-4.5116544,-9.41959,4.703586,-10.452605,-5.679664,7.4092712,13.985662,9.767539,10.056664,-3.9869692,-5.7171435,-18.766901,-9.375401,-13.613683,-5.022767,12.02614,-6.498071,21.512533
TCGA-OR-A5JD-01,2.0675,1.9650135,0.42421007,-0.30670306,0.9909821,0.029581606,1.433677,0.8639564,-0.07675828,1.9326439,-3.7319076,-1.2335222,2.3601224,-1.1672119,3.9744542,-4.6546,12.339121,-5.295239,-18.753746,-14.020265,6.0354805,14.940567,11.235491,-7.3620133,-9.568969,3.1852217,-14.95026,-9.9408865,5.315262,14.34145,13.312423,9.463188,-1.239431,-3.4749956,-23.909758,-12.900002,-15.944356,-4.2170544,13.630932,-9.806577,27.556114
TCGA-OR-A5JX-01,2.388943,3.3467886,-0.76101935,-0.62250173,2.3463035,-0.10302285,1.5142983,-1.2353048,0.9532002,1.523104,-3.0375957,-0.9083076,2.558316,-2.8944733,3.6739404,-1.7462316,14.849115,-4.5981493,-22.200539,-20.27696,4.2608542,13.651565,10.678159,-6.622524,-10.129205,0.63023925,-15.209628,-10.153376,0.34856227,9.224664,12.980367,5.0414634,1.9129955,1.744948,-20.397686,-12.187212,-14.675965,-2.6598594,14.002744,-8.830429,25.964256
TCGA-OR-A5KZ-01,2.6309936,4.5515203,-1.143631,-1.5150753,3.2199905,-0.090674445,1.5517396,-2.3681023,1.6242061,1.7245916,-2.9755223,-0.9552284,2.5969777,-3.9119844,4.356431,4.189923,14.438195,-7.1712584,-19.12163,-17.954967,7.0014043,12.027355,2.9089608,-7.706488,-2.4790452,-4.9165516,-15.074221,-12.335431,-5.7352705,1.1151621,12.208964,-2.0024557,6.9110737,7.8170824,-16.368937,-11.043146,-5.7972665,2.585056,5.8225055,-8.859526,18.515797
TCGA-OR-A5LB-01,1.7325419,3.0815098,-0.67128277,-1.1028805,2.3467352,0.112716064,0.5039419,-1.9656829,1.3706713,0.6858008,-1.7731233,-0.47807434,1.3889709,-3.0136597,3.0220473,7.4251137,19.131292,-9.42544,-25.53217,-24.80006,7.9326735,13.860214,1.8369129,-8.815956,-1.7167754,-8.327285,-18.548672,-15.921289,-11.149155,-3.0866246,14.226524,-6.2963514,11.910538,13.136017,-17.138586,-13.006716,-5.14163,5.166951,6.73515,-11.48058,21.371197
TCGA-OR-A5JR-01,3.030991,1.9052918,-0.43869054,1.461257,1.2266438,0.30010945,3.15698,1.763631,-0.618327,1.7487962,-4.6752315,-1.5568585,3.0197675,-1.1952912,2.8937566,-3.6622653,16.150621,-4.3075404,-25.170422,-22.456375,3.725304,15.16873,13.775773,-6.98742,-13.133983,2.495088,-16.433504,-10.564558,2.0335083,12.267671,14.255103,7.5610094,1.0892465,-0.027149701,-23.256052,-13.533981,-18.72791,-4.382725,18.121382,-10.040436,30.194195
TCGA-OR-A5J6-01,2.1015875,3.412705,1.0947424,-2.7364008,1.685506,-0.15150645,0.58688843,-0.4913078,0.8889656,2.8552208,-3.2648668,-1.6679959,2.163725,-2.4814184,6.2669554,-8.353148,10.622083,-2.52185,-19.092453,-14.076876,3.0652075,14.471243,15.212321,-4.770116,-14.929408,7.3503523,-12.788833,-6.0898185,10.109342,18.941536,12.250599,14.0143585,-5.7148395,-8.167677,-23.74949,-11.806314,-19.953398,-7.7695785,18.543924,-8.383371,28.937984
TCGA-OR-A5J1-01,2.3451428,4.6109443,-1.8187559,-1.7545047,3.3650753,-0.16960727,0.88037574,-3.6656485,1.7842523,0.66339886,-1.4424106,-0.1641718,1.6797595,-4.461818,3.1299853,10.941739,7.7616005,-10.0726185,-7.774829,-4.6657476,9.9854965,8.293303,-12.043599,-7.9714327,11.04365,-11.618055,-9.50645,-11.630639,-11.411195,-11.020303,8.413556,-11.275303,10.548319,12.401745,-7.8247313,-6.4927664,12.582248,9.561517,-10.962646,-7.50416,-0.49020165
TCGA-OR-A5LD-01,1.0259918,4.268411,-1.5849553,-2.7270179,3.5014367,-0.21139035,-1.5426145,-5.4716387,2.7211103,-0.6847242,1.215746,0.65330285,-1.3680111,-4.8267484,1.7638197,14.72243,7.99594,-12.283765,-7.90005,-4.0331106,11.628519,8.733346,-17.33881,-8.900407,15.19843,-15.379994,-9.825177,-13.356659,-15.432816,-16.438673,9.009606,-16.041574,13.748665,16.303411,-6.8524594,-6.708269,18.680683,12.797804,-15.797783,-8.785011,-4.8999314
TCGA-OR-A5JK-01,2.4216897,3.9854393,-0.41907904,-1.8427916,2.6248207,-0.058462188,1.0280294,-1.751975,1.4389753,1.8864262,-2.9954605,-1.0697534,2.3952694,-3.333746,4.7012033,-2.3198423,13.975383,-4.2313876,-21.217535,-18.978043,3.9537423,13.181837,10.9852495,-6.235951,-10.237193,1.3663912,-14.299487,-9.488121,0.9811406,9.699981,12.377675,5.6230717,1.512508,0.82407564,-19.845316,-11.640551,-14.991266,-3.0389411,14.278801,-8.563834,25.485504
TCGA-OR-A5LH-01,3.6526816,2.784165,-1.2954926,1.6805983,1.9621493,0.1760097,3.8451872,0.761827,-0.48559588,1.7095258,-4.5638638,-1.6318829,3.7155244,-2.2138946,2.6847522,-5.688787,13.399724,-4.7833004,-20.88453,-15.975447,5.404597,15.675877,13.18811,-7.1843038,-11.875861,4.2809753,-15.345309,-9.636205,5.989871,15.915548,14.084308,10.705055,-1.9129248,-4.173542,-25.101711,-13.438163,-18.351963,-5.360549,16.309286,-10.025448,30.141106
TCGA-PK-A5H8-01,3.1496832,4.5122094,-0.55350244,-1.3547815,3.0745215,-0.33648598,2.0484657,-1.3821871,1.0879147,2.8039825,-4.3755603,-1.5158212,3.363438,-3.5918274,5.4372616,-0.22595914,19.623905,-5.882521,-29.033953,-27.76467,4.652415,15.569887,12.222781,-8.102436,-11.464518,-0.82167137,-18.957808,-13.534288,-2.9947658,7.8436456,15.413598,3.2045038,5.6786504,5.2566643,-22.470367,-14.481937,-17.107912,-1.6270627,17.336172,-11.419881,30.995216
TCGA-OR-A5JG-01,1.7733926,3.9076827,-0.15489954,-2.5992625,2.825601,0.036562752,-0.11502886,-2.8248193,1.9522848,1.254386,-1.6165285,-0.7867678,1.1227193,-3.6429877,4.49512,9.55856,16.524292,-10.39211,-21.42158,-20.115486,8.758035,12.494469,-2.9815032,-8.868066,2.6722763,-10.486435,-16.690521,-15.41078,-12.829871,-6.925009,12.878411,-9.236678,13.109993,14.47017,-14.329346,-11.406643,0.78528273,7.4451675,1.1747739,-11.015242,14.713351
TCGA-OR-A5LS-01,1.9251512,4.401774,-1.2647451,-2.2439544,3.40742,-0.058496427,-0.2161424,-4.174207,2.2533386,0.27336568,-0.69161975,0.006878676,0.6774982,-4.5804644,3.1746368,7.3341904,12.141823,-9.975497,-14.275756,-11.392066,10.324141,11.6092615,-3.8583744,-9.051354,4.701325,-8.460991,-14.05667,-13.79365,-8.770749,-3.587504,11.46727,-5.9570932,9.347487,9.64088,-14.804143,-10.330614,1.9822701,6.5354943,-2.2826917,-9.862085,12.255436
TCGA-OR-A5L8-01,0.83540595,3.3983657,-0.88220376,-2.660771,2.8300316,-0.0004796274,-1.771124,-4.495521,2.3814173,-0.6462078,1.0080616,0.5807138,-1.359546,-4.0333877,2.109583,2.8584216,9.936218,-7.7750854,-10.879507,-7.74653,9.641262,11.67841,0.23730493,-8.505996,1.7488613,-3.725516,-13.007386,-11.5930195,-2.2114,3.6991897,10.978953,0.23248482,3.9047952,3.698473,-16.913492,-10.113764,-2.7855306,2.6000383,0.605863,-8.070483,15.345004
TCGA-OR-A5LJ-01,1.5203617,4.1380854,-2.015627,-1.9031337,3.215845,-0.29577574,-0.25003654,-4.6533084,2.1469753,-0.3026377,0.40627536,0.47306404,0.096215926,-4.5221477,1.6453761,3.058217,11.120333,-8.071864,-12.947658,-9.826569,9.659571,12.282051,0.8805003,-8.661737,0.94107485,-4.015109,-13.842465,-12.110813,-2.707683,3.4220862,11.698373,0.16273636,4.5527706,4.2883663,-17.654238,-10.56983,-3.5794477,2.626537,1.7391362,-8.580691,16.665218
TCGA-OR-A5KT-01,1.3512633,3.2144923,-0.29276264,-1.9291617,2.5888207,0.11619878,-0.46016192,-2.8733006,1.8022275,0.44288674,-0.8330736,-0.3600428,0.35091814,-3.373935,3.2085044,1.1522532,9.064941,-6.3009515,-10.547377,-7.7518764,8.032505,10.888375,2.3283594,-7.290806,-0.4888454,-1.9176685,-11.765149,-9.886996,-0.23615901,5.463993,10.164758,2.1139452,2.2248755,1.8137966,-16.184122,-9.483094,-4.878297,0.9899406,2.7208397,-7.186017,15.688157
TCGA-OR-A5JC-01,2.514331,3.7625284,-1.1108122,-0.70754015,2.7429051,-0.06481812,1.6339397,-1.7623318,1.1678984,1.4123627,-2.8796773,-0.85477823,2.6057453,-3.3408055,3.5861304,7.931933,15.224422,-9.193802,-19.729856,-18.454678,7.980332,11.868944,-1.5884624,-8.368629,1.392549,-8.641404,-15.5252695,-14.015787,-10.519435,-4.632633,12.198033,-7.077392,11.0622015,12.294657,-14.142759,-10.771184,-0.74896795,6.0200715,2.038318,-9.965036,14.896662
TCGA-OR-A5JI-01,2.340434,2.5817344,0.33897004,-0.7063159,1.4053725,-0.11415474,1.5294154,0.43133155,0.17523703,2.304526,-4.0331044,-1.3308816,2.70984,-1.7020355,4.6200995,1.5387654,18.562777,-6.449171,-26.870966,-25.917734,5.088338,14.467358,9.6032295,-7.661318,-8.823817,-2.3746872,-17.941128,-13.25736,-4.540967,5.0940504,14.267396,1.0313048,6.7896194,6.672295,-20.130594,-13.528288,-13.89746,-0.057236843,14.190786,-10.680455,27.69628
TCGA-OR-A5LP-01,2.2511234,1.4245181,0.09043774,0.69353235,0.8220177,0.16152593,1.9865423,1.4366567,-0.41160068,1.5324103,-3.821545,-1.2368994,2.2957318,-0.8342635,2.934776,-5.64225,12.884302,-4.0781913,-20.642912,-16.417198,4.4073606,14.897813,13.336111,-6.449501,-12.3462925,4.3040557,-14.726109,-8.849485,5.9979734,15.233088,13.385215,10.4695635,-2.020381,-4.0407157,-23.772427,-12.554439,-18.18149,-5.396712,16.52243,-9.397878,28.872847
TCGA-OR-A5J5-01,2.6944647,5.013136,-2.0804086,-1.726931,3.6945105,-0.28867775,1.3657315,-3.8073883,1.7216104,0.9975452,-1.8529222,-0.29794618,2.1562514,-4.7670193,3.4950564,7.3811436,16.970991,-8.860882,-22.246063,-21.343367,8.016911,12.787977,0.692122,-8.702903,-0.53101724,-8.073222,-17.050716,-14.6820965,-10.137824,-3.0234106,13.279086,-6.0402684,10.892387,12.154808,-15.843315,-11.80653,-3.4270892,5.1212616,4.6976757,-10.402589,18.238811
TCGA-OR-A5JO-01,2.2037363,2.348824,0.8578547,-1.0099164,1.0537996,-0.01567971,1.3539494,0.93089104,-0.017879676,2.4505415,-4.116419,-1.4289048,2.5136473,-1.3311989,5.0728683,-7.816695,13.324083,-3.398626,-22.795116,-17.796629,3.452047,15.909599,16.211538,-5.8166475,-15.684094,6.6011786,-15.187922,-8.134979,8.438132,18.577011,13.992657,13.161454,-3.9686332,-6.354593,-25.850735,-13.382731,-21.591583,-7.396277,20.11851,-9.931168,32.18571
TCGA-OR-A5LM-01,2.6558435,4.5330877,-0.6993459,-1.952924,3.0830657,-0.14337213,1.2690607,-2.1396346,1.6243689,2.0755703,-3.2143013,-1.1611462,2.6091063,-3.7556877,4.948365,2.8108838,19.798916,-7.1041393,-28.200888,-27.39539,5.836032,14.839876,8.7346945,-8.2716255,-8.03706,-3.8127623,-18.966902,-14.464458,-6.264946,3.60402,14.981915,-0.46338904,8.407991,8.4886,-20.479317,-14.009582,-13.1237955,0.83489364,13.670267,-11.349835,27.840296
TCGA-OR-A5LL-01,1.0246371,1.7919655,-0.033036496,-0.85596055,1.2940606,0.11500095,-0.101754785,-0.99106795,0.868269,0.38562578,-1.2460172,-0.37346587,0.64536905,-1.786724,2.3663726,2.351982,8.298407,-7.035457,-8.577199,-5.650438,9.143503,10.422669,0.04682648,-7.679042,2.1081898,-3.1142263,-11.548129,-10.25499,-1.2103357,3.8481212,9.786822,0.7342523,3.0102284,2.747617,-15.361586,-8.978059,-2.119709,2.23966,-0.09750679,-6.9909596,13.425934
TCGA-OR-A5K1-01,2.9013824,2.1343544,-0.72829133,1.2307258,1.4751741,0.21890192,2.939701,1.0411967,-0.39173698,1.500444,-4.095998,-1.3806021,2.892131,-1.584858,2.5855396,-3.8302977,17.965595,-4.5718694,-27.85858,-25.507025,3.3994405,15.858354,15.183729,-7.292054,-14.488572,2.4884717,-17.7072,-11.412691,1.4810629,12.585376,15.206908,7.598983,1.9005808,0.68938583,-24.219984,-14.420456,-20.520296,-4.7569895,20.27051,-10.629277,32.790997
TCGA-OR-A5J7-01,1.2182708,3.765268,-0.63872486,-2.635909,3.1585,0.022800118,-1.3459197,-4.296518,2.2911875,-0.09347812,0.17944086,0.09297955,-0.7040098,-4.2071223,2.9006388,13.627753,7.6400433,-12.329768,-7.0442276,-2.762674,12.301113,9.10942,-16.360184,-9.218157,15.131304,-14.3253145,-10.198166,-13.535424,-14.26682,-14.361582,9.1701565,-14.417015,12.964542,14.727916,-8.044846,-6.9220524,17.36947,12.361686,-15.559039,-8.934847,-2.9738953
TCGA-OR-A5K6-01,1.8806894,3.3992631,-0.16332087,-1.8322976,2.2778018,0.058264017,0.38437423,-1.8235868,1.4362643,1.3231307,-2.1762784,-0.80515623,1.6004282,-3.053557,4.135683,5.4725704,11.286705,-8.588038,-12.857923,-10.497573,9.5417595,11.507914,-1.7342906,-8.451067,2.7906706,-5.97581,-13.553054,-12.4409895,-5.73796,0.013995657,11.3143635,-3.087559,6.726856,7.1856585,-15.337147,-10.03249,-0.5071625,4.60113,-0.4487625,-8.437848,13.826319
TCGA-OR-A5LA-01,2.7246141,3.4186687,0.13138114,-1.2111331,2.051266,-0.22638898,1.6602092,-0.25868526,0.5791165,2.6576083,-4.3227553,-1.4568057,3.1345391,-2.476718,5.270527,-5.3793263,11.184881,-4.0695305,-17.892017,-13.521025,4.850564,13.897216,11.915609,-6.1299443,-10.548741,4.2287593,-13.514825,-8.258537,6.280328,14.676854,12.245049,10.172516,-2.459584,-4.55345,-22.42511,-11.78611,-16.201014,-4.9645486,14.338169,-8.702366,26.3885
TCGA-OR-A5LO-01,2.7654006,5.2421336,-2.1844883,-1.9489706,3.823731,-0.21769494,1.1255972,-4.1772757,1.9416375,0.8066826,-1.6695375,-0.16316016,2.067635,-5.069951,3.4790232,12.095008,10.239071,-11.838083,-11.139444,-7.698929,11.21125,10.089252,-12.053759,-9.24937,11.200707,-13.0111685,-12.105625,-14.070716,-13.634118,-11.573438,10.380664,-12.457742,12.844934,14.429244,-10.250367,-8.139507,11.812576,10.874686,-10.165759,-9.589402,2.7116811
TCGA-OR-A5L3-01,0.5914661,2.3780594,-0.26922727,-2.161043,1.89523,0.08865515,-1.3885792,-2.8631706,1.6883652,-0.29578638,0.42494953,0.18770051,-0.9862983,-2.7757573,2.286341,-3.680407,10.776467,-4.1211214,-16.297577,-12.936097,5.03025,12.897524,9.888443,-6.079143,-8.697295,2.6732574,-12.74708,-8.34141,4.503075,12.167519,11.663455,7.9586368,-1.3715163,-2.546307,-20.23732,-10.948713,-13.597203,-3.6812732,11.951548,-7.933743,23.534458
TCGA-OU-A5PI-01,2.0236475,3.863609,-1.6282526,-1.3208116,2.9528933,-0.083116494,0.6188559,-3.2220275,1.6306654,0.37085688,-1.1978941,-0.097421326,1.463081,-3.9808478,2.5829916,8.249589,11.765253,-10.503788,-13.558183,-10.411928,10.705821,11.577353,-5.53714,-9.275059,6.143454,-9.195801,-13.985784,-14.013412,-9.399113,-4.753316,11.341126,-6.9723997,9.988933,10.415496,-14.235211,-9.948309,3.8443406,7.3556657,-4.01457,-9.844995,10.786376
TCGA-OR-A5JP-01,1.1844527,4.141248,-1.4662136,-2.4986503,3.4529223,-0.14937632,-1.2045163,-5.0787106,2.5353353,-0.5128131,0.7505278,0.4697397,-0.88492227,-4.665548,2.0072174,12.775485,7.280059,-10.544453,-7.116939,-4.0874014,10.171682,7.8526545,-14.723402,-7.7253017,12.859165,-13.110224,-8.729019,-11.522807,-13.174538,-13.985036,8.024171,-13.82196,11.619309,14.025057,-6.155339,-6.002997,15.975085,11.089885,-13.487667,-7.4434824,-3.7193363
TCGA-OR-A5JZ-01,2.858802,1.864986,-0.13888831,1.0775708,1.1245124,0.16473983,2.7530806,1.6901355,-0.5552958,1.8947442,-4.6204267,-1.5275369,2.8912625,-1.0979775,3.2834277,-3.1947312,16.559723,-4.4966373,-25.442717,-22.99261,3.7847362,15.13698,13.525442,-6.9850407,-12.873031,2.1456563,-16.686548,-10.762888,1.4947914,11.708392,14.42489,6.970247,1.6559277,0.73999053,-22.88885,-13.370416,-18.428068,-4.0651994,18.101013,-9.931572,30.31489
TCGA-OR-A5KU-01,2.7745097,2.4777155,-1.5226141,1.1023144,1.8897829,0.048068125,2.949941,-0.21986085,-0.1738275,0.9360055,-2.974627,-1.0816355,2.8018486,-2.2377372,1.7940257,6.0289593,10.833542,-8.860863,-12.53966,-9.593793,9.756241,11.068087,-2.8396106,-8.451081,3.6675332,-6.7915077,-12.955322,-12.175678,-6.28656,-1.4176506,10.772088,-4.0140567,6.972946,7.6934834,-14.524111,-9.601189,1.0261692,5.032559,-1.9133788,-8.489347,11.944456
TCGA-OR-A5JW-01,2.283541,1.7433312,-0.423587,0.76046735,1.2637295,0.10934581,1.9195616,0.5933341,-0.074772485,1.1039985,-3.3402414,-0.9933584,2.3021789,-1.446085,2.4386632,6.893037,18.54668,-8.958263,-24.69758,-24.080679,7.6309934,13.522241,2.1885402,-8.664659,-1.9047289,-7.837802,-18.08445,-15.357895,-10.444509,-2.5057423,13.8746805,-5.6740413,11.621102,12.404054,-16.833664,-12.525341,-5.558529,4.75204,6.9097676,-11.10283,21.07623
TCGA-OR-A5JL-01,3.0747828,4.3594937,0.029045131,-2.1397471,2.67571,-0.22073375,1.4476426,-1.0850801,1.1650144,2.9764295,-4.4534216,-1.6665478,3.3409877,-3.3258724,6.0372815,-4.113362,11.57506,-4.7112617,-17.306738,-13.338165,5.5701585,13.863824,10.463714,-6.6419067,-8.941022,2.9699833,-13.782466,-9.057263,4.736876,13.225983,12.438554,8.622238,-1.2133416,-2.9592178,-21.866701,-11.784328,-14.682014,-3.8529384,12.665129,-8.795205,25.472324
TCGA-OR-A5JB-01,0.52030367,1.0580153,-1.4528631,0.09149782,1.1565695,-0.21311112,0.80459243,-1.3193923,0.2714571,-0.508605,0.4265942,0.062380314,0.284378,-1.3784418,-0.36046106,1.3355303,15.672548,-7.0300975,-21.97609,-19.5599,6.7145886,14.06958,6.9590855,-8.213552,-6.0331798,-2.2442002,-16.58232,-12.721533,-2.6875803,5.7810397,13.667972,1.8236029,5.058389,4.80862,-20.27588,-12.805883,-10.934603,0.1539235,10.239601,-9.9892645,24.437176
TCGA-OR-A5K8-01,2.8342729,2.2287078,-1.188173,1.2749578,1.6412193,0.12362647,2.9090037,0.3607544,-0.2783544,1.1100013,-3.4055352,-1.1723254,2.8286107,-1.9081049,2.0006444,4.9252105,19.242205,-8.317954,-26.486143,-25.6443,7.305552,14.479727,5.423639,-8.610975,-4.6595864,-5.8502336,-18.8521,-15.111965,-8.252754,0.83572584,14.661622,-3.0170808,9.869565,10.316687,-19.084532,-13.504155,-9.4595995,2.9227915,10.116384,-11.335228,25.077873
TCGA-OR-A5LE-01,1.2406249,5.4460363,-2.6493554,-3.0608985,4.4347205,-0.5134617,-1.501796,-7.182771,3.4043827,-0.99722767,2.07074,1.0365441,-1.6229091,-6.0804777,1.2137685,9.085045,9.570061,-8.57911,-10.223317,-8.596419,8.652033,8.74007,-7.695697,-7.169262,6.729758,-9.213358,-10.580056,-11.005932,-9.48672,-7.2257195,9.184411,-8.6010895,8.865433,11.030425,-9.521067,-7.442104,7.141642,7.534401,-5.82937,-6.923919,4.8148394
TCGA-OR-A5KO-01,2.9675157,4.8382354,-1.1758206,-1.4566119,3.4224238,-0.1809391,1.8448651,-2.3277428,1.6060518,2.1440601,-3.515006,-1.1114118,3.0310588,-4.1515217,4.799567,5.598901,12.145892,-8.929764,-14.0723715,-11.464577,9.9781065,12.00852,-1.5062137,-8.84716,2.8078103,-6.371549,-14.29729,-13.034554,-6.0749855,-0.07157972,11.918571,-3.1221495,7.2924223,7.548952,-16.105042,-10.524761,-0.88185596,4.6459055,0.054875344,-9.024689,15.028666
TCGA-OR-A5K5-01,1.2591999,4.5825996,-2.3671267,-2.2561045,3.7766902,-0.3905421,-1.0053668,-5.956642,2.8277504,-0.8445511,1.4488273,0.8250255,-0.9228375,-5.298785,0.99687016,14.107539,6.147483,-12.018699,-4.4228387,-0.29313296,12.454716,8.407973,-18.0859,-8.862375,16.83919,-14.615181,-8.589173,-12.587858,-14.0532675,-15.561194,8.164179,-15.045511,12.421174,14.380421,-6.3150353,-5.9579315,20.152466,12.660369,-18.223963,-8.065286,-6.2014127
TCGA-PA-A5YG-01,1.997172,1.405406,-0.32708502,0.78646106,0.97942895,0.17363165,1.8180115,0.81517184,-0.21707684,0.99476546,-3.0483994,-0.93594545,2.0168045,-1.0697103,2.0863538,-3.630576,14.419938,-3.8283362,-22.492308,-20.015385,3.4509923,13.865803,12.688167,-6.1325054,-12.118371,2.6381843,-14.744021,-9.379574,2.4787927,11.598622,12.886313,7.2052765,0.57227695,-0.48036572,-21.18213,-12.072394,-17.074518,-4.195637,16.421896,-9.018001,27.640398
TCGA-OR-A5JF-01,1.9807599,2.0616338,-1.0667677,0.43281928,1.7123841,-0.01279236,1.584742,-0.73516196,0.3602904,0.45110938,-2.1327658,-0.5810399,1.9732575,-2.113388,1.7303438,2.730099,10.4372635,-7.999277,-11.837997,-8.427754,9.839516,12.0889435,0.7140541,-8.585976,1.4753878,-3.7992961,-13.426593,-11.923988,-2.1353142,3.9913273,11.425481,0.6236603,4.2405806,3.6233943,-17.549646,-10.4625025,-3.399608,2.6609342,1.3836771,-8.650413,16.212667
TCGA-PK-A5H9-01,2.3110116,2.8924685,1.084489,-1.8494465,1.3235992,-0.14589278,1.1048713,0.43764114,0.3206109,2.8715997,-4.1247783,-1.5918214,2.6512456,-1.8735654,5.923361,-9.182277,14.699186,-3.2522275,-25.890509,-20.441557,2.8950706,17.467716,18.76483,-6.023034,-18.565731,7.7057514,-16.467478,-8.409996,9.519059,20.911152,15.313222,14.98955,-4.6940336,-7.368085,-28.340313,-14.63701,-24.74271,-8.712565,23.420534,-10.724496,35.880913
TCGA-OR-A5J3-01,2.3511415,4.611132,-1.2083393,-1.975233,3.2953517,-0.047263343,0.8776611,-3.1193728,1.9591789,1.1843516,-2.0677063,-0.54666543,1.9570746,-4.2090807,4.06643,4.6703215,11.106554,-8.254502,-12.4715185,-10.182772,9.557322,11.333546,-1.001743,-8.289023,2.4441426,-5.5326734,-13.141241,-12.148995,-4.8628497,0.72981024,11.208241,-2.202009,5.981596,6.3834805,-15.495896,-10.051781,-1.1853,3.9213676,0.18724644,-8.151713,14.235205
TCGA-OR-A5JS-01,1.3151708,3.314444,-0.40449557,-2.0136778,2.6966662,0.13266942,-0.6943872,-3.1668441,1.858612,0.2413985,-0.58374774,-0.23023234,0.06107074,-3.5747032,3.0305834,7.904472,7.615658,-9.706926,-6.839574,-3.5322528,11.057419,9.579571,-7.9733667,-8.520709,8.829913,-8.459816,-10.8175335,-11.875122,-7.340762,-4.516452,9.108562,-6.387742,7.351454,8.253536,-11.6666155,-7.7322836,7.4489164,7.225765,-8.397731,-7.6268406,5.1884913
TCGA-PK-A5HB-01,1.2066449,3.679319,-0.858787,-2.305854,3.0240595,-0.014605255,-0.96309495,-4.0028687,2.1032941,-0.09415752,0.027855843,0.07411952,-0.4555647,-3.9782648,2.6270976,9.595696,14.157429,-9.700268,-17.875135,-16.578133,8.158285,10.899271,-4.5955267,-8.160418,3.8796422,-10.233087,-14.451088,-13.844839,-12.170257,-7.4033337,11.374077,-9.321947,12.021865,13.726318,-11.983655,-9.723293,2.8584316,7.53986,-0.99197686,-9.48713,10.931955
TCGA-OR-A5JE-01,2.0434139,4.9933186,-1.4611063,-2.7088757,3.8465576,-0.14048466,-0.37166113,-4.8869414,2.5446007,0.27426437,-0.5316187,0.047404382,0.5216824,-5.147823,3.4468858,13.026691,5.8696113,-11.448806,-4.168206,-0.08867335,12.194188,8.265374,-16.57929,-8.657068,15.760635,-13.321767,-8.534132,-12.154684,-12.831448,-13.711303,7.9785466,-13.532195,11.388757,13.055341,-6.6843944,-5.95282,18.291508,11.857878,-16.964098,-7.7154646,-4.7586794
TCGA-OR-A5L6-01,2.5148308,1.7808752,-0.58795196,1.0790702,1.242897,0.16688699,2.4182222,0.88432026,-0.330577,1.2062348,-3.539063,-1.1250715,2.49944,-1.3420236,2.2491744,2.6155221,15.459767,-7.0249763,-20.948326,-19.46354,6.8253937,13.338522,5.5105515,-8.108771,-4.5352206,-3.3151617,-16.132494,-12.964424,-4.396779,3.7321308,13.2202635,0.074181326,6.2320213,6.2488546,-18.545925,-12.241707,-9.018083,1.3597094,8.715206,-9.784976,22.34704
TCGA-OR-A5LG-01,1.983715,3.4703271,-0.63488346,-1.3701781,2.4497745,0.01902391,0.79505223,-1.8722253,1.3453045,1.1835885,-2.2529948,-0.70376575,1.7966157,-3.1075628,3.616592,-3.0205746,15.044767,-4.2234626,-23.092337,-20.673075,4.0085897,14.37019,12.355461,-6.7434063,-11.791816,2.0417693,-15.4559145,-9.9733095,1.8587966,11.146258,13.563569,6.813948,1.0293376,0.25113305,-21.741682,-12.488094,-16.71755,-3.7797167,16.127794,-9.146377,27.98859
TCGA-OR-A5L4-01,2.8795173,4.5197196,-0.50715625,-1.9295162,2.998911,-0.17590207,1.4909583,-1.7224094,1.4404614,2.4734573,-3.8080454,-1.3712335,3.0040543,-3.6649616,5.378774,-2.3219407,12.125048,-5.4829874,-17.161345,-13.459357,6.434388,13.775314,8.676944,-7.3825073,-7.090752,1.1972986,-14.102967,-10.260242,2.6691966,10.731204,12.635229,6.4326587,0.4037123,-0.82476205,-21.23578,-11.92547,-12.436637,-2.3629646,10.479389,-8.9087515,23.980827
TCGA-OR-A5LK-01,3.0557888,2.119851,-0.21278042,1.0398109,1.303474,0.14500625,2.849114,1.4736744,-0.4980755,1.9551245,-4.736875,-1.5692649,3.1257966,-1.3550872,3.4659317,5.1498685,14.933518,-8.194651,-19.70253,-18.260021,7.5789075,12.176235,1.9697257,-7.990469,-1.1863399,-5.923872,-15.580738,-13.196129,-7.1864357,-0.28996944,12.075368,-3.3744135,8.479242,8.865495,-16.106497,-11.330231,-4.882368,3.6781075,5.0713797,-9.646459,18.399899
TCGA-OR-A5K2-01,1.5643859,4.31383,-1.966038,-1.9538076,3.4202547,-0.21582162,-0.43131956,-4.8578033,2.3403368,-0.3545554,0.3895602,0.43563074,-0.02636415,-4.7767873,1.6854306,13.704181,6.727028,-12.192776,-5.449559,-1.2126065,12.466114,8.807505,-17.221077,-9.121559,16.0292,-14.312659,-9.356881,-13.015926,-14.055681,-14.712879,8.701588,-14.544482,12.46991,14.294454,-7.2835374,-6.440341,18.738997,12.54214,-16.975843,-8.427342,-4.5520396
TCGA-OR-A5JM-01,2.0196724,2.0338356,-1.8412855,0.8509273,1.7347969,-0.2577113,2.1481757,-1.1970292,0.1401077,0.08654675,-1.3486748,-0.5589922,2.0531893,-2.312337,0.58980304,13.837441,6.550702,-11.696204,-5.210062,-1.3146834,11.937909,8.363613,-17.390064,-8.709885,15.890304,-14.260822,-8.871633,-12.482368,-13.963138,-15.112282,8.364992,-14.802294,12.374511,14.5253525,-6.4080434,-6.0767107,19.05695,12.386838,-16.95456,-7.9520636,-5.3743906
TCGA-P6-A5OF-01,2.4619443,4.6761518,-1.7086277,-1.7412266,3.4057732,-0.128478,1.0040439,-3.4703846,1.8224287,0.8844985,-1.8384968,-0.31193396,1.9745913,-4.4582324,3.4981132,9.739789,9.671218,-10.232862,-10.322854,-7.5234056,10.1508045,9.534454,-8.972919,-8.472041,8.719577,-10.430107,-11.62678,-12.702376,-10.873723,-8.147927,9.814563,-9.416058,10.451519,11.74902,-10.540329,-7.891141,8.275224,8.755876,-7.430926,-8.492607,5.0009227
TCGA-OR-A5JT-01,2.8425405,1.909533,-0.36924395,1.2393876,1.2153771,0.23958257,2.9370522,1.6068287,-0.5625258,1.7472188,-4.4705825,-1.5020323,2.8562138,-1.1720772,2.924658,-1.4220203,12.617659,-6.013127,-17.469904,-14.247421,6.8745437,13.866888,7.9401617,-7.872655,-6.4131246,0.38127926,-14.677438,-10.934381,1.6393723,9.712381,12.907633,5.376478,1.2820122,0.3074457,-21.274187,-12.118706,-11.790471,-1.6127493,9.832198,-9.193969,23.796543
TCGA-OR-A5KW-01,2.5499632,4.905934,-1.1855046,-2.0813513,3.4862542,-0.08544903,1.1389698,-3.0290685,2.0016644,1.5459018,-2.5191057,-0.80370057,2.2748353,-4.2949657,4.5218883,-0.87974113,13.445675,-6.13039,-18.298826,-15.475384,6.738132,13.895568,7.766172,-7.8933663,-6.147514,-0.12794624,-15.112056,-11.364351,0.45564273,9.008372,13.162486,4.638278,2.3807015,1.4452085,-20.785696,-12.192569,-11.727529,-1.1988113,10.298892,-9.27761,24.228853
TCGA-OR-A5J8-01,0.7938081,2.5538158,0.064650595,-2.1754384,2.0269723,0.114909425,-1.0036124,-2.5094156,1.5401436,0.27805564,-0.25905186,-0.29293182,-0.46798602,-2.7035298,2.9675658,3.9437826,14.007567,-7.232513,-18.39221,-17.018532,7.202705,11.998774,2.831649,-7.58447,-2.125882,-4.5525684,-14.668573,-12.100744,-5.432711,1.4249505,11.974658,-1.7166386,6.645577,7.3083897,-16.21955,-10.866849,-5.7838564,2.5632238,5.5982223,-8.60484,18.695457
TCGA-OR-A5JQ-01,2.2361147,1.5112035,-0.04355738,0.6794803,0.9247893,0.1614786,1.9129868,1.1981971,-0.31345305,1.3768762,-3.6593914,-1.1450043,2.288103,-0.96490216,2.7691216,-1.0906948,11.893948,-5.7942624,-16.216776,-13.176369,6.6667266,12.937134,7.123806,-7.4118233,-5.426876,0.11697391,-13.922315,-10.4749365,1.1948717,8.847836,12.140744,4.811189,1.5000038,0.59082466,-19.772451,-11.377199,-10.817979,-1.2909118,8.996814,-8.591242,22.228289
TCGA-OR-A5JV-01,3.0053654,2.328401,-0.82714987,1.1939392,1.6280863,0.16391616,2.9371982,0.7535241,-0.30676803,1.5180081,-4.0658827,-1.3632686,3.027961,-1.8044806,2.6698701,1.0070698,16.282553,-5.892205,-23.377579,-22.05971,5.1427236,13.287443,8.369753,-7.2436714,-7.7234244,-1.8898754,-15.975704,-11.954656,-3.332626,5.3350925,13.048911,1.6376698,5.3061657,5.249355,-18.894436,-12.224663,-12.416158,-0.3698348,12.273417,-9.555251,24.746904
TCGA-OR-A5KX-01,0.76393163,2.6913714,-0.3853273,-2.0766792,2.2555811,0.10429489,-1.1742572,-3.1394432,1.7254419,-0.24121213,0.24456951,0.07045194,-0.80326796,-3.0550787,2.2577326,13.337695,6.644367,-11.788149,-5.561556,-1.4824091,12.029562,8.661009,-16.550678,-8.892245,15.264471,-13.7640085,-9.175261,-12.612952,-13.515032,-14.025291,8.553902,-14.05696,12.046965,14.047089,-7.1785684,-6.275419,17.908554,12.08075,-16.218832,-8.108336,-4.137256
TCGA-OR-A5L5-01,2.592828,3.135291,0.12277185,-0.971528,1.8851357,-0.18177667,1.6480964,-0.105377235,0.48301056,2.4516964,-4.1640964,-1.3707986,3.0106378,-2.2497947,4.929803,-3.763726,11.272815,-4.7263627,-16.901543,-12.923506,5.455166,13.480701,9.915444,-6.6245375,-8.514589,2.6304383,-13.445519,-8.922117,4.435722,12.445172,12.071119,8.133921,-1.0250489,-2.6715426,-21.37744,-11.511183,-13.935983,-3.6018898,12.005445,-8.561916,24.464106
TCGA-OR-A5LR-01,3.0292165,2.1547816,-0.75689244,1.359255,1.4956024,0.277437,3.10605,1.1559361,-0.46787575,1.523937,-4.2560415,-1.4511139,3.0423298,-1.560779,2.594425,-2.1619062,12.376223,-5.7133026,-17.437395,-13.802538,6.5923285,13.970884,8.632969,-7.6983557,-6.9325795,1.0749154,-14.779067,-10.615266,2.5781054,10.8161,12.931092,6.3999863,0.6719424,-0.70020896,-21.73697,-12.149145,-12.577919,-2.3362286,10.495526,-9.223958,24.473682
TCGA-OR-A5LT-01,2.736015,2.4145384,0.1591413,0.16447686,1.3451848,0.028814282,2.286302,1.1433859,-0.30118155,2.3775218,-4.6242375,-1.6194811,2.9630532,-1.458951,4.3196325,4.456759,15.826159,-7.719711,-21.171139,-19.786196,7.1816053,12.979922,3.5657644,-8.0960045,-3.1064413,-5.064576,-16.277071,-13.311354,-6.2216964,1.4584931,13.031783,-2.261089,7.6213474,8.321561,-17.490637,-12.060585,-6.916087,2.6927707,6.8967624,-9.741895,20.668348
