,2,5,7,11,12,17,18,20,21,23,26,3,5,11,17,23,26,27,3,4,27
TCGA-BT-A20R-11,19.697262,25.963627,7.102949,9.80542,-42.492405,-10.228317,5.5101676,34.01628,-29.154093,-15.909275,24.61977,0.7998273,0.6928882,-3.2367923,-1.9019876,2.2750804,-1.4542501,-1.0579348,-7.4079843,-9.2014885,-4.477024
TCGA-DK-AA6S-01,13.8976555,-0.8417169,5.749259,13.424506,-41.41349,-1.1747447,-13.602858,19.561203,-13.844511,7.892829,10.45489,-0.3438763,2.1097257,-3.0873363,-0.15261686,1.8381071,0.45875573,0.44975677,-12.112964,4.789183,-3.4827464
TCGA-DK-A6B2-01,12.320998,1.5993794,-1.0344335,18.523726,-40.001423,11.982879,-2.3556871,13.094779,-8.410928,2.1000898,-2.7376122,-0.8527465,1.5557978,-2.9625108,-1.0875567,3.4278147,2.0359511,-0.47641033,-4.3222127,5.4987855,4.001026
TCGA-GU-A763-01,10.859994,-17.127766,7.3438625,5.083843,-26.942009,2.908457,-17.392817,-3.9824522,23.658106,15.264042,4.4608474,-2.1798818,2.656496,-2.0829163,2.4272392,1.499867,0.5930184,1.5378752,-13.0478525,-11.573893,31.063614
TCGA-XF-A9T4-01,14.177289,-14.8716345,14.724165,9.456318,-33.18612,6.017406,-4.21268,16.743946,-1.0163094,7.4269233,26.36064,-0.46295267,4.239962,-2.7839115,-0.1447848,1.9323264,1.4889239,0.5943129,-15.168206,-12.67725,10.293856
TCGA-FD-A5C1-01,15.923706,-15.764197,2.5678015,1.5373937,-39.182835,15.528544,3.432119,20.289516,-19.241472,21.166807,3.1955771,-0.19769761,2.9345748,-2.8006144,-2.723049,3.484704,2.2134635,-0.64503145,-6.9264035,-6.257239,-4.312647
TCGA-GU-A42Q-01,18.838,-10.144379,16.59854,-10.594265,-33.491047,-15.84266,-24.678534,35.945175,-5.2288866,0.35101333,49.04718,-0.08041952,3.281496,-4.2755146,-0.5155336,2.2152936,0.30381703,-0.055660434,-11.735203,5.0629525,-6.118481
TCGA-DK-A3IL-01,12.808554,2.0390873,-0.08113217,-3.0721815,-35.14882,4.6436296,-2.4497733,17.419994,-4.0976357,-1.6220024,9.163003,0.3167444,0.95568204,-4.049915,-1.3467807,3.1560462,0.09288802,-0.5968855,-7.999567,-5.078151,13.839044
TCGA-XF-AAMH-01,13.793395,1.950921,12.98677,-8.468001,-40.991398,-4.1441317,-18.355053,20.409424,-1.9295946,11.452444,3.004586,-1.293466,-1.4717857,-4.9836764,-4.7705116,4.953386,1.4560556,-2.2537942,-32.390484,-19.488815,-12.455204
TCGA-FT-A61P-01,14.133101,1.5956932,6.4254026,10.957352,-38.95962,21.257692,3.0880022,20.650263,-14.244879,5.9616003,6.303322,0.29057148,2.6310613,-3.9443135,-1.8325447,3.2230453,0.82873994,-1.4852927,-13.025842,-4.304105,2.2733724
TCGA-G2-A2EF-01,15.240204,-11.919972,4.529652,15.14187,-28.03292,11.488692,-17.229403,17.52563,-9.641025,14.925045,23.84614,-0.09142281,4.467974,-2.4224725,-0.8358756,2.2644315,0.9172364,0.73119974,-5.9412346,-7.1264687,-10.447748
TCGA-XF-A9T2-01,14.1669655,9.721624,3.1923184,1.7044419,-40.31152,-3.216243,-18.688313,19.2682,-6.1561117,5.700323,6.9882145,-0.37098685,1.6964436,-2.5234709,0.5981701,1.6860858,0.5002857,1.078238,-21.702213,-39.240524,4.6032352
TCGA-C4-A0F7-01,11.431669,11.284097,8.893713,-3.7726786,-35.10081,-14.460042,-18.237932,29.036785,1.9681181,0.5739249,36.124706,-1.7094676,3.351255,-4.3658733,0.80650795,2.4174144,0.184206,0.5662366,-17.045868,0.77529573,-2.112144
TCGA-G2-A2EK-01,13.638293,-10.774111,4.9797034,11.466007,-38.253963,-3.571273,-11.089377,9.043913,4.879276,2.481188,-2.928863,-0.30856493,2.601669,-3.2931278,-1.2199471,3.2875984,0.69852704,-0.8985781,-16.104656,9.47005,6.7109427
TCGA-GD-A3OP-11,16.596186,-11.315326,14.249523,4.509976,-42.887783,-11.336337,-4.277834,19.195505,-3.7736826,4.1465974,7.248811,-0.124389276,2.6912086,-4.140966,-1.5007488,3.7267292,-0.21940868,-1.1502266,-4.0591173,-9.077638,2.1538222
TCGA-FD-A6TB-01,15.825839,-11.172311,1.6421028,14.215493,-45.72537,-2.1935644,-10.974539,21.932365,-14.312686,6.416843,-5.9293613,-0.31811813,1.7535241,-3.6174178,-2.8936715,4.500204,0.1500409,-1.1904045,-12.686816,6.295276,-1.2930617
TCGA-UY-A9PD-01,13.078872,3.1295586,-1.4729042,11.549349,-35.785496,19.533548,-4.2044525,12.693583,-5.2816405,1.8068317,0.16624889,-1.5601699,1.0953078,-3.2833145,-1.772422,3.9846458,1.9410332,-1.2064147,-8.793243,-5.1182704,8.712929
TCGA-DK-AA6P-01,5.0115814,2.7604878,-2.4307234,17.128521,-29.12917,-11.95436,-22.046532,4.476828,19.150362,-3.0263677,15.834163,-2.3140922,2.7460284,-1.4039294,1.9127645,1.0781168,1.3304206,1.5461249,-3.4639857,-0.826818,13.65257
TCGA-GV-A3QK-01,9.88371,-22.32026,-5.894833,16.638197,-28.910248,6.445465,-8.129084,1.5280919,14.119376,4.4367886,-3.8136873,-1.9101592,4.544929,-1.78733,0.8461709,2.9879827,2.0512605,1.0549226,-1.7048185,-9.723773,20.045286
TCGA-GC-A3I6-01,14.65252,-11.849689,14.904306,2.997899,-34.627617,0.53897977,-10.794768,17.5042,-0.3427883,19.09908,16.426682,-0.3464421,3.611655,-3.0500946,-0.530345,2.118981,1.5623294,0.27324846,-11.050511,-15.558243,7.558715
TCGA-UY-A8OC-01,11.879743,-3.0169415,13.765669,7.1690483,-35.04115,7.987522,-3.39818,23.728886,-15.605686,0.26377264,26.324146,-0.5354316,2.9601953,-2.8650591,-0.3110972,1.4576253,0.92869216,0.100530095,-17.636341,-7.8165607,8.171141
TCGA-FD-A3B7-01,16.417212,-4.2458143,6.597829,16.490278,-39.316856,6.725595,-6.9533944,22.088861,-20.762617,7.9237003,15.214436,0.29901442,3.3286,-2.6227973,-2.6250148,3.04703,1.0658953,-0.20037964,-12.411448,-8.626158,0.12476439
TCGA-ZF-A9R1-01,12.623268,-6.9148073,7.3550596,4.8053293,-35.281445,-4.7027926,-14.568375,14.658083,2.320456,0.77716386,10.841842,-0.298696,1.8717544,-4.1294975,-0.37613553,2.8587198,-0.19110952,0.2370754,-13.804894,10.902577,4.009215
TCGA-ZF-A9RF-01,15.557923,-1.1022093,-6.183654,19.335138,-33.26997,25.585867,-10.902921,7.990274,0.9248804,20.492031,0.34578088,-0.24775782,2.9829755,-0.63440394,-0.70513403,1.3007107,0.97768146,0.9879686,-14.958268,-9.184975,-4.2460804
TCGA-4Z-AA7Q-01,10.908168,-12.469531,2.5345287,-3.5374312,-40.141575,12.433141,-22.958746,17.179852,-1.4859649,17.37772,6.0016613,0.1626175,3.380911,-4.5214963,-1.7173779,2.7669423,1.0963222,-0.42769894,-7.477054,-1.7480345,-6.3408656
TCGA-E7-A519-01,19.02759,-26.103188,-11.336629,1.3842105,-35.21539,3.5471687,-7.3460436,0.14310673,11.19664,15.459228,-14.358464,-1.0158677,4.104519,-1.9997874,0.6724345,2.4192452,2.0622554,0.28361225,-13.894805,8.6206455,39.465534
TCGA-BT-A20U-11,19.504957,-17.507679,12.824555,-23.331491,-42.88472,-17.17388,-5.4747295,34.010197,-8.5834055,-0.35315928,20.223492,-0.09355377,2.2518928,-4.58518,-0.90426236,2.7084925,-1.19709,0.010653181,-6.3303785,-15.329939,-7.020053
TCGA-G2-A3VY-01,4.7657323,6.0875688,-0.26423994,4.788287,-26.358553,7.631056,-19.914396,4.795903,20.337767,-5.2220654,17.885193,-0.9417557,1.0350815,-3.1526253,-0.5754645,1.416987,1.2437652,1.1682283,-14.646134,37.78991,-0.018352801
TCGA-C4-A0EZ-01,18.933092,22.175648,-3.1171367,-7.8766637,-41.34464,-19.606104,-24.560255,21.607445,1.4695805,11.562283,18.678389,-2.5591724,0.5089808,-0.12114375,1.8944614,0.5284968,0.81425405,1.5519084,-31.298748,-34.087746,-22.824194
TCGA-XF-A9SY-01,17.355194,-13.583086,-1.3768095,18.499376,-34.32538,5.339084,-6.8305945,22.205662,-21.775358,9.95078,19.942429,-0.2562725,3.9634438,-2.3201466,-1.1038032,2.5253804,1.4363195,0.23165846,-2.2153451,-15.754731,-9.439836
TCGA-FD-A43U-01,16.634369,-16.2297,-8.319321,13.134631,-41.518326,17.680758,-3.4619768,8.135626,-14.45389,10.231217,-18.14879,-0.6405148,2.6450815,-1.4648535,-0.38948032,2.352618,1.3207079,0.29924953,-14.189652,-3.1700196,8.268914
TCGA-4Z-AA7S-01,8.829906,-8.538576,2.500058,2.6543584,-29.470432,8.843478,-2.023635,8.690714,14.298746,6.9015837,9.421028,-0.90585506,2.4851758,-2.1015432,0.33632126,1.837368,1.2345979,0.18140316,-14.253498,8.348887,18.979982
TCGA-DK-AA75-01,10.906318,5.369137,2.2840393,1.9745353,-32.531914,2.909218,-17.342484,13.067774,15.957605,8.163988,-0.7419467,-1.9102288,3.3576384,-2.8721716,0.6300861,2.8563397,2.1133084,0.03064029,-14.056153,14.618009,-10.037088
TCGA-XF-AAML-01,6.253748,-1.5021424,-5.2621365,11.501736,-28.416424,15.5115,-12.349635,2.89587,21.679102,5.829672,4.2026253,-0.9880778,4.4007893,-1.50302,-0.05710125,1.8222307,2.9596293,0.6623523,-32.25401,-7.668198,3.6434896
TCGA-DK-A6B5-01,14.665007,-6.7524414,8.757205,-7.053171,-38.44879,-2.4663317,-20.800383,15.887899,0.17192689,25.735823,5.429186,-1.405981,2.378038,-3.2802289,-0.1649612,2.14262,0.75536186,0.9589101,-4.687831,7.229261,-3.353142
TCGA-KQ-A41R-01,6.251909,-9.978366,7.8624544,2.6621168,-30.15368,14.345669,-11.483256,6.119662,13.489172,3.2495487,-1.4482687,-1.8318595,1.7580761,-2.232603,-0.3823035,2.2394674,1.947715,1.2255896,-4.8772316,-15.251679,-11.466436
TCGA-4Z-AA87-01,9.709823,3.2361083,-10.609356,14.501894,-30.790344,20.569208,-5.739021,10.292255,1.8340505,9.390732,-5.0309076,-0.26074055,2.5300684,-2.1732643,-0.91733086,2.7423627,2.676883,0.26914313,-9.28673,11.310157,4.945061
TCGA-FD-A6TE-01,9.765,-3.5916867,9.305006,3.1779509,-30.394236,16.711843,-15.718873,5.6301665,20.975798,11.999182,5.8770204,-0.42149496,2.6162603,-1.2072431,-0.26964965,1.2695014,2.4725273,0.94567156,-16.630344,-5.4687414,23.848505
TCGA-YC-A9TC-01,12.45165,4.5832148,3.4105306,1.473041,-36.95894,-1.0981567,-26.8478,18.91457,3.6582465,14.058626,9.208974,-2.7119286,2.2232516,-0.8436489,1.9745405,0.9144991,0.6076419,1.877112,-22.438377,-18.53091,-25.297125
TCGA-BT-A2LA-01,13.048728,31.936617,-4.434064,10.418659,-42.001377,-21.700798,-40.28188,23.56828,1.3297247,3.6928883,31.642092,-0.92200947,2.0004082,-3.5446725,-1.9247446,3.0522537,-0.15335912,-0.8761226,-29.287083,-41.462578,-5.3160853
TCGA-FD-A3NA-01,7.1618805,-4.438698,8.220785,15.820375,-35.188267,8.837775,-11.692243,11.1722355,4.761313,8.282278,4.8126063,-0.15641613,4.050766,-3.0330107,-0.7822861,3.1051123,2.9147072,0.19437052,-10.933282,9.614778,10.679305
TCGA-BT-A42F-01,14.958228,-18.81352,0.028044108,-4.588079,-35.4324,16.796526,-5.622218,20.788021,-8.846616,17.15236,3.7160974,-0.55174285,3.1164262,-2.6502588,-1.1775409,2.4021544,0.85190934,0.4950332,-8.905241,-3.303206,-7.1248035
TCGA-ZF-AA5P-01,16.337646,3.9008014,1.7320944,10.219224,-46.579193,0.40601087,-0.6459631,24.564606,-15.36199,-3.4458616,1.9300151,-0.10275817,2.0172834,-3.7104497,-1.5871207,3.699652,-0.535784,-1.1635677,-12.264007,3.3444984,2.3618476
TCGA-2F-A9KW-01,4.955129,5.5314736,2.0887353,14.399097,-36.223835,13.935756,-5.117617,14.97004,3.3359237,2.042243,4.8342133,-0.6651592,1.1263779,-3.0491188,-6.606232,5.595728,3.157194,-1.1153485,-5.9482403,-13.458825,-8.872211
TCGA-4Z-AA80-01,3.9392571,-1.9767728,2.7461455,14.485833,-25.17535,6.8131747,-17.681128,8.322393,20.080639,2.4657042,10.230709,-2.0680501,2.941515,-1.7554018,0.47285065,2.6677732,2.1377146,0.6083147,-12.691433,10.862919,3.7328038
TCGA-XF-A8HD-01,10.584488,-7.3121204,0.5749892,19.385103,-34.105236,30.738983,-2.2781043,8.848245,-1.8900057,15.575086,-1.0855527,-0.6351727,3.0304234,-1.2430173,0.4992106,1.0387706,1.7052947,0.53222364,-15.243969,-0.30874535,-0.4735461
TCGA-2F-A9KT-01,14.181483,4.7043943,3.4415944,4.4397,-33.748653,10.266827,-11.029701,19.219597,0.33498612,9.668031,17.389765,-0.58494425,4.1038866,-4.0429564,-0.5303876,2.6286771,1.8027979,-0.053928398,-10.362554,2.4504004,1.8651277
TCGA-E7-A677-01,13.796142,-19.10654,0.79346526,9.894086,-34.730114,5.625402,-14.536419,8.5512,6.7679796,15.039209,12.042023,-0.9619684,2.5092936,-1.7288647,-1.0843958,1.9584681,2.4412203,-0.26174748,-17.424055,-5.9269104,24.649237
TCGA-SY-A9G0-01,17.312136,6.932827,0.63139987,14.814995,-45.191143,-1.494281,-2.5401063,24.182465,-17.765638,-8.181484,7.7226076,0.03564769,2.3154325,-4.195212,-1.1487228,3.6258652,-0.02322227,-0.7998789,-12.175012,-0.45005032,7.595517
TCGA-YF-AA3M-01,12.246272,-1.6727583,15.579315,-1.3527905,-32.425873,12.319104,-7.992014,15.28873,6.732181,13.193607,14.959883,-0.47592396,2.9543216,-3.4743927,-1.8013397,3.0395513,1.8474278,-1.4920775,-14.720792,-11.464744,13.3429165
TCGA-CU-A0YR-01,10.615674,-4.4384556,-7.0208163,20.384804,-35.297844,13.226142,1.2683719,11.564268,4.8639255,3.075288,0.3844857,-2.0352335,3.8281872,-2.205021,-0.86547154,3.406527,1.8047572,0.99293226,-12.003729,2.353537,4.451281
TCGA-K4-A83P-01,14.217685,-2.5102963,-5.86856,21.237055,-47.34342,-2.0205305,-3.4709876,18.151705,-14.240616,0.17655018,-9.446548,-0.19783531,1.9689884,-3.3579655,-0.7860361,3.289337,0.031324748,-0.2997214,-9.6584635,2.018867,-0.79066855
TCGA-ZF-A9RL-01,6.5159583,-8.481149,1.04336,0.72253364,-24.297043,1.1047403,-16.49146,1.5673971,28.41292,8.786528,11.21884,-1.907004,2.9614067,-2.6284811,0.15856421,2.2334116,1.8841261,0.32971284,-20.105017,-12.087406,33.3935
TCGA-FD-A43S-01,18.44293,-20.042585,0.93919384,14.028557,-46.03728,-7.733948,-3.6913342,13.8554,-14.4267,7.62429,-13.227128,-0.111697495,2.8512497,-3.680176,-1.3862323,3.6277757,0.12840778,-0.82071185,-8.406582,-3.8298082,1.8883789
TCGA-GV-A3QH-01,7.1897597,7.5433817,2.4801831,10.463696,-30.356056,-0.46025062,-25.739576,7.1071863,26.21787,1.3756112,10.732016,-1.7253699,4.317405,-2.5238612,1.2181077,1.7728367,2.5560994,1.5819043,-18.220009,1.3255656,7.061951
TCGA-4Z-AA84-01,11.145038,12.528001,4.136026,3.6863277,-33.424023,17.674189,-15.18304,18.280802,1.7255815,19.654552,5.5281544,-1.0787004,2.3027253,-1.4251797,-0.08483733,2.0567267,1.6386962,0.12243342,-4.821517,-4.8840904,-8.684411
TCGA-K4-A4AC-01,20.4924,-14.915568,4.1704836,-3.9241211,-28.837763,10.166471,-2.850427,24.725647,-12.650068,11.1824,27.796415,-0.015759038,3.6839767,-3.62651,-1.3193313,2.900101,1.1416992,-0.5672762,-14.590817,1.8212669,-7.2644053
TCGA-K4-A6MB-01,12.381791,11.456523,4.849978,3.7329714,-39.65512,-1.3714619,-11.970915,18.294777,1.274319,-1.1678573,13.486174,-1.5624526,3.4343517,-4.2936125,-0.7844819,3.1474001,1.6272489,-0.96552145,-15.230557,11.514681,9.486438
TCGA-S5-A6DX-01,18.190144,-20.101929,-14.969678,1.5957245,-44.86343,12.335107,-2.489417,14.805883,-7.958842,11.489319,-20.565643,-0.8959231,1.1767086,-2.9798076,-1.7872078,3.618789,0.9633111,-0.11667974,-8.247914,-10.143,12.221603
TCGA-GU-A766-01,18.272251,-17.373356,-1.2919968,3.142543,-39.975746,8.906769,-6.2634706,24.52935,-14.398858,14.765815,8.34601,0.065402344,2.6199718,-3.3497007,-3.5541916,4.7920427,1.3838356,-2.188873,-8.183778,-10.57189,5.473251
TCGA-HQ-A5ND-01,8.048684,-6.652667,25.275633,-1.6069504,-28.842249,5.3983445,-19.085688,20.562645,7.4248195,9.511095,31.032917,-0.39813545,4.1212626,-3.657447,-0.6778945,2.5536337,1.4527365,-0.39021906,-9.853884,-12.016789,6.9480987
TCGA-E7-A7XN-01,13.355659,-28.273846,7.234147,2.7565482,-30.657993,12.725842,-13.8262,15.664181,-2.7597957,18.391249,11.045171,-0.50199306,4.4789853,-4.1460395,-0.814192,3.0049908,0.59738076,-0.19304812,-8.140456,-11.4531145,-4.2314243
TCGA-XF-AAMW-01,12.440202,-16.672337,15.526988,12.526112,-32.163013,-1.3119504,-7.6361375,18.834846,-7.3697195,5.500966,27.33096,0.032678474,4.772317,-2.9894078,-0.31536677,1.9341947,1.5209794,0.22182447,-8.403573,-31.693583,1.8571241
TCGA-K4-A3WV-11,16.79729,-8.589617,3.324899,13.929623,-36.988884,-14.419869,-7.346674,7.301804,4.230059,-1.319019,9.443415,0.11269201,2.226348,-3.9287221,-0.37441745,2.957044,-0.19595607,0.034413997,-3.618419,-2.85772,6.327834
TCGA-GC-A4ZW-01,9.152083,5.3880277,4.552429,5.1568418,-30.801878,2.3959277,-14.717808,9.879424,18.835129,9.888728,3.3588753,-2.544145,2.7572603,-0.3643477,2.7164738,-0.17235087,0.5994177,2.7447736,-12.342996,-12.845057,-0.59604293
TCGA-G2-AA3B-01,4.6687093,-22.704632,4.1579165,5.1902733,-30.311626,14.292879,-16.085423,3.6370459,18.596199,11.805021,-9.007685,-2.6181955,4.726665,-1.3776709,0.21866663,2.552812,3.2499213,1.4554402,-3.785467,0.51680946,-3.3789494
TCGA-DK-A2HX-01,13.079549,13.182996,10.917168,10.969931,-41.35985,4.2295156,2.0029273,20.053852,-12.27852,-7.085251,8.058902,-0.089646414,1.2513385,-2.6744425,-0.9657105,2.8860147,0.98260033,-0.8967047,-10.572539,-4.543321,1.9420786
TCGA-GC-A3RB-01,11.547284,3.7328851,-1.5807072,12.476912,-31.899422,-2.9870331,-13.58684,10.244657,11.193169,14.900918,14.483322,-1.390243,4.2739024,-2.4825246,0.59297854,2.0764546,1.9596833,1.1300699,-12.801127,32.947136,-4.611152
TCGA-GV-A40E-01,13.841239,-1.5324403,-0.7358817,7.8861804,-35.433983,17.13584,-9.647207,19.62841,-4.1173844,18.021519,19.679314,-0.33932164,4.156792,-3.312918,-0.18878867,2.2603393,2.0093434,0.46624,-12.171071,-1.8069024,-5.755273
TCGA-FJ-A3ZF-01,6.1459265,8.153596,-5.310714,3.4256663,-29.025467,13.915841,-19.197779,11.023126,17.596256,-3.0476665,15.272439,-1.7415004,2.3307545,-2.1288116,-0.068736434,2.451892,3.1256266,1.0940722,-6.5795584,28.714972,-2.7566078
TCGA-XF-A9SU-01,16.09534,-11.346634,-0.28559792,10.669655,-41.346664,4.7492943,2.819466,15.878567,-12.027464,1.4933467,-6.4450736,-0.8334145,2.9343395,-3.3269053,-0.68961596,3.9633121,1.0885777,-0.3893294,-7.26814,-4.1812887,5.9017277
TCGA-ZF-A9R9-01,13.419021,2.7523742,-2.49164,10.3700485,-39.127445,20.165546,1.7312573,12.866383,-13.544346,0.42799678,-3.3501272,0.029670175,0.07333828,-2.6006105,-2.8449123,3.6135712,1.5794607,-1.8789959,-18.82404,-4.609371,11.8246975
TCGA-DK-A2I2-01,18.035656,-5.5355296,12.989731,4.251532,-35.787968,8.184921,-8.114109,26.577831,-15.896275,4.9685793,22.039825,0.32382214,2.975386,-3.1313684,-0.89411116,1.9937602,1.1371151,-0.13368025,-7.6225586,-4.625521,-20.69191
TCGA-FD-A3SQ-01,15.586286,-2.331897,4.0879116,13.713017,-41.823605,3.4809291,-4.053717,12.99391,-10.426373,6.3549094,4.5415792,0.008316372,1.7871499,-2.698393,-1.7869834,3.000745,1.3673847,-1.1763207,-15.985795,3.0076551,14.355499
TCGA-XF-A9SH-01,13.056884,-9.796677,-1.400736,9.781799,-32.296455,0.31677985,-4.599922,6.210234,2.6808667,6.752187,2.0241501,-1.3329546,3.3350515,-2.6121984,0.28051257,3.0294583,1.6208297,0.3065761,-6.511091,-7.112062,19.072039
TCGA-XF-A8HC-01,5.953002,-2.4141831,5.743659,1.2081164,-26.39258,12.534606,-12.482079,4.1224694,29.859114,0.66692317,7.5913982,-2.5046515,2.4570386,-0.7388022,-0.25349343,2.2292435,3.126561,1.1421838,-22.89481,-8.499091,19.145407
TCGA-K4-A5RI-01,12.893069,-7.240434,28.453146,0.770255,-35.846416,-8.715856,-11.962687,20.9571,-5.4584913,6.668374,18.782284,-0.75805134,2.2748914,-4.027423,-0.30896527,2.0901914,0.099444,0.17671081,-9.188151,-9.173943,-11.3969345
TCGA-BT-A20W-01,12.751571,-5.393097,-10.223264,20.588509,-36.816784,-4.517303,-14.206301,10.491386,7.8230786,3.9365134,7.314063,-1.7075607,3.187401,-2.6747184,-0.6714487,3.4917042,2.2569776,0.29846445,-9.4175825,18.169542,7.520834
TCGA-CU-A3YL-01,12.8697,-12.465352,0.9612652,4.493743,-36.1453,2.9088805,-7.778335,5.8618617,14.347542,8.009401,3.0026445,-2.050089,2.534418,-2.5295503,0.8353351,2.7553914,0.62102914,0.53307605,-18.045013,-11.867448,20.218143
TCGA-DK-A1AD-01,8.654092,0.8611859,3.046076,14.345312,-34.57799,11.566432,-6.928354,11.813444,-0.28290805,-3.4955862,7.1273465,-0.0628225,2.0598812,-3.6459262,0.1547151,2.9108953,0.3191744,0.2271497,-12.314063,17.390305,-2.9251
TCGA-CU-A0YN-11,19.368683,27.240435,5.5591874,11.595697,-41.939404,-6.8859143,6.4060316,30.735367,-31.02562,-14.869652,23.126513,1.0455688,0.60067487,-3.673506,-2.128365,2.5526752,-1.4487318,-1.0701478,-16.040215,1.1882453,-0.12973744
TCGA-XF-A9T8-01,14.121947,-18.01449,16.379993,-0.23044951,-36.328815,13.586465,-9.813968,21.21635,-13.51731,10.373172,14.439657,-0.3098113,3.8238432,-4.4900036,-0.37164548,2.2586942,-0.18949059,0.46151644,-11.98373,-11.207252,-6.0522537
TCGA-C4-A0F6-01,11.3087,1.9075357,13.907266,9.800102,-31.832033,0.29820693,-9.515593,12.812822,-1.25623,2.1582072,8.022111,-1.0562358,3.8751376,-4.2099147,0.35314938,2.5712416,1.6707542,0.5611287,-17.660076,19.757494,-5.504833
TCGA-DK-AA6U-01,7.5865746,5.144044,6.0369077,11.27013,-30.093489,4.2770844,-21.036983,10.652945,16.69155,3.9258842,10.776785,-1.4192536,4.2037373,-2.3409684,0.046542108,2.395607,2.9817483,0.38069105,-10.693673,12.53517,-0.4075182
TCGA-CF-A9FM-01,12.531533,-17.850803,-0.45145345,9.241442,-27.61574,0.6208904,-13.309942,-0.8459415,21.256504,5.28174,11.9351635,-0.9024783,4.2389774,-2.533386,1.5397953,1.1595963,1.0105549,0.8244749,-11.306479,4.927425,39.62124
TCGA-E7-A7DU-01,11.613648,-14.318301,1.2793741,2.6313777,-28.516205,4.2829795,-13.995956,1.3742027,21.162245,7.714422,7.274913,-1.753411,3.4140365,-3.0782983,1.9319646,1.5849522,0.7044494,1.5211674,-21.63955,0.023480436,28.977139
TCGA-UY-A9PA-01,10.504691,-19.731655,8.935829,13.588856,-31.035408,5.427755,-12.899336,5.653339,18.08108,15.683584,13.347326,-0.8846246,4.153245,-2.273852,-0.21941392,1.6587352,1.8981687,-0.053593427,-12.188543,4.5797334,12.03242
TCGA-FD-A3SJ-01,12.379928,11.610643,-4.469822,19.51119,-38.03716,-0.51522964,-8.325938,15.758512,-3.1621852,-5.7297544,7.8630085,-0.70025843,2.1385694,-2.7641635,-0.15025355,2.8575284,0.5798782,-0.17577344,-12.706158,7.3138766,7.633871
TCGA-CF-A47X-01,6.6103215,-12.901934,9.571742,12.282169,-26.839153,-1.121465,-9.890281,1.8397934,21.98235,2.0608706,9.887087,-2.545574,2.719273,-1.3756043,2.021507,0.783965,0.96354246,1.5195322,-20.302303,1.9169803,7.9370737
TCGA-GV-A40G-01,9.004466,0.58882177,7.4148684,0.7818348,-30.094593,13.954563,-12.343742,6.2892747,24.199036,2.4183848,2.404286,-1.9965887,2.758533,-1.7175775,-2.0495272,2.2620351,3.7449503,-0.024754992,-15.744983,-3.935955,13.387479
TCGA-BL-A13J-11,18.960676,27.345057,6.9835844,10.224301,-39.34753,-6.3449216,7.684149,31.169964,-29.020441,-16.095905,26.02297,0.92325705,0.71112496,-3.6712656,-2.1818955,2.591509,-1.5922974,-1.2583631,-15.9961405,-2.1829867,1.978235
TCGA-2F-A9KO-01,7.950562,-8.62626,9.169884,18.825573,-38.80047,-1.4972329,-16.322645,12.618801,0.29096356,5.143734,3.4173298,-0.5848877,4.0257077,-3.208315,-0.31085482,3.2657685,0.9863877,0.13760307,-12.925991,1.5688167,-0.28509408
TCGA-HQ-A2OF-01,4.6620507,-6.882347,17.981241,3.430909,-31.567432,-6.9832587,-24.49,13.88561,18.881351,1.2861025,9.338364,-1.5218191,1.8813367,-3.118766,1.7150156,0.9404942,-0.08184093,2.66429,-19.160776,-21.321861,-26.185759
TCGA-DK-AA71-01,10.804412,-4.476265,0.79333377,-0.66521674,-35.612896,-1.9924579,-14.906802,12.86585,13.044587,2.0307777,9.494249,-1.0202578,2.9940612,-3.0201488,1.1740005,1.2116548,0.7128337,1.231163,-13.472596,-2.859954,20.339043
TCGA-UY-A9PH-01,10.796807,-15.897087,-6.7448006,15.2619505,-36.93265,20.905035,-2.1857886,6.8886757,-0.3620759,10.151867,-12.809581,-0.65665376,4.447807,-2.5996394,0.26958954,2.9785268,2.0142663,0.44338757,-11.225961,-7.139754,15.572221
TCGA-XF-A8HF-01,16.75096,-1.3191247,1.884472,9.043175,-37.3728,15.154726,-9.340988,10.044377,-6.8647113,4.0673075,-6.390815,-1.2713904,1.8726995,-3.9286585,0.0688519,3.0329652,1.457747,0.19851269,-18.978004,15.333166,1.0137949
TCGA-CF-A5UA-01,13.769436,-14.401102,4.504552,3.5239208,-30.096891,-5.8874297,-13.622409,3.2946637,14.121851,15.873971,7.449871,-1.8451737,2.2617972,-1.9923179,0.7439208,1.3357306,1.2648636,0.87809545,-11.577061,14.318948,22.904058
TCGA-XF-A9T3-01,13.425835,0.45148873,13.846723,10.265526,-41.535595,6.743903,-1.6983703,23.832693,-19.615204,0.81811345,6.2556086,-0.42213702,2.9940124,-2.922696,-1.0880866,3.277066,1.2875636,-1.3553364,-11.358059,-8.486836,-11.801137
TCGA-XF-A9SL-01,18.095804,-5.3396897,0.256328,12.35573,-48.60163,2.227811,2.360784,21.336758,-17.014542,-1.9083525,-6.694023,-0.05170533,2.305841,-3.9157424,-1.7430418,4.0793157,-0.11703498,-1.1531909,-12.500131,-3.249538,2.6839197
TCGA-CF-A47W-01,15.359317,-13.53982,-3.1280563,3.719984,-26.354883,0.5150149,-13.114007,-2.8600008,20.249088,9.244329,7.259819,-1.3846978,3.2379482,-2.3197398,1.951,1.9186257,1.1473614,0.9449801,-8.617861,12.717423,37.014732
TCGA-K4-A54R-11,15.756457,-7.5149665,8.192288,17.962776,-40.134678,-10.781888,-2.436478,13.314148,1.6026162,-0.9415671,12.40073,-0.4253522,3.0356,-3.998416,-0.5510322,2.9649088,0.1986763,-0.36428803,-18.357824,5.0537944,11.842557
TCGA-GC-A3RD-01,9.290753,4.980981,1.6969855,5.710746,-32.542088,0.26079416,-16.610622,12.163673,5.207845,5.0354486,13.066048,-1.1320074,4.180507,-4.0986557,1.1119487,2.0067365,1.4125603,1.3284999,-2.7063005,14.424502,6.896909
TCGA-HQ-A5NE-01,12.877774,-4.9082823,18.44014,5.6786985,-37.67314,5.843042,-4.4105597,19.365524,-0.6986824,9.617013,20.19812,-0.7625797,3.528195,-2.6583555,-0.509313,2.1509647,1.731349,-0.4420703,-16.126766,9.5223,-2.6358635
TCGA-FD-A3N5-01,22.582283,-9.428849,6.5780416,-16.646832,-33.068478,7.6217356,-2.0776503,29.770044,-5.6967425,5.4555655,39.31684,-0.87798685,3.2594664,-2.3111122,-0.35985437,2.204743,1.0580499,-0.46666464,-14.7215185,-10.9768,-0.66018325
TCGA-E7-A3Y1-01,10.687136,-14.992376,2.615949,7.8868546,-29.928223,0.84678197,-13.628092,3.5378833,15.619884,3.6985958,13.175861,-0.5344913,3.9719217,-4.004762,0.91174144,2.3515134,0.83882165,0.55075765,-13.152806,7.3395443,19.84717
TCGA-4Z-AA81-01,8.873212,-13.801999,1.9777032,8.173669,-27.836454,26.515425,-1.3545586,12.449992,8.317121,14.919988,7.409153,0.09408076,3.436046,-2.452239,-0.46822482,1.299427,1.8501347,0.096747845,-11.422424,-8.268462,-2.3281033
TCGA-G2-A2EC-01,13.880206,-12.916133,2.0780694,20.602646,-36.601803,-3.3614738,-6.028151,6.800732,-7.383048,1.2253588,5.478223,-2.0638292,2.9027274,-2.1762414,0.2258753,2.8619869,0.84871125,0.4819435,-9.504996,-6.577495,7.455998
TCGA-K4-A5RJ-01,12.679255,-5.730087,-7.1923714,20.166126,-34.33074,13.09216,-8.332785,8.713646,-9.749778,15.275795,-2.3033352,-0.08136159,2.7798595,-2.0155437,-1.6343728,2.1166642,0.5246107,0.8614288,-16.203852,-13.172577,0.6056189
TCGA-CF-A5U8-01,11.0261755,-15.955503,-2.0372393,9.021688,-22.789825,3.3288014,-11.905025,-3.8684437,24.078447,5.272045,8.074188,-1.5697663,3.6248083,-2.2379386,1.715551,1.1725649,1.3345147,0.9365435,-11.449374,5.179303,39.163635
TCGA-K4-A3WS-01,13.627213,2.8803363,-1.2452178,15.764851,-44.46184,2.453512,-4.2300105,19.816696,-15.102884,-1.9305022,3.8586836,-0.21884835,1.26799,-3.55141,-1.5423943,3.1514425,-0.043569468,-0.68039733,-12.722714,0.7320318,10.869055
TCGA-XF-A9SW-01,18.66986,5.599673,3.0929327,8.81409,-47.667034,9.374464,7.3465843,26.005638,-20.61189,-2.9107654,-0.6272464,-0.53756094,1.9148755,-3.359754,-2.088021,3.950014,0.3682524,-1.3819717,-12.036696,-2.8102674,3.8399851
TCGA-DK-AA6W-01,14.018009,20.093275,-2.9476101,6.1990957,-41.07971,-20.614317,-31.937172,22.78532,0.72114503,10.2869425,18.66215,-2.4007502,2.2388804,-2.6100726,0.1931642,2.5292714,1.8065567,-0.14474374,-18.140434,0.8534677,-23.051218
TCGA-DK-A3IS-01,8.698569,-8.571691,14.93358,7.968108,-28.093216,-4.5120378,-21.291365,6.7903624,18.909594,2.7175407,13.117954,-1.3186908,2.4824743,-3.1640377,0.76837355,1.5579169,0.62970304,1.1640393,-10.161775,13.812694,-1.8172449
TCGA-G2-A2EO-01,9.67049,-9.5541115,9.694839,19.425613,-34.2768,9.212579,-4.807022,7.8127537,-7.3832884,8.967008,-4.7205257,-1.1205446,3.3313715,-1.471853,1.147227,1.7809224,1.6114076,1.4137875,-13.781139,0.16148187,7.9686427
TCGA-XF-A9T0-01,13.857339,-3.8196185,-10.556634,12.58912,-34.96518,12.65976,-5.717345,14.103232,-5.196541,4.6847878,-0.0383066,-1.7245846,2.263314,-2.984415,0.3412884,2.6566725,1.7093112,0.87772053,-4.7713976,20.054533,-5.759646
TCGA-FD-A5BU-01,19.503424,-17.015085,8.042301,-5.789112,-37.983593,-3.7904575,-1.3453492,29.475534,-21.966852,8.919818,23.725843,0.43022212,2.1868536,-5.305617,-1.8784834,3.31685,-0.42199275,-0.450319,-6.5445147,-8.530854,-9.720171
TCGA-GV-A3JX-01,9.64554,-4.473844,7.7896547,7.834874,-37.78968,9.530096,-22.028913,8.6216545,14.068928,3.636544,-4.2141457,-1.7312295,2.6782646,-1.4416081,0.55710244,1.2624555,1.9730959,1.1138825,-20.947378,-12.658223,1.6776788
TCGA-FD-A62S-01,15.219074,-2.4771535,10.443843,11.676029,-41.199337,-3.4298084,-7.0598483,25.894257,-26.216803,6.1450505,16.046066,-0.7113653,2.1247663,-3.5929794,-0.693586,2.697668,0.17378931,0.2689235,-11.687114,-7.0631013,-14.177469
TCGA-BT-A2LB-01,12.9356,-11.687026,6.4334154,17.403294,-36.316578,4.0985427,-3.7894714,13.166846,-8.548046,-0.47883818,2.2545578,-1.1339906,2.8013923,-2.8474944,-0.76723725,3.354914,0.7785319,-0.25668603,-8.919993,-4.486646,4.8559446
TCGA-FD-A6TI-01,13.570201,0.22771895,17.22774,3.1647224,-37.97078,3.0208929,-3.3712664,10.152889,6.3520765,5.945245,3.3003578,-0.6377193,1.9757009,-2.5074332,-1.4230304,3.244707,1.9576437,-0.678144,-14.486613,0.5525608,10.1639185
TCGA-XF-AAMJ-01,14.338329,5.4137735,1.0706835,19.46308,-39.279865,9.212774,2.3196454,15.361298,-17.38176,1.8462437,7.2268314,-0.25638622,2.1602695,-1.949423,-0.98396534,3.0620139,1.9995095,-0.4623404,-11.712857,-1.43262,11.135758
TCGA-XF-A9SZ-01,10.702904,9.903885,-3.883053,4.6572495,-41.355305,22.14835,0.6363931,13.905494,-5.7041144,4.2704506,1.128654,-0.9073426,2.0863235,-2.1795306,-0.8626793,2.9879475,1.7527419,-0.07830266,-15.143573,-12.530543,4.087623
TCGA-CF-A9FL-01,10.123897,-5.8232803,11.198043,10.435408,-32.814495,10.134692,-14.133824,10.577244,0.1564335,-0.702978,13.904913,-1.2978141,3.3417165,-4.028133,1.1272591,2.6763012,0.69662327,0.7826144,-9.590539,-1.8441385,9.887419
TCGA-ZF-A9RD-01,23.469334,-32.351078,8.3096285,-10.380238,-37.666523,-5.4589887,-3.965774,27.000607,-15.829261,11.201687,15.717005,-0.22662862,4.301659,-3.4156587,-0.8816981,3.1712413,1.6385428,0.23793334,-1.3734334,-28.871143,-1.2854593
TCGA-GD-A3OS-01,20.492542,11.4622345,-7.6284876,7.2364473,-44.415012,-26.118032,-27.845657,22.500519,-14.88825,16.239674,17.725603,-0.6037,3.9363213,-4.33464,-2.0310755,3.919956,0.31232437,-1.4504327,-4.411021,-16.796997,-14.991757
TCGA-K4-A54R-01,12.253618,-4.718533,-4.6155667,11.136771,-35.706745,23.807013,-0.26231983,9.423214,-6.8376184,13.538002,-1.2931203,-0.7421946,3.5366473,-2.0617313,0.58498275,2.2062447,1.9524205,1.2422515,-20.309677,-3.9223518,4.08177
TCGA-FT-A3EE-01,10.219364,-8.645434,11.84086,13.807583,-33.076664,1.1470648,-9.664337,15.77073,4.725565,10.611008,17.26452,-0.3327573,3.9193275,-3.1385095,-1.037342,2.4440367,1.9853808,0.0016498491,2.5851014,2.250823,3.4124649
TCGA-FD-A43P-01,8.917919,0.725824,-10.609171,20.677341,-38.690617,5.694493,-18.785378,10.5719595,1.2396702,5.7081337,-2.92178,-1.1568563,2.8219707,-1.668765,-0.7145217,2.784052,2.9563534,0.67095906,-11.038982,-0.9291034,6.3470263
TCGA-XF-A9SJ-01,13.573564,-7.5850587,1.6843258,8.964522,-41.014194,23.343351,-0.7501725,14.135526,-7.199095,14.761048,-11.144781,-1.5747836,1.6667196,-1.214628,-3.6502855,4.2328687,4.1838813,-0.8404734,-13.839234,-5.0044003,0.5018074
TCGA-K4-A5RH-01,16.98361,-0.73831844,-8.443457,27.40451,-37.609875,5.458446,-7.562158,13.579874,-17.571539,11.15796,6.302281,0.38337436,2.4434597,-3.0604117,-2.8086593,3.326399,0.2089261,-0.83131313,-13.432189,-12.724948,-2.7943382
TCGA-R3-A69X-01,10.406882,-3.9377954,5.229545,17.50122,-41.247753,-0.008757606,-5.196429,14.954726,-6.993159,-0.86840165,0.7183101,-0.6902742,2.271467,-3.6783323,-0.85169494,3.5476458,-0.11572572,-0.3126564,-5.881972,-6.4882865,11.945886
TCGA-UY-A78K-01,10.4629755,-6.6718874,-6.6439867,18.516705,-35.35543,18.924028,-7.992786,7.7427344,0.2754425,7.781899,-15.500147,-1.7070751,2.6708763,-1.1264673,0.62585366,2.3475065,2.5787978,0.4633382,-16.30923,2.0561342,-7.3302193
TCGA-CU-A3QU-01,3.5201285,2.5694065,4.8445168,10.97966,-22.56036,22.517807,-6.287554,1.1539514,28.607101,0.372759,6.9068084,-2.6230226,3.1730535,-0.92093664,0.359161,1.8830632,2.6832366,1.257576,-16.552277,1.8147041,0.22618455
TCGA-FD-A3B8-01,14.8303,-4.6255064,6.1014752,17.819002,-44.490097,2.489976,-4.46416,28.015106,-26.749838,1.7431539,10.631693,1.0111471,0.9965127,-3.501863,-1.9454936,2.6570785,-1.1271447,-0.71116424,-13.727214,-4.197781,0.016813701
TCGA-DK-A3IV-01,6.8866277,-16.382416,5.5324693,16.718727,-31.80319,7.0326505,-17.736313,4.2896476,12.644165,9.579098,-6.4865103,-1.0777812,3.7521157,-1.5785124,0.12062976,2.4829664,2.1735044,0.65111655,-17.0813,-3.2824473,0.974678
TCGA-GU-A762-01,16.420115,-19.326862,-3.6530874,14.921303,-34.47487,11.200484,-0.44265762,14.340738,-20.363796,18.989107,6.072466,-0.00033525564,2.6325908,-1.404113,-0.5789184,2.0981529,1.8780297,0.25936717,-12.500005,-7.3236213,-0.42340928
TCGA-XF-AAMX-01,7.9378495,-0.6855897,9.505925,7.6648793,-32.22636,13.922241,-6.5797462,9.04102,1.988604,0.42334914,-0.0033490434,-1.3725612,0.23427697,-2.3216457,-0.0488911,2.6226351,2.131402,1.1770977,-4.5523944,-17.69703,-12.313824
TCGA-CF-A1HS-01,16.315548,-8.518683,-0.31129444,-1.828024,-33.102364,-8.937346,-9.691841,26.74258,-7.907265,8.160963,29.736156,-0.60287166,3.2963006,-3.348339,-0.31917965,2.176699,0.95523655,0.7726242,-2.1213262,-9.11362,3.5144966
TCGA-GU-A42R-01,8.563604,1.1312433,5.0133233,4.490748,-34.234432,-12.796834,-23.480263,15.44909,18.200249,2.2603161,28.553825,-1.5761889,4.0662236,-2.9372907,0.95790577,1.4405429,1.0557894,0.97917265,-16.32706,0.35309508,13.517101
TCGA-YC-A8S6-01,14.715781,-18.94889,3.010324,15.151857,-41.790287,-0.5141274,-3.9348824,14.33938,1.9992465,4.1112866,6.0921974,-0.32111698,3.4139657,-3.2654834,-0.3390484,2.6489136,0.82624817,-0.026046915,-14.912034,-8.780453,12.2734
TCGA-ZF-AA4W-01,19.57557,-12.170146,11.063409,-13.22419,-31.879206,-3.4389873,-23.206398,29.635612,-3.0430627,7.8812604,29.681206,0.28377965,3.7919533,-4.361262,-0.21212557,1.7698956,-0.15091637,0.8816007,-8.966378,-11.324031,0.76538485
TCGA-BT-A42E-01,20.65037,-19.06223,-9.684962,-4.418767,-35.125744,8.793202,-10.767316,22.202112,-8.498482,23.6522,16.473732,-1.6399734,3.7304556,-2.3321626,-0.5012954,2.1274555,1.2964643,1.0774298,-11.297119,-3.1449914,5.3895206
TCGA-E7-A7PW-01,9.273975,-0.30884063,-11.466018,5.2926836,-34.556355,2.909829,-23.33953,8.55645,15.383433,9.718654,10.29069,-1.6679432,4.2163277,-1.7202383,0.7203266,2.6221716,2.5821888,0.54421484,-10.549046,-5.13148,21.00016
TCGA-BT-A20U-01,12.422864,-10.874915,26.029432,-0.9994274,-34.271156,-9.743331,-8.400452,21.548996,-3.9254994,7.0262485,17.073578,-0.17264153,1.806133,-3.4367523,-0.17614299,1.680255,-0.035722136,1.1832651,-3.62834,-7.4954686,-12.570171
TCGA-GU-A764-01,14.584035,-3.2327504,1.877617,0.50393265,-41.727432,12.884058,-4.613755,22.31871,-15.239594,15.320974,3.607788,-0.3444486,2.1176925,-2.265974,-1.1962314,2.9801445,1.0909663,-0.7895889,-11.5927725,-5.588262,-3.2153528
TCGA-ZF-AA4R-01,12.606576,10.672632,2.5947878,0.43213528,-39.787754,-0.100478426,-15.832505,17.738012,-5.62441,11.214693,13.459842,-1.0714568,2.7722504,-2.0306067,-0.5252548,2.2632215,1.7423711,0.28942943,-13.582696,-11.7236395,12.570379
TCGA-CF-A8HX-01,15.992773,-17.272472,2.733387,-4.107333,-29.851452,0.9844785,-13.035056,6.198605,12.36788,17.522211,2.7393992,-1.1665548,3.5987587,-2.5952685,0.21996412,2.1490674,1.9867916,0.18411717,-4.0933995,14.82217,13.140233
TCGA-E5-A4U1-01,13.692878,-9.663517,-1.070954,0.1346436,-33.80202,-6.4903398,-23.605574,6.2347183,20.169603,13.228085,2.001205,-2.3408623,2.3714046,-2.6905305,1.8199245,0.60221386,0.8430926,2.2887805,-17.53545,4.7996964,8.255188
TCGA-FD-A3SN-01,13.409394,-1.2476104,-2.4896677,4.7588005,-35.670425,18.48483,3.5422804,16.787844,-5.908065,12.403309,11.995812,-0.33266217,2.6246414,-2.1428475,-0.99348974,2.7542362,1.8076006,-0.51906997,-11.04297,-3.3644776,-0.65594584
TCGA-4Z-AA86-01,16.710526,-10.008434,-3.1937273,14.860242,-36.695736,10.255164,1.0124098,20.624897,-19.045675,12.206224,16.340935,-0.68410426,3.9214232,-2.05993,-0.8116466,2.5028768,1.0086322,0.4025651,-11.474812,-7.0579634,-1.9289186
TCGA-CF-A47V-01,15.556548,-24.33036,-6.901404,6.993105,-31.47441,7.620009,-9.594269,1.0726202,16.735796,8.801646,9.408461,-0.7705175,3.6997616,-2.0011797,1.0337466,1.4771222,1.9409428,0.6713532,-15.7930765,2.7739987,31.999504
TCGA-FD-A5BR-01,12.175761,-6.817482,2.5356863,12.1093445,-39.408344,-2.756742,-7.6965947,18.086792,-5.1789346,3.8776314,2.2806745,-1.2461064,3.3716285,-4.317579,-0.6944968,4.305569,1.0245862,-0.73372525,-12.197506,-0.713501,7.4547825
TCGA-GV-A3QF-01,5.1502523,-8.555886,4.6182404,3.7416117,-28.423653,20.557093,-9.429652,4.004417,24.947584,7.7344866,5.581534,-3.5934217,3.8765574,-0.86724216,-1.948438,3.8256588,3.0189524,1.2331915,-8.281554,-5.183311,10.111313
TCGA-XF-AAN4-01,18.154467,1.8134816,2.1970959,15.362682,-44.005466,-5.528431,3.92447,28.434034,-30.345013,-3.728134,11.79034,0.44682977,1.836535,-4.5419426,-2.2314494,3.623736,-1.0311346,-1.2876049,-7.929762,-14.229636,-7.3151236
TCGA-GV-A6ZA-01,7.597813,-16.856668,4.9568954,16.37906,-28.244621,7.3838205,-13.853014,-0.1949279,15.208611,10.815562,1.7803142,-2.7217357,2.9249241,-0.88448405,2.1275964,1.0793176,0.8813389,1.7654243,-13.705517,8.661937,12.384575
TCGA-PQ-A6FN-01,19.206072,-12.828889,5.226155,-5.6240363,-36.67201,-1.2683744,-1.1985525,25.203028,-14.247646,14.083344,7.4202204,-0.5518827,4.0177836,-3.255125,-0.40876812,3.0094984,0.99961364,-0.14018244,-3.1979322,-22.604654,-3.7678516
TCGA-XF-A9T6-01,14.135722,-9.237688,7.5180283,2.4781554,-30.293827,18.71852,-2.0751567,12.600414,0.62394464,20.175787,9.281293,-0.79083085,3.4578826,-1.0584917,0.3599372,1.1753436,1.8131591,0.99517673,-12.408645,-38.044315,-7.26272
TCGA-CF-A3MG-01,7.1646323,-10.934928,11.882323,-2.0314982,-23.595785,6.615611,-9.769131,2.2651327,28.552702,9.475824,12.785242,-2.1243374,1.4165037,-2.379029,-0.6432894,1.8844159,1.8495139,1.1437732,-27.218082,-10.501874,24.546371
TCGA-ZF-A9RE-01,10.968522,-10.7248,21.139715,-12.901612,-30.835035,-7.683211,-27.093863,22.52998,12.752938,4.907142,30.51773,-0.62868404,5.0996633,-4.324089,1.8731021,0.5131916,-0.4112906,2.34933,-4.322242,-21.375856,3.6294482
TCGA-DK-A1A5-01,11.466584,1.893284,4.838433,11.191086,-35.50105,14.158259,0.2479292,13.599077,-9.473363,3.3733346,19.262812,-0.032605145,2.002405,-2.8027058,-2.192982,2.8068752,2.0764477,-1.3669621,-19.243587,2.1336927,-0.26311427
TCGA-ZF-AA56-01,13.21507,-22.962044,20.977077,6.4394045,-38.566135,-8.740758,-9.046748,17.777252,-2.4105258,7.7129498,8.089674,-2.2309203,4.2685423,-3.2207747,0.61846566,2.2797709,0.5183541,1.3239933,-4.8085966,-7.3505387,-2.2572134
TCGA-GU-A767-01,13.491334,-0.45407188,-4.494089,2.960967,-40.785873,-7.3886743,-8.328522,14.750407,2.0282593,4.8288283,2.2519686,-1.2296187,2.0274296,-3.8217971,-0.23067746,2.956057,-0.28259733,-0.5707524,-12.698692,1.263736,18.688581
TCGA-GC-A3WC-01,12.030066,-18.759617,16.965729,5.591617,-40.685284,-7.9057484,-11.827349,24.27444,-12.85043,11.327642,10.925789,0.31390184,2.1296272,-4.533394,-1.5392836,3.3403692,-0.6479913,-0.42763692,-4.9729433,-3.0399604,-14.071956
TCGA-4Z-AA7N-01,15.326898,-11.307237,-6.5192375,18.138817,-45.571457,-7.4293456,-9.347049,16.325335,-9.930681,5.059815,-6.6886883,-0.9801335,3.844776,-3.0892692,-0.4536442,3.9298964,1.4293085,-0.21254371,-12.422442,-5.6735826,4.8390007
TCGA-H4-A2HO-01,6.6766143,-13.910869,5.6633015,18.130505,-33.934017,12.046885,-8.897516,8.121122,14.002966,-6.628406,-0.94544184,-0.66225547,-0.37239906,-3.170879,-6.335451,5.7494535,2.929249,-2.3375237,-16.846163,13.652709,-6.64033
TCGA-XF-AAMZ-01,10.954955,-12.668523,-12.373416,14.975561,-34.24158,-5.3163996,-4.7880077,10.205921,4.8627505,3.2616966,1.7827792,-2.3541713,3.0388043,-3.0444527,-0.89221,3.7810547,1.8762518,-0.41159397,-0.97938275,1.1040637,4.7586846
TCGA-2F-A9KQ-01,9.423755,-9.963992,8.834512,5.620162,-31.418835,2.9864833,-10.053423,6.110783,21.124311,2.4058642,10.762495,-2.1109,1.992112,-2.3742232,-3.3144913,3.0552151,3.777246,-0.65134966,-14.727573,23.241556,12.566662
TCGA-4Z-AA7M-01,10.402424,7.3272524,0.8999802,9.200832,-31.885572,16.322721,-22.39376,12.728874,1.0769385,1.6146437,10.122147,-0.8662973,3.16213,-2.9388263,0.591119,2.6853402,1.527552,0.62131274,-11.647319,-0.5535557,5.9408216
TCGA-FD-A62O-01,12.617312,-6.548247,3.69465,11.920231,-31.06536,11.942112,-3.805534,9.71789,8.162565,1.565975,13.854525,-1.560468,2.8589895,-3.2316523,-1.3206816,2.6420128,2.3858247,-1.0523869,-19.248394,15.540356,18.054848
TCGA-FD-A3B5-01,17.117735,-4.1571975,19.316893,-18.544043,-36.084263,-1.3169277,-25.108904,31.4187,-3.493115,-3.7012355,40.508785,0.059881736,3.4988549,-3.664232,0.33164757,1.4241734,0.5328176,0.9825617,-24.3183,-20.648188,-6.756194
TCGA-ZF-A9RM-01,3.7836096,1.0326648,-2.8410547,6.682458,-24.68871,6.2138896,-20.995625,3.3671858,28.968603,0.11879971,11.688036,-1.6947565,3.7221782,-2.4449384,0.5760314,2.7235754,2.9641452,0.5364669,-23.045464,10.717158,35.501495
TCGA-FJ-A871-01,19.567663,6.880232,-8.043363,9.397692,-37.59309,-12.902593,-16.077118,16.692442,-10.450326,9.140877,10.197382,0.3234948,2.7230222,-2.9509304,-1.8908685,2.9311252,0.82236904,-1.0761137,-14.296478,-9.908849,-12.000089
TCGA-XF-AAMT-01,14.763806,-1.4469687,19.937695,10.329768,-39.69273,-0.9641087,-14.155005,24.5381,-17.79564,2.5255435,19.362562,0.14266858,3.192926,-3.7394311,-0.28669342,2.3479815,0.49178517,-0.03156943,-7.23931,-21.525793,-11.8513565
TCGA-FD-A6TD-01,13.629856,-15.096281,8.317063,8.061836,-38.6225,13.981779,-4.0336246,19.008766,-11.143391,13.665021,5.203426,0.12016174,2.8319938,-1.5101637,-1.8765926,2.4956791,2.5987432,-0.3242365,-14.702886,-4.9990544,2.0826657
TCGA-UY-A78L-01,13.836768,10.851929,7.2713966,-5.2343216,-36.721684,18.372728,-0.90223587,20.358799,-3.9993582,10.268696,10.353865,-0.53982764,2.0950148,-3.1354327,-0.7047652,2.3153129,0.74522746,0.010767687,-10.937217,4.163132,-8.314711
TCGA-BT-A20N-11,19.43486,21.688322,3.5072188,12.40388,-41.282406,-6.144277,8.606805,31.421589,-31.50703,-13.46538,19.15939,0.8427697,0.6756024,-3.2773435,-1.7606263,2.1520872,-1.4231266,-0.84555596,-16.762636,-0.5291281,0.77176493
TCGA-ZF-AA4V-01,13.270691,-0.079024196,1.4777833,0.05898016,-37.954514,23.431587,-5.522408,16.750961,-3.2743058,19.274857,-0.32587883,-0.7379615,3.5573,-1.8387736,-0.015780427,1.6410748,1.5778964,0.6997347,-11.369358,-13.0834675,-8.537944
TCGA-ZF-A9R7-01,13.003791,-30.504555,-1.0070904,8.699953,-35.426933,8.782835,-16.603588,4.9664316,-0.024802778,26.76404,-11.166323,-0.8423338,2.8225977,-2.5800476,-1.9607116,2.624252,2.074874,-0.10985099,-0.5257797,-8.050622,2.8152525
TCGA-GV-A3QI-01,9.572364,8.808652,0.89130473,9.656191,-32.737072,-10.00035,-25.273727,14.482941,27.139269,0.24029699,35.15888,-1.6313952,4.0707045,-1.1485121,1.6837981,0.009016437,1.0369076,2.1167595,-23.726624,6.706581,5.1583815
TCGA-XF-A8HH-01,12.909395,2.9513242,-1.4715263,9.246669,-36.746456,10.573576,1.0574827,12.684837,-7.00463,-4.809992,2.9060795,-0.6888255,3.257546,-3.410287,-0.16511558,4.0339847,1.274248,-0.10494256,1.1307061,-1.2244067,4.5292063
TCGA-GC-A3YS-01,14.089597,-2.5431945,10.508122,0.7209236,-35.74951,11.488734,-8.332631,23.067543,-14.267735,16.176212,21.02874,0.632323,2.1036885,-2.9752228,-1.8623056,2.2713425,1.5026612,-0.383276,-13.786038,-4.1771097,-3.9741356
TCGA-CU-A5W6-01,7.52148,-3.1079059,5.66616,0.98266095,-36.97225,3.481746,-14.924752,11.142796,11.14902,6.061216,5.149482,-1.3730161,2.7545042,-2.5256002,-2.5688188,3.6565332,2.8930254,-0.35757944,-10.229146,1.6528881,11.132137
TCGA-BL-A3JM-01,11.515311,10.290576,6.0921245,6.7630806,-33.88553,2.767926,-17.22368,15.421394,-1.238978,1.8031253,12.138363,-1.349779,1.2722915,-2.6799922,0.7054901,1.8304825,1.0841358,0.8330278,-29.141851,-15.165504,-15.58278
TCGA-E5-A2PC-01,7.4632964,-19.869448,27.53958,4.3940306,-29.023361,9.332569,-15.576858,9.745195,6.180592,13.997768,12.98679,0.14651573,2.0402904,-3.4681876,0.41420496,1.4200231,0.0764261,1.4872582,3.454263,21.423868,-11.506281
TCGA-FD-A5C0-01,11.369738,2.3436275,3.8423781,-0.07969696,-36.70245,8.702828,1.4399892,16.936855,-2.5995235,1.9888784,8.405702,-0.7379733,2.3935418,-3.8625133,-2.8482938,4.4302287,1.5069863,-2.1595364,-18.896576,-5.5578256,8.057919
TCGA-CF-A9FF-01,10.974658,-21.78846,-2.76705,10.416758,-34.88964,7.097811,-3.1756942,7.744465,9.325025,4.0246053,2.4458728,-1.1443776,3.3602083,-2.166286,-0.55602175,3.3461323,2.0312543,-0.2287687,-12.061297,3.503648,24.632614
TCGA-FD-A62P-01,15.729672,1.6974101,-2.5368369,-1.6621733,-43.626266,10.022892,1.1176008,21.978846,-10.045805,14.496935,6.025664,-0.45455492,2.2213445,-4.599117,-1.797907,3.9029262,0.5720615,-1.4929308,-4.150349,0.64744544,1.6014233
TCGA-G2-A3IB-01,19.622301,-20.020515,16.72029,-24.424292,-30.173811,-5.4675245,-10.18849,30.357729,2.6073909,7.9001937,36.778755,-0.833077,4.009523,-2.9870243,0.43222773,1.287254,1.0500509,1.3247726,-14.910491,-29.74908,-7.1315856
TCGA-XF-AAME-01,16.836718,-8.449098,6.7281294,6.2072945,-49.767498,-16.893785,-5.972601,30.670004,-22.969736,3.5701709,6.636907,-0.07728353,2.9453158,-4.573367,-2.3764553,3.8472695,-0.04977417,-1.391443,-4.1459975,-15.581774,-1.2284286
TCGA-FD-A43N-01,11.522465,-1.708342,1.0866712,13.3355665,-36.750557,13.208225,-4.937029,14.949713,0.4089941,8.607584,5.9450364,-1.4040413,3.937598,-2.917186,0.03807387,2.6123838,2.0545866,0.36047354,-13.128722,14.420738,1.8473449
TCGA-GC-A3BM-01,9.497079,-6.3229923,12.182553,9.907682,-30.35055,-2.0813165,-23.841738,8.947024,14.339208,8.649017,20.166449,-0.55210656,4.1835995,-3.7890046,1.643962,1.3293232,0.6491558,1.4502056,-17.7739,-11.153311,34.147495
TCGA-E7-A4IJ-01,4.3862433,-15.0603075,-0.59203625,22.015707,-29.378479,5.1711755,-20.954906,3.2048109,12.604369,4.0535283,2.5862648,-1.2177426,3.6449132,-2.5206988,0.99698275,1.7793388,1.6133599,0.65391624,-14.934749,11.924076,5.4130874
TCGA-FD-A43Y-01,18.652021,-15.526332,11.587539,-3.1817079,-37.676453,-5.3581986,-13.216433,25.958982,-12.15188,13.218792,26.607185,0.37730262,2.6808584,-3.662948,-0.8653828,2.1139362,0.636989,0.48313364,-14.243163,4.976881,-7.950816
TCGA-GV-A3JV-01,13.342658,-14.15377,-3.0886893,19.516651,-35.742176,13.79931,0.37313113,9.07946,4.9965453,5.7701955,1.4330013,-1.4247364,2.006455,-2.4381106,-1.2077903,3.339358,2.330192,0.35278708,-16.985521,2.4604397,14.120576
TCGA-FD-A3SL-01,9.429804,13.001998,9.690804,19.099215,-40.411846,9.826819,4.167617,15.972173,-9.954861,-11.847782,0.48312405,-0.20214556,1.1455861,-2.5276878,0.4098847,2.088078,0.27609444,0.2160681,-12.535575,-9.982281,12.726513
TCGA-XF-AAMG-01,11.051137,13.787796,-2.7008808,19.666842,-39.48528,5.71047,-19.901747,14.498642,3.5496273,6.811797,7.550377,-1.6240274,3.7411158,-2.2340572,1.3361578,1.5501552,1.8620486,1.3898278,-17.666243,8.82945,-9.53134
TCGA-GD-A3OQ-11,16.29977,1.0753622,8.503707,17.794888,-42.664845,-13.98141,-4.793686,15.423297,-2.1181164,-7.980795,17.774769,-0.3501265,2.645803,-4.1085057,-1.2356333,3.3548672,-0.4050745,-1.1253928,-15.086648,4.9823904,12.393444
TCGA-E7-A6ME-01,7.2707915,2.185163,-3.3590572,12.541557,-38.393154,-3.2645013,-29.496683,8.484798,12.710743,0.30862,2.8229623,-1.6526557,3.2164469,-1.4096124,0.87070423,2.4729795,2.0316796,0.06973243,-21.963453,-7.0482173,11.707193
TCGA-BT-A20R-01,8.845413,17.526852,17.751394,11.062954,-39.73994,5.3086433,-11.764498,19.463177,-10.82175,-2.542462,1.5079888,0.64705324,1.4618669,-4.3132024,-1.7351546,2.5451288,0.7091844,-0.081489,-7.5116224,-2.3880541,-9.822121
TCGA-UY-A8OD-01,16.177385,-3.6579227,1.8224807,11.379175,-41.946396,2.7782059,-4.0903287,18.029457,-16.005571,-0.43927178,-7.204915,-0.28593335,1.9368209,-2.6355402,-0.89861333,2.9235475,1.2209069,-0.687691,-6.3438587,-4.590113,-13.4529295
TCGA-FD-A6TH-01,14.284201,11.278341,-0.39846933,2.8699758,-37.55992,18.39284,2.2875955,18.87079,-6.0621405,9.921303,3.9458082,-0.5831457,3.2048519,-2.0756404,-2.569073,3.9614756,2.6738937,0.07644676,-18.360117,-12.103793,-3.6689692
TCGA-2F-A9KR-01,12.103058,-8.031132,8.112274,-2.0849926,-37.659,-21.550047,-28.293106,18.925472,8.380078,4.7828493,24.21996,-1.2932901,3.4397216,-3.5174897,0.37299544,1.6539646,0.32337156,0.08393745,-8.862803,-0.20168923,6.4247384
TCGA-BT-A20O-01,12.064982,-8.033778,2.292097,29.643248,-34.96123,11.395826,-11.175579,13.011131,-20.917892,9.7735615,5.438564,0.9201404,1.7404046,-3.17535,-2.5298586,2.8620663,-0.6541999,0.11600873,-11.856462,-2.0173001,-6.311531
TCGA-LT-A5Z6-01,9.864128,-0.47979486,-2.5741446,8.048212,-34.16855,4.1259136,-16.050238,4.68642,19.139048,2.0336149,0.18908173,-2.7212706,4.841587,-1.7170225,0.8873136,2.0122197,2.0492728,1.499743,-12.353915,4.031378,5.90348
TCGA-ZF-A9RC-01,17.787676,12.318746,-2.3269923,5.43406,-43.9872,7.0452437,-7.252933,21.585648,-7.311318,2.6657407,6.817708,-0.22540492,2.1313689,-3.9986787,-0.5085231,2.537997,0.19085997,-0.15935342,-13.919276,15.300719,0.30010563
TCGA-BT-A20N-01,5.7604403,10.430768,2.2118294,6.2240696,-29.919212,5.8705153,-12.359607,17.053356,5.7670107,6.2142925,29.018843,-1.8887247,4.0223455,-2.0975647,1.4652807,1.8053397,0.93460894,1.6020542,-15.492663,8.049514,11.530891
TCGA-DK-A3WX-01,16.605494,-9.999883,11.259899,3.4673407,-36.195774,-0.83551455,-9.87831,28.140427,-14.725594,5.7840533,23.007648,-0.6439312,3.7490804,-3.6351194,-0.09342167,2.0801957,0.5447762,1.2347236,-3.9064136,-9.276927,-11.056414
TCGA-CU-A0YN-01,17.841124,-9.054164,-1.1671666,-3.60212,-36.2654,5.780937,-1.3747078,27.00293,-6.556773,4.5501986,31.935308,-0.99192464,5.226979,-2.3006115,0.4390231,1.7226841,0.91415733,1.0436623,-13.613335,-0.21549939,-4.614851
TCGA-CF-A9FH-01,11.823417,-20.891153,4.0859785,1.5852247,-25.02199,7.049671,-12.715817,-3.1746519,26.656729,10.83378,9.092395,-1.6095836,1.9524012,-1.2673079,1.7971616,0.64134127,0.9142731,1.6177913,-16.343475,1.9001689,47.017403
TCGA-FD-A3SP-01,15.333934,9.569453,2.4815469,22.205929,-41.272797,9.885941,-1.9570122,21.526644,-24.133879,5.230341,12.832224,0.07232733,2.2990708,-3.2934072,-1.4765786,3.031849,0.29020023,-0.9157858,-11.37555,-4.6338363,0.43072456
TCGA-GU-AATP-01,10.447961,2.9478173,1.6483542,12.722635,-40.23175,11.125612,-13.096943,10.515852,-5.766429,3.8111353,-7.553478,-0.9498105,2.584608,-1.8932128,-0.09019412,2.3129182,2.642968,0.8964391,-15.217401,-11.578971,4.3597107
TCGA-FD-A5BT-01,21.472303,-5.1185083,-8.16118,9.412267,-44.72067,15.062594,6.8510666,18.425222,-27.77269,17.91161,-16.840012,-0.32346368,3.6129885,-2.6130888,-2.4750242,3.947587,1.6761336,0.07878201,-12.389462,-8.081542,2.0323982
TCGA-CF-A3MI-01,11.97514,-14.655199,-5.80549,3.0974255,-33.06074,9.380409,-3.5025387,7.547675,13.060387,8.573483,1.9144006,-1.1013768,4.284899,-3.6585345,0.49513447,2.8876033,1.3146445,0.5421207,-5.697768,-8.876255,18.711763
TCGA-LT-A8JT-01,10.75486,-20.77455,3.6950414,16.08567,-25.51134,1.0123738,-10.0656805,-1.9179451,14.072563,4.163013,3.9209843,-0.9620226,3.5077138,-2.390201,0.26748243,2.6067224,2.0008702,-0.08835789,-10.626861,5.9397254,21.475374
TCGA-CF-A47T-01,11.387248,-13.900029,5.6321507,3.6201026,-28.959904,-4.537764,-10.132938,7.355949,11.081703,10.176434,10.155891,-2.3220134,2.6909652,-2.600386,2.4667583,1.8201644,0.84336466,1.6966482,-4.4869204,3.5845742,1.313247
TCGA-FJ-A3Z9-01,8.994311,-13.022344,-6.930825,2.6869752,-27.172676,13.110978,-7.7323246,9.526699,19.223269,9.958928,14.892328,-1.1619669,4.356957,-3.255826,-0.082756385,3.109025,2.3510425,0.040640205,-16.37778,-17.103151,11.577193
TCGA-DK-A6AW-01,9.805371,-8.168269,12.199835,7.060304,-32.28789,6.1188664,-8.43932,8.909434,18.216373,10.056845,-1.3038911,-1.6338043,3.2174666,-1.6714083,1.1932471,1.7125348,1.7417852,0.94498324,-11.040508,-2.9834893,-5.76662
TCGA-E7-A97P-01,12.9402275,-18.128183,14.727732,5.9655094,-37.144093,9.153225,-7.1892443,19.096378,-8.371691,14.184731,12.79585,-0.18108645,3.2563105,-2.7489734,-0.7156019,2.1537943,1.1252334,-0.27746302,-12.869294,-19.275839,1.4273083
TCGA-E7-A6MF-01,14.494,-7.5031004,8.747607,7.0725527,-30.675888,-12.604837,-21.57475,5.4078298,20.318964,13.095576,21.07477,0.035544515,3.0653632,-2.6089036,0.6769201,0.5131152,0.64860594,1.1900507,-12.566581,-3.692417,22.031633
TCGA-S5-AA26-01,11.983991,-11.60815,13.079535,-4.6924214,-31.640787,-1.5131218,-21.80854,9.575445,16.232294,14.6184225,12.465056,-1.0515176,1.9612477,-3.3360157,0.6699657,1.2987983,0.5381242,0.9773421,-28.1001,-25.983513,3.8342044
TCGA-ZF-AA52-01,14.316834,3.0251093,12.556846,7.198055,-40.589165,18.487356,3.50563,15.345896,-11.576429,8.516674,-9.307695,-1.0556655,3.1024692,-2.0090382,-0.82670414,3.5532396,1.9638848,-0.87452877,-17.796066,-1.0600905,3.3752785
TCGA-CU-A3KJ-01,15.435852,-2.6248808,10.35088,-9.039629,-29.625204,10.515069,-25.226934,25.297869,-1.1404501,3.1513557,38.707417,-0.6470067,3.418887,-3.8071415,0.86042,1.3260357,-0.3414449,2.1571267,-10.5209255,-21.849405,-3.7548163
TCGA-DK-AA76-01,3.6430235,1.8118836,13.431365,10.057653,-27.030905,-8.803287,-19.354609,5.61753,22.875065,-2.520198,17.953676,-2.2007756,2.3759143,-1.7243917,1.2207009,0.94443804,1.3510559,1.5860807,-8.76975,7.3159184,-12.4994135
TCGA-CF-A1HR-01,13.265581,-10.151263,9.973356,4.7505856,-37.302914,-4.567986,-4.6698747,9.105007,9.02595,8.707879,-2.137661,-0.5740925,2.3951886,-3.3418665,-0.8341871,2.6393137,0.89908475,-0.18128517,-19.084452,-5.3382916,11.3809185
TCGA-DK-A6B1-01,4.1638794,-0.26945567,9.876569,14.194063,-28.832956,16.056383,-13.934148,4.3239374,20.985567,-7.6206326,7.532045,-1.443147,2.656297,-1.6923251,-0.61424327,1.4386799,2.5264134,-0.16598503,-23.037169,-5.542393,11.433346
TCGA-CF-A47Y-01,16.391882,-15.330951,-5.044239,6.5865483,-28.107517,0.90413094,-14.273306,-1.8480484,21.066994,4.956079,10.771551,-0.9058502,3.302377,-2.4999387,0.9801336,1.9879938,1.5405817,0.07161916,-13.657985,10.299878,37.579235
TCGA-4Z-AA82-01,15.601624,-1.1811067,5.227212,4.6793013,-37.165913,-2.9418263,-9.54728,25.377869,-9.348872,14.063247,29.432787,-0.34718066,2.0707896,-2.5889142,-2.1923578,2.9900987,2.3518808,-1.2095395,-11.850965,5.088251,2.654249
TCGA-GC-A3RC-01,19.866493,-16.98037,0.9060937,-1.4228405,-29.531116,8.721758,-4.086072,22.434456,-7.6502285,8.537268,35.402523,-0.12512815,3.998146,-1.9040328,-0.2838814,1.0758327,1.5207331,0.9738256,-12.942148,0.28908208,-0.872176
TCGA-E7-A678-01,11.127862,-20.90694,-1.9947585,9.215797,-21.84486,2.590852,-11.806868,-6.0555563,21.48332,10.621503,2.5449595,-0.79162705,3.5121515,-1.7726126,1.8307048,1.1862966,1.0965289,1.0632367,-9.3780155,1.6517932,33.8337
TCGA-UY-A9PB-01,15.729285,-7.274155,1.8505827,13.269229,-37.76208,17.638348,-3.0339742,21.135069,-19.522005,16.838259,8.220918,0.14083548,2.594664,-2.2790914,-1.4347715,2.2557392,1.7808028,-0.5781858,-15.266986,-9.87111,-6.2873473
TCGA-ZF-AA5H-01,12.48743,-7.918005,5.3143997,13.863414,-33.2626,19.322966,-2.8856318,15.836523,-13.089902,9.0249405,10.08627,-0.11561082,3.4507232,-2.451945,-0.3506687,2.0964336,1.8601295,-0.37727696,-9.460705,-13.941994,-11.76986
TCGA-KQ-A41O-01,11.88193,-6.1380396,8.121437,-3.3924432,-25.993092,7.7495623,-24.536512,4.3044496,22.715326,7.539808,8.434077,-1.1690983,1.5795424,-2.8318555,1.0760508,0.7256814,0.29788,1.3369036,-31.941216,17.525421,4.687895
TCGA-MV-A51V-01,8.238887,2.8036468,14.131733,8.212479,-37.0201,3.4555786,-16.490152,9.7877,23.633627,-3.275877,6.412587,-1.692902,2.659121,-2.380166,-0.79311275,1.9419069,3.095417,0.04540098,-20.834625,18.49638,-7.0746536
TCGA-BT-A0S7-01,14.347041,9.957626,5.151881,-2.7992496,-37.145676,-6.4347024,-18.985937,26.050716,-7.6865993,1.8816688,22.100893,-1.8566089,3.6363173,-3.8951235,-0.078313276,3.3956542,0.16520847,0.92141515,-17.263096,-5.8911266,-5.0836725
TCGA-XF-A8HI-01,10.654618,-17.222254,8.840078,11.237844,-29.08179,-6.3406796,-17.436037,1.7047043,18.437761,3.624563,11.0757675,-1.2844123,2.7198236,-2.7307677,1.4374492,1.0484632,0.19182251,1.4982945,-12.104541,-19.912308,26.84011
TCGA-2F-A9KP-01,9.724481,-0.7940532,1.668146,7.6229587,-29.215279,7.372311,-9.2173815,9.7946,14.971739,3.1316278,11.495562,-2.0847125,3.308889,-3.8089786,-0.87617433,4.4505935,2.0855193,-0.7545046,-6.540247,5.2230186,11.875015
TCGA-CF-A8HY-01,13.533121,-16.102455,-2.1461437,-0.74690396,-30.932182,-1.9194894,-13.155491,6.7200356,14.144256,14.61516,10.298899,-1.4857075,3.7779086,-2.6206427,0.8499442,1.0736945,1.4327135,0.8383564,-14.816229,-11.61122,24.976309
TCGA-BT-A20W-11,15.421889,1.3890778,2.223909,23.519533,-46.883728,-12.858106,-3.4067938,23.128292,-11.000973,-3.0935385,11.033073,0.23141155,1.7999414,-3.7941027,-1.1993037,2.3828847,-0.97628325,-0.29680517,-13.589303,5.0036764,6.7444377
TCGA-E7-A3X6-01,8.886625,-19.112732,12.86896,9.022973,-32.28895,8.636767,-13.34708,8.717237,3.8756967,8.747922,9.7058325,-0.28361312,3.631882,-2.8186798,0.6390393,1.4412907,0.88665855,0.7026252,-14.155056,-0.38298127,14.582935
TCGA-DK-AA6Q-01,18.822826,-23.648472,8.368764,-8.444229,-34.934013,-14.955796,-17.909395,19.026262,-2.0731597,25.639828,15.180476,-0.4564539,3.2950368,-2.9920793,-0.22589633,2.0728714,1.2426397,0.9589598,-3.886476,-10.951489,-7.470561
TCGA-FD-A3B4-01,19.68725,-19.385828,2.9604084,-3.0994937,-39.27962,-13.013771,-5.682327,30.860725,-21.511774,8.984579,25.060595,0.50285316,2.6782484,-4.2419853,-1.6690425,2.7087226,0.014903791,-0.4458424,0.2681844,-24.224895,-12.674982
TCGA-E7-A97Q-01,13.3230095,-3.6873753,3.6378393,13.468216,-35.880985,3.704547,-10.452426,9.01939,-1.9762102,-2.0265083,-2.9731045,-1.2223791,3.7537923,-3.864664,-1.449953,3.9860945,2.9747198,-0.8696794,5.3812103,-0.34508762,9.943749
TCGA-K4-AAQO-01,16.673628,1.3018973,4.0316963,12.036353,-43.56914,-3.457789,-3.260647,22.580412,-9.014763,-8.16124,5.3609405,-0.13467953,2.1059704,-4.466867,-0.8462135,3.4058433,-0.56242347,-0.6139152,-9.858977,15.167898,7.7501516
TCGA-DK-A3X1-01,7.0111103,-3.3104172,8.432811,15.331854,-32.13547,8.464326,-8.301083,9.039116,0.46599093,2.8472645,7.345287,-0.91726774,2.555956,-2.188557,0.58808136,1.7708158,1.314699,0.823284,0.06175635,9.134038,-13.154323
TCGA-DK-A3IK-01,13.394337,-5.4463873,-3.7553623,8.70425,-38.82355,1.9830557,-8.107234,12.317602,2.3817277,0.6846663,0.5657971,-0.99136853,1.9082199,-3.4770756,-0.49182573,3.5306036,1.06291,0.1485896,-6.855315,4.9091377,0.33794695
TCGA-DK-AA6M-01,18.298834,-14.6387615,4.50422,7.4076524,-36.203815,10.91982,-5.0139885,16.459585,-9.900166,19.883556,4.6177826,-0.28638572,3.8933856,-1.8866273,-1.1423621,2.1028812,2.4783957,0.27257726,-8.66376,-12.698134,0.39016336
TCGA-DK-A3IT-01,14.297541,-1.5670522,-1.8199027,6.285366,-39.46912,6.9735813,2.2171829,15.876555,-5.2908287,0.23502341,2.01272,-0.2276062,1.0921512,-2.6985035,-1.2583051,3.1044357,0.23076329,-0.55046874,-13.632558,-5.509802,5.666383
TCGA-C4-A0F1-01,17.357618,-10.447337,22.115467,-6.1247787,-32.24136,0.8135656,-18.527271,32.71941,-9.194027,-9.592262,44.344185,-0.2723054,1.3341035,-3.6671004,-2.3346188,2.650294,0.8871146,-0.37963822,-6.374758,-0.46895692,-10.3899765
TCGA-FD-A5BZ-01,14.316844,4.8217845,9.101866,12.471457,-41.9604,3.0941775,-4.0871186,21.193535,-14.691639,-1.1354384,6.332754,-0.3704043,1.1432164,-3.6316986,-1.3594807,3.0062308,0.5814507,-0.7440936,-7.0444584,6.024401,-0.7542129
TCGA-ZF-AA53-01,17.226873,-11.922593,4.2038364,0.52133816,-37.794758,6.880742,-3.920602,22.205032,-19.05438,12.978779,11.79768,-0.40335897,3.0438364,-3.1780005,-2.1917412,3.1020675,0.7550813,-0.5170459,-12.204591,-8.806968,3.1655285
TCGA-YC-A89H-01,14.909096,-11.703473,-0.12318754,6.0728445,-35.10518,7.988852,-4.5157557,16.47395,-2.9080234,10.688518,9.102467,-0.74516296,3.4934535,-3.3749835,0.5696449,1.9116342,1.1901187,0.84920627,-9.348355,7.045958,-7.8717117
TCGA-UY-A9PE-01,12.413217,3.8550043,-3.0862286,0.78300637,-37.500137,13.023676,-6.9115777,16.768564,-2.1805196,1.3977997,-2.9750376,-0.858083,2.3094106,-2.9658341,-0.32047603,3.4479158,1.383253,-0.05175616,-10.858699,5.909677,7.292799
TCGA-BT-A3PK-01,15.723869,-3.3511777,3.5238667,-2.748096,-39.877415,6.326158,-9.137874,25.16473,-7.0056024,7.6744103,24.13099,-0.051755212,3.0426621,-3.81791,-2.25105,3.0947087,1.3649952,0.21535036,-15.601326,-1.7739706,-2.8018968
TCGA-GU-A42P-01,4.9412,8.497535,10.616341,10.162357,-31.944765,5.4833794,-25.48851,11.927205,21.105091,-5.4484053,10.141951,-2.0224342,0.24651606,-3.9108114,-4.749532,4.459769,2.9374368,-0.24630147,-18.570415,-8.466313,-6.6753316
TCGA-KQ-A41Q-01,7.629003,-0.7840842,2.5609708,3.8635607,-27.031725,17.48167,-6.1308913,6.3043475,6.138324,2.6860447,7.2555046,-1.141245,3.0570056,-2.5146434,0.6889944,2.3456986,1.741304,0.42985985,-13.5852,6.189271,-3.7015078
TCGA-SY-A9G5-01,13.288255,-10.409397,2.494044,6.817355,-39.9902,14.765857,-3.3022084,13.907311,-14.674703,20.58118,-0.9343829,-0.6418579,2.626667,-2.1744845,-1.2958214,2.903785,1.4860302,-0.7235401,-5.494527,-6.0294895,5.874592
TCGA-UY-A78P-01,13.536901,-20.597363,13.608184,8.184373,-38.85133,1.2470164,-10.930815,17.50195,-7.418041,14.084963,-0.93130803,-0.71995145,4.3619986,-3.4649,0.15757425,1.8992804,0.39874563,1.2815892,-4.897979,-19.311956,-2.8042111
TCGA-UY-A78O-01,13.606669,-17.143543,5.3204165,4.551098,-33.27037,-0.26669383,-4.4511027,6.320523,6.963574,8.88317,-9.568944,-1.651881,1.3301293,-2.1609733,-0.34286156,2.4194865,1.7469656,0.2648354,-5.42169,2.6169653,14.265966
TCGA-DK-A3WW-01,16.242998,-24.033115,4.339628,1.8547953,-28.093197,18.08209,-10.766425,19.827492,-9.125645,11.792948,21.207722,-0.046985444,4.3304887,-2.6316125,-0.09029929,1.4706026,0.852748,1.082372,-8.401984,-16.6819,-7.881311
TCGA-G2-AA3D-01,9.011569,-7.283496,-3.2946522,5.111383,-33.808964,-10.005299,-18.28669,8.060522,17.662462,9.2601795,8.897296,-2.4064126,5.09396,-2.1627588,-0.063065454,3.1550853,2.0463836,0.765321,-12.99058,10.990493,10.412996
TCGA-ZF-A9R5-01,9.37744,-9.584512,-4.3201,14.425377,-24.845978,-3.3719158,-20.231953,-1.9328873,21.706057,8.67778,12.71181,-1.892619,3.7518663,-1.4878463,2.0132077,2.0021286,1.5640587,2.1020982,-17.072466,-5.4895554,24.936434
TCGA-KQ-A41P-01,16.842453,-5.8271027,10.37323,6.727069,-42.234356,-1.9770479,-9.3651905,13.412621,-0.3451372,12.735228,-9.733664,-0.8837134,2.1518326,-2.5638924,-0.50294673,2.63729,1.6454211,-0.30886072,-8.318489,27.527473,-6.578596
TCGA-DK-A1AG-01,12.628704,-15.1424675,5.366818,5.5458775,-31.861305,-1.5531256,-20.704138,3.4649649,20.10974,9.857376,8.261737,-0.58980143,3.7489173,-2.6367998,1.0332419,0.64478856,0.6332938,1.1299703,-20.559124,-5.660772,27.416346
TCGA-ZF-A9R2-01,8.274941,-7.948484,8.712749,-1.9116484,-25.629704,-2.5398843,-23.083986,10.464303,23.310198,4.7917547,25.319103,-1.3884541,4.0103126,-3.4111967,1.5195516,1.2602429,0.34969574,1.4718058,-14.181536,11.022847,16.159563
TCGA-DK-A1AC-01,5.2566285,5.6229854,0.36312371,25.262852,-30.429785,19.633549,-12.026342,9.713731,1.730286,0.23352364,1.087635,-2.3951144,2.114129,-1.1126571,-1.2983438,3.231527,2.6392727,0.6551477,-6.7782164,2.734521,3.2007911
TCGA-BT-A20P-01,12.538308,-8.766887,14.481483,7.4322476,-30.437881,-7.1191516,-17.134068,1.5006745,16.58116,7.4220986,10.213125,-2.0945122,2.4899364,-1.2956535,1.5362258,1.0031518,0.5457143,1.4243559,-8.602043,1.7538033,27.827808
TCGA-XF-AAMY-01,12.101663,4.3550005,-1.0948032,15.970782,-40.741585,6.79351,-4.287657,18.542599,-4.092516,-5.107239,8.073809,-1.593111,2.6648057,-3.3594615,-0.9343584,3.9064147,1.5166959,-0.5375408,-5.170103,7.8755455,-5.506065
TCGA-K4-A4AB-01,10.693037,-5.657877,29.44345,8.5972185,-37.58356,-2.8318417,-11.263852,15.039072,-3.7765641,8.011184,9.227896,-0.50129265,2.833368,-2.8293064,-2.069473,2.8578677,2.58593,-1.8017967,-10.211389,5.514936,5.7850504
TCGA-BT-A3PH-01,11.162116,7.4454007,5.6703043,-1.641445,-31.329361,9.77336,-0.6956154,8.521808,11.917725,5.635785,5.1225643,-1.4305507,2.5402937,-3.254895,1.0882262,1.8513547,1.1495353,1.3128651,-18.048807,7.074378,0.68801206
TCGA-BT-A3PJ-01,14.21568,-11.696415,10.600641,6.571924,-26.393845,16.657793,-5.673909,22.422085,-8.436283,7.1247253,33.515938,0.2601798,3.8541625,-2.7995906,-0.630104,1.831205,1.3782008,0.46166408,-20.822378,-9.228465,-14.997192
TCGA-FD-A43X-01,13.214657,-15.323483,3.736509,2.9550376,-25.638083,8.74495,-15.741196,-1.2259247,22.522104,6.8865457,9.856877,-2.1269338,2.8620827,-2.0933673,2.549923,0.5730122,0.3959658,1.754071,-15.753879,6.690864,28.726713
TCGA-4Z-AA83-01,14.872468,-20.607647,0.31121457,8.3398075,-32.90948,11.432003,-6.185611,6.8276515,11.9940405,4.750653,7.6361113,-0.56038785,3.9945996,-2.656006,-0.8396382,2.6185822,2.7160597,-0.37628338,-9.041277,6.562551,21.326273
TCGA-DK-AA6T-01,15.434188,-13.891387,-11.807033,17.785938,-34.52109,1.495644,-2.5489175,8.052092,-10.521743,11.101974,-9.504916,-1.2299507,3.4377832,-1.3386798,-0.44354764,2.5914156,1.6330743,0.57954526,-9.142895,-12.129989,-0.3086477
TCGA-E7-A8O8-01,13.4813,-13.759028,3.5604594,11.192956,-29.147257,0.27697825,-9.886359,1.859088,16.154512,15.922957,-3.6480858,-1.4550947,3.6149702,-1.983199,2.887178,0.67772853,1.5313933,2.0198677,-16.746862,-2.170218,3.7043467
TCGA-FD-A3B6-01,12.767752,-5.283764,4.99757,15.960146,-33.127728,24.90759,-6.068981,16.97173,-7.4510393,13.569529,10.176743,-0.0035534538,3.2321527,-2.1131313,-0.8528987,2.137564,2.2137158,-0.083211735,-18.895027,-2.642364,-8.658798
TCGA-E7-A7DV-01,15.186114,1.1132473,5.1918983,17.250332,-36.1496,27.737272,3.822877,9.386925,-8.518372,23.252983,-10.438173,0.95352525,1.4794353,-2.5330346,-2.7182488,2.5434363,1.4624947,-0.3675467,-10.717332,-1.6674538,-4.370142
TCGA-ZF-AA5N-01,13.975362,-7.953765,-2.4884913,-4.372488,-28.582909,14.798577,0.2475575,13.508297,7.389711,17.003729,8.952792,-1.4005119,5.063061,-2.2798784,-0.9660721,3.1141782,2.3446863,0.83417785,3.608519,-7.9895053,-4.785797
TCGA-CU-A72E-01,10.129056,-8.815986,20.610588,-7.007209,-38.54836,-1.7751486,-14.08717,22.288912,-4.774271,5.5682125,17.187279,-0.14461477,1.834157,-4.9244757,-0.19778493,1.841958,-0.8481573,0.6738347,-15.674163,12.756915,6.770534
TCGA-GU-AATO-01,13.505199,-3.3928943,9.657649,-2.5279868,-38.296173,18.66017,-3.3813012,10.820855,-3.5764513,11.440605,-15.172965,-0.05207724,1.2724468,-2.6031265,-3.2249966,3.0553195,2.8085406,-1.9005958,-15.862951,1.4302049,5.968169
TCGA-GD-A3OP-01,11.946923,-6.574479,10.08923,20.494514,-35.919292,-4.712975,-4.741184,7.632312,3.9533105,-3.674103,6.8782134,-0.9017407,2.5820618,-2.2225606,-0.651491,3.1405132,1.6094955,-0.65935826,-7.83937,-2.711461,5.3405085
TCGA-XF-AAN5-01,15.022627,-20.67223,11.9954195,9.968882,-30.323551,6.9015803,-5.9735546,16.633091,-9.294845,19.762463,17.756773,-0.5600706,3.5536408,-2.1766396,-1.2273296,2.8218985,1.9346064,0.08654045,-3.2653868,-19.550623,-5.4149685
TCGA-XF-A8HG-01,9.819961,-7.536737,-3.294941,6.3158236,-20.843065,13.13938,-6.1039,0.96933395,14.643787,4.103673,9.60767,-0.64968646,3.0378404,-2.4088047,1.5440189,2.5542517,1.9425274,0.86313856,-8.685161,4.494877,5.9988894
TCGA-E7-A5KE-01,6.9678087,-5.000103,14.668946,-1.2756411,-26.105824,5.8349247,-18.991018,7.1804523,20.727898,4.799802,8.131146,-1.1799467,3.7720203,-4.1191983,0.6188617,1.2608181,1.8092301,1.0710249,-9.571706,5.501729,-2.9088035
TCGA-XF-AAN3-01,14.431644,-11.755725,17.579882,0.26673025,-38.485767,0.8076023,-6.8544292,18.207687,-9.679714,16.509933,9.726006,0.13777126,2.7788281,-2.950774,-0.7483631,2.3801107,1.308976,-0.2816753,-11.410783,-11.7587805,-1.3798158
TCGA-GD-A3OQ-01,9.484407,-9.697008,16.116354,6.877802,-32.257977,5.775251,-4.7796474,14.17692,7.927233,7.5435677,25.6979,-0.70050627,4.642297,-3.0022473,-0.15896358,2.012802,1.9884835,0.3046065,-14.849008,-8.192163,16.379068
TCGA-DK-A1AE-01,11.638209,-2.9768147,22.599657,-1.5160977,-32.28429,-11.613742,-18.359426,21.620281,2.830708,11.526165,29.328968,-0.70753014,2.4337208,-3.2068164,0.40644962,1.9981879,0.25143346,1.103366,-15.373296,-11.486991,-4.5988417
TCGA-GV-A3JW-01,4.9915957,7.504245,-0.13057351,6.332291,-29.62395,-6.8216367,-18.84467,7.9966884,21.305164,-4.4320383,17.764946,-2.229263,3.5535698,-1.9543744,1.5634032,1.8063871,1.3918743,1.5104867,-20.925182,-10.30814,27.450304
TCGA-FD-A3SM-01,10.441803,4.9198084,16.463278,7.942477,-35.9176,8.3459215,-7.950967,14.940468,-5.10547,0.95535624,14.043503,-0.1742519,1.6889832,-2.9728413,-0.34108675,1.714769,0.7261075,0.16489826,-20.25705,5.8621955,-2.1904213
TCGA-GU-AATQ-01,14.16152,-11.77278,22.84032,-5.3459344,-35.396767,-6.212464,-19.836094,20.724627,-2.287691,12.322244,16.9603,-0.52361625,2.096749,-4.45398,-0.24763831,2.27073,-0.23118398,0.5042273,-16.407948,1.5340438,-4.8667808
TCGA-CF-A47S-01,14.057873,-25.01448,-4.087182,6.1528563,-26.848152,8.227184,-10.305502,-2.7832978,21.590921,13.684184,3.5750232,-1.3503159,2.2239645,-1.96472,-1.8251373,2.5040503,3.3601336,-0.2296274,-16.474178,11.0771475,30.066622
TCGA-XF-A8HB-01,15.459246,-11.993312,17.047241,-6.141561,-30.27806,-6.898791,-13.070204,11.223336,15.677783,28.80332,6.4299417,-0.42904675,3.6756797,-2.469558,1.6435434,0.039939426,0.6143228,2.268491,-6.6498666,-20.923388,2.0886505
TCGA-XF-AAMQ-01,10.093017,-17.52526,15.112629,14.605324,-32.468727,-5.2265525,-10.336528,4.973752,6.3206406,14.9741745,-0.9381499,-1.117391,3.2940893,-1.3832707,1.4159725,1.074893,1.2791249,1.4047306,-12.129989,-15.105205,12.040701
TCGA-DK-A1A7-01,13.733806,-8.312176,-3.7090232,10.117964,-37.99835,-14.294221,-14.62404,14.67992,5.5910225,4.869833,2.3833482,-2.084158,2.8090365,-2.2352962,1.4477994,1.860503,0.92142546,1.2882674,-0.28890827,4.1967463,1.1341915
TCGA-DK-AA77-01,8.618859,-16.993412,6.822635,12.232138,-29.647133,4.8488355,-15.279743,1.3170156,18.185972,9.76643,3.0663505,-2.2623148,3.0138655,-1.1818591,1.8449184,1.0385246,0.9863799,1.775861,-7.404587,7.75507,12.219746
TCGA-CU-A0YR-11,19.346973,7.507039,6.490078,14.125336,-46.175938,-15.980317,-0.37238684,27.104578,-20.502207,-9.098867,14.7739,0.65476525,1.1940681,-4.009247,-1.852123,2.8589783,-1.4194286,-0.92673475,-17.034206,-1.539743,0.70195025
TCGA-E7-A6MD-01,9.399104,-7.848585,1.656895,13.432632,-38.020523,-5.1985536,-12.446832,13.377155,-6.288712,1.974218,2.3334613,-0.6031913,3.2805967,-4.3723817,-0.2307202,3.2137082,0.14350843,-0.12428884,-9.554033,-7.6756754,14.336454
TCGA-FD-A3SR-01,8.385801,12.736531,6.134541,10.39021,-35.955482,15.08679,-8.122913,14.314645,-4.9431148,-5.3159847,3.092579,0.13102199,-0.22902474,-2.7997577,-1.5570799,3.4529948,0.64911544,-1.3575617,-20.914059,-11.004386,-3.344375
TCGA-BL-A0C8-01,4.736098,-1.5000023,9.438619,11.83131,-32.57731,14.234252,-7.2295275,9.983885,17.061914,-3.1904728,11.916623,-2.3428447,2.3774676,-2.6237657,-5.389597,5.011052,3.1503391,-0.054889582,-12.018222,11.594621,-5.959408
TCGA-ZF-A9RN-01,11.270233,-8.473897,2.8550534,6.8784475,-28.75329,4.9869494,-25.30506,11.384609,2.7250724,9.243482,7.5949464,-1.2521362,2.9034014,-3.2373078,2.2617168,0.8289312,-0.57488275,3.4293828,-12.469971,-51.70477,-33.393642
TCGA-CF-A3MH-01,11.261489,-16.096407,12.373911,-1.3804334,-30.318245,4.4651394,-14.013836,4.2448254,22.233334,16.057869,9.7637,-0.7678441,3.8320966,-3.0561984,0.36186382,0.8067847,1.3425401,0.6205014,-28.914898,-11.639056,20.956575
TCGA-XF-A9SP-01,17.915747,2.0027132,5.4621468,10.731571,-46.309864,4.1626306,-2.8826275,20.393995,-19.576796,3.3150742,0.05794444,0.107309446,1.8225452,-3.4926362,-1.4360281,3.3609445,0.5543835,-1.0524309,-11.628725,14.337033,-5.5261703
TCGA-G2-AA3F-01,7.054669,3.6296744,-6.409171,14.060778,-26.792614,9.17663,-4.017366,6.1820397,14.754367,1.9850652,12.6376505,-2.29889,4.9461484,-1.382449,1.2541723,2.6262898,2.7234352,1.9387223,-11.601993,10.0687,14.140837
TCGA-4Z-AA7W-01,12.762975,-19.649921,-4.079514,-0.32173926,-37.532833,23.188807,-5.0601506,13.866264,-11.525345,29.464258,-10.998899,-0.2963159,2.8084617,-2.5444767,-2.580464,3.3186836,2.1570446,-0.31436563,-8.680821,-15.804039,1.686182
TCGA-GC-A6I1-01,19.89297,-27.805733,-2.4028008,3.0535693,-32.86363,8.545286,-7.5395975,18.803247,-15.540585,15.194259,6.590711,-0.20586464,4.350198,-2.9522047,-0.1121459,1.3268633,0.6945593,0.8628469,0.9457729,-25.60312,-6.181503
TCGA-GV-A3JZ-01,7.6426144,14.265781,1.4485042,23.500526,-37.36437,3.9775012,-17.064829,14.90684,8.173794,-1.8550154,7.756268,-1.1646553,2.1524239,-1.579964,1.1745102,0.8023556,1.6352761,1.2001275,-11.509228,10.174925,0.75898474
TCGA-DK-A1AA-01,9.380837,-15.588439,13.619707,9.517714,-28.80141,4.1973624,-16.077965,3.297881,17.960583,3.8437154,14.238633,-1.1254052,3.2451496,-3.0904353,0.9451538,1.9096274,0.7579396,0.7239634,-18.454578,-3.4326358,32.917408
TCGA-E7-A541-01,12.594094,-16.523462,3.2927165,11.703801,-33.969875,13.872859,-8.35318,5.954389,7.3882394,13.979191,-2.0138273,-1.0803835,3.2485323,-2.6464918,0.37898412,1.7440631,2.0028272,0.21963446,-11.82173,4.9109845,-4.2576437
TCGA-DK-A6AV-01,10.849531,-17.275097,1.7909466,9.688023,-30.230257,6.008106,-4.148798,9.322931,4.464588,9.44796,2.5242121,-2.6276817,2.2032316,-2.8540592,-2.319164,4.3431196,1.8917533,-0.585739,1.5789831,-0.5283091,1.7792704
TCGA-BT-A2LA-11,15.030711,-10.443654,10.422979,13.049573,-39.9851,-9.003883,-7.557057,10.197065,4.4341955,5.079725,4.8070765,-0.1027302,2.5621397,-4.2460055,-0.8229327,2.7717764,-0.05569329,-0.515428,-16.753471,6.980255,17.545155
TCGA-E7-A5KF-01,6.05659,-15.522638,-1.0938954,8.032188,-21.803015,-0.039865747,-20.043213,-2.7184765,32.238842,2.638672,18.677181,-0.9774901,3.769899,-1.81246,1.8621392,-0.3207954,0.9056019,1.7299846,-17.5092,-0.6396655,39.30122
TCGA-GD-A2C5-01,9.203799,-2.1815467,11.816033,12.128048,-33.91552,5.0634747,-7.531336,8.985445,-1.9311873,-1.0621265,-0.31573206,-0.79117215,1.8342245,-3.195022,0.14279006,2.394479,0.22030266,0.24905783,-2.8983366,-19.705812,5.995824
TCGA-YF-AA3L-01,12.300458,-18.620716,12.457808,-0.6080654,-30.099117,5.8733387,-8.3523,2.4554982,12.371869,12.584703,-4.6724844,-0.6966177,2.1824465,-1.5957769,-0.2759872,1.8205765,2.3591828,-0.3714198,-13.150199,-17.12715,14.911089
TCGA-DK-AA74-01,18.770582,-13.751978,3.605576,4.9285984,-44.456467,7.933138,-2.6481905,19.826782,-25.78013,20.096437,-9.970145,-0.20255809,1.9076891,-2.7528832,-2.591671,4.033613,1.103039,-0.8264089,-14.09416,-7.5883894,2.943132
TCGA-FD-A3N6-01,21.35034,-24.222422,8.569401,-23.86879,-30.9901,-7.6577897,-18.925274,33.869667,-5.5018764,1.29189,40.525585,0.280219,3.1371841,-3.6005478,0.558406,0.97966284,-0.15031645,1.3600017,3.058163,-27.888783,-28.602024
TCGA-DK-AA6R-01,18.225605,-9.750825,15.136506,-8.442063,-32.493683,5.9943333,-9.465675,25.974907,-3.8175592,4.253508,31.806751,-0.035628125,3.3527188,-3.195991,-0.6899037,1.526875,1.235602,-0.49632156,-11.765961,-10.748555,-12.760412
TCGA-4Z-AA89-01,10.56304,-21.454361,6.6774683,6.711818,-25.775198,-0.50329876,-19.252367,-1.1721199,25.275412,7.85695,12.386499,-1.501385,4.9874988,-2.83397,0.94072366,1.7286615,1.4541969,0.6542981,-15.074218,-5.8807006,31.056517
TCGA-BT-A20X-01,16.463945,-9.937953,12.785296,-11.366894,-34.850094,-1.1349283,-20.109835,32.957485,-9.565281,-3.8775427,36.909416,0.63456744,2.6455986,-4.2889147,-1.3060399,2.2997854,0.10169519,0.012542481,-18.234093,-9.841512,-7.207597
TCGA-DK-A1AB-01,13.834566,-2.7525952,12.875088,4.075637,-41.635998,-14.147799,-16.145027,26.698105,-13.597101,5.0770545,26.067966,0.46966577,2.5641837,-5.3431745,-0.86732364,1.9206288,-0.9510773,-0.12951227,-4.5598373,-12.034965,0.079130836
TCGA-DK-A3IU-01,15.949164,-0.0009061061,-7.2928357,9.352715,-45.229862,10.257877,-0.84615135,22.792934,-23.03381,10.883785,-5.0041857,0.8059686,1.7403305,-4.4327664,-1.9670297,3.502635,0.105589315,-1.1311983,-12.424708,-3.316637,1.7309065
TCGA-C4-A0F0-01,19.018188,-7.2917404,7.5683684,6.8269644,-26.79254,3.2694757,2.0496378,24.655308,-16.021132,-0.24337348,28.514484,1.1912857,3.1026447,-4.7829595,-3.148399,3.8225777,0.029085398,-0.9521711,-11.9706545,-4.7904773,-10.02862
TCGA-K4-A5RI-11,17.798035,-15.6682825,1.5641353,17.901718,-46.817753,-10.651425,0.8988868,18.580719,-18.339582,3.3051527,-7.194386,-0.16120376,2.540021,-5.066344,-1.6658026,3.8508196,-1.1010058,-1.0053403,-6.253435,-11.649871,1.565037
TCGA-GC-A6I3-01,13.213547,-14.360326,-10.283193,13.13953,-36.20448,11.797933,-9.046624,8.407119,-8.944536,13.806755,-15.925298,-1.4229196,2.3402557,-2.5589485,0.5624716,2.7241378,1.0899172,0.4811062,-6.073828,-3.9728043,0.16486377
TCGA-XF-A9SV-01,12.786332,1.3767222,5.254792,7.189468,-32.877388,11.702779,3.1544287,11.226162,-4.06276,-0.05656133,4.662711,-0.70602,1.3031304,-2.5796306,0.38614509,2.1806407,1.0307337,0.5799499,-14.446587,11.683103,14.248166
TCGA-FD-A62N-01,17.706367,-15.882688,-6.867268,14.37923,-40.42854,13.559775,0.29665765,17.975628,-25.276846,19.558983,-5.3129053,0.08878298,2.1318429,-2.2024758,-0.82969743,2.1449249,0.8329782,0.011760544,-9.95746,-5.256656,1.706966
TCGA-FD-A6TA-01,9.287002,-6.0632343,0.7439815,11.452435,-39.768047,7.186968,-4.7391376,11.879562,-4.5776453,1.4537301,-5.8605256,-1.370179,1.1554646,-2.630127,-0.8814324,3.0600977,1.1666076,-0.8441788,-13.834063,-6.6868043,3.9356031
TCGA-DK-A3WY-01,14.268515,-9.30626,-12.066815,20.449627,-42.296627,-2.563094,-8.002898,19.2907,-25.606272,8.667123,-7.1438246,0.78640133,1.3256723,-3.873721,-2.7624643,3.7851045,-0.88005054,-1.1955644,-3.3351955,-13.9105425,-4.6294994
TCGA-XF-AAMR-01,17.160942,4.2330003,8.0575,10.651272,-44.685093,-7.0093894,-2.9501743,22.855247,-12.020238,-2.847079,15.184543,-0.39287212,1.7619386,-4.1058517,-1.0854961,3.004716,-0.65345746,-1.0934227,-12.867475,9.884019,8.763315
TCGA-FD-A6TF-01,13.840081,11.588041,7.152649,-1.1548651,-41.701977,8.311547,-0.9881164,24.8201,-15.058523,2.2444842,4.624866,0.15972,1.3499678,-3.537341,-1.193054,2.904589,0.22890553,-0.66316134,-8.775819,-13.491281,1.1932003
TCGA-CF-A3MF-01,14.515725,-23.65591,-7.041876,-0.49336916,-28.243011,15.957491,-4.821669,4.0282617,18.50743,7.035681,6.1796155,-0.51545143,2.5480182,-2.9557316,-0.49064863,2.5237303,2.781917,-0.114108086,-13.70136,-6.4590034,31.46197
TCGA-GC-A3WC-11,17.739084,-2.547447,5.7685,12.050699,-46.470905,-12.90294,-0.33806732,23.169243,-18.26164,-5.8056374,3.2680554,0.6199994,1.638039,-4.6911426,-1.9637719,3.4235795,-1.3719952,-0.986989,-4.6425858,-10.475299,-4.11978
TCGA-5N-A9KI-01,8.808401,0.77295554,17.078302,5.719075,-37.96684,10.992902,-7.345499,13.804207,-3.683485,2.3088505,-10.1010895,0.46938866,1.2575829,-3.1171095,-1.3070797,2.2227054,1.2418852,-0.8747794,-9.875506,-15.095572,-1.9624021
TCGA-ZF-AA4X-01,8.110612,-3.4446754,9.580175,1.956622,-29.09346,5.5457115,-17.362371,2.4451358,27.285826,4.5407257,5.1894355,-2.0381348,3.8364713,-0.6657329,0.5966698,2.0795515,2.4870079,0.928744,-16.731113,-1.5396328,13.459265
TCGA-E5-A4TZ-01,12.365823,-4.6212173,5.456176,-18.701815,-32.16689,1.8304287,-25.259264,22.191319,9.205168,9.4731245,26.720308,-0.5525386,2.9638848,-3.3033977,0.6999997,1.2630471,0.48098007,1.419418,-21.207642,-8.3372965,-7.26097
TCGA-BL-A13J-01,11.046891,9.0135145,2.3650978,0.7286958,-36.464367,9.6406975,-6.6795397,20.064865,-3.5238576,1.7457795,19.835056,-0.055008665,2.4988165,-3.8473427,-1.5257956,3.3504703,1.7365301,-1.0374485,-11.844405,-8.796843,12.913417
TCGA-DK-A1A6-01,8.393283,-7.3121204,-5.4819155,15.370201,-27.18435,18.530098,2.1588829,7.3710914,3.7944255,6.8252177,1.4900475,-1.4853381,3.5349596,-2.6982224,0.9358105,2.5560677,1.22186,1.6271986,-7.88074,13.074214,4.3859396
TCGA-ZF-A9R0-01,15.233069,-6.498945,-3.4516592,4.6125402,-37.589687,13.272609,-4.9580607,12.282284,-1.632651,-0.033938326,-2.454873,-0.91877604,3.278693,-3.1244755,-0.9724316,4.2355537,1.798068,-0.76653713,-12.018619,-0.19502936,21.18714
TCGA-ZF-AA51-01,9.697246,-11.540376,-3.6913536,19.19468,-37.614464,14.563548,-9.771494,9.107197,-1.6268531,9.681983,-6.795242,-1.5060263,4.0803266,-1.7786894,-1.2279944,3.7252045,3.676188,0.15996113,-3.747356,11.935168,-3.614311
TCGA-G2-A2ES-01,12.090594,-20.05167,14.343142,-2.2938192,-31.789494,9.233935,-3.0802789,22.549685,-6.52226,9.046753,23.719965,-0.18397892,3.7424178,-3.1345437,-0.28899407,1.8330123,1.0267757,0.94546545,-13.899915,-10.908235,-3.724148
TCGA-CU-A0YO-01,12.31795,-9.375624,13.701287,12.433267,-39.530094,-6.941923,-7.085471,17.463696,1.9794382,0.3845133,11.34426,-0.31009614,3.5581217,-5.1284666,-0.923439,3.6216006,0.35434562,-0.58517176,-14.727263,4.192713,6.445725
TCGA-GC-A3OO-01,13.900093,-1.6106712,16.617441,6.389006,-40.538662,1.5638126,0.66118824,18.702686,-2.3318753,-1.95198,3.8794732,0.19052821,2.3542962,-3.4344378,-0.95244396,2.8952644,0.24748535,-0.7595897,-15.668125,2.9863358,8.867846
TCGA-DK-A6B6-01,7.569455,-19.717197,-6.207609,20.480831,-25.899168,6.2296476,-11.460783,-3.2214625,19.0767,7.50539,-0.19966242,-1.3720646,3.7072833,-0.66663086,1.1073713,1.2990204,1.7445208,1.5561808,-6.465158,3.50005,7.569912
TCGA-BT-A20T-01,11.870471,-10.662016,7.891251,8.443848,-37.71875,1.4917116,-7.3503165,13.38352,-4.3806505,7.149806,8.925666,-0.50726825,2.3993256,-3.323017,-0.25096864,2.0488918,0.58377945,0.31967974,-13.998631,3.780718,4.774893
TCGA-K4-A6FZ-01,13.724111,-20.168793,16.318165,8.030776,-34.866016,-5.3933434,-10.529082,15.35241,8.380941,10.009082,18.112804,-0.9888713,4.394799,-1.8229246,-0.17367817,1.6335992,1.8859947,-0.10112947,-6.7730227,-5.3968053,-2.5868075
TCGA-G2-A2EJ-01,18.44124,-24.998497,14.560953,-15.959176,-26.963936,6.774968,-13.787255,30.52214,-2.179635,2.5459726,40.089233,-0.09312414,3.776913,-3.6161427,-0.1448715,1.2084004,0.62032485,0.4009616,-2.0339305,-27.693304,-12.77986
TCGA-DK-A2I6-01,11.515677,2.7710035,9.571411,0.6584322,-31.547518,13.900623,-7.109099,20.542084,-2.1050572,18.65124,18.05335,0.73769265,2.2615662,-3.203411,-2.8696063,3.3460832,2.1862786,-1.0051048,-12.425628,1.1977689,-9.603451
TCGA-XF-A8HE-01,14.061063,-16.495266,14.227682,-3.9045324,-33.260323,4.269281,-21.56315,24.778772,-5.788264,5.9056025,21.889267,0.0065808482,3.5881226,-3.1180801,0.39256927,0.9315145,0.18782021,1.0901042,-9.174836,0.28675464,-1.445183
TCGA-XF-A9SI-01,13.072357,-8.477651,-8.173815,19.523926,-44.596664,-8.221719,-17.844318,19.160538,-15.809751,3.4761956,-6.7482805,-0.7922096,3.116049,-3.7732592,-0.46422002,3.2497332,-0.2949827,0.0721672,-6.0474033,-13.371669,-1.6497853
TCGA-XF-A9T5-01,13.85368,-13.881921,2.2965293,6.624427,-38.953102,-2.25313,-17.636038,15.849638,-9.636691,19.650793,-4.0568476,-0.6422217,3.6343079,-3.2273617,0.30679667,1.8131756,0.72807634,1.7584879,-1.8435786,-13.447101,-4.545251
TCGA-XF-AAN7-01,9.037393,19.206228,17.94481,18.583097,-34.430477,6.8826423,-13.2233925,15.621683,1.5619539,-1.0702304,23.901413,0.83331364,1.6690576,-3.8299594,-2.760708,2.6527648,-0.4337475,-0.88074803,-23.661884,-32.377678,-7.8442097
TCGA-DK-A2I1-01,14.375381,-5.8102283,-7.1689377,15.381488,-38.747242,11.3741255,3.2032623,11.428268,-14.92228,-0.46106264,-8.019308,-0.9617578,2.1536689,-3.2223442,-0.6199531,3.6788085,1.1596042,-0.097753495,0.45591614,-1.9995451,3.6815364
TCGA-BT-A0YX-01,14.882462,-17.141436,18.80848,-4.157816,-36.209595,-4.9244294,-12.44136,24.766747,-2.9749784,9.554703,22.59566,-0.44966912,2.7676206,-3.0550754,-1.508425,2.0656364,1.8188068,0.480289,-5.5380764,0.96910584,-8.077057
TCGA-DK-A1AF-01,11.040391,-4.2612104,11.640066,20.450495,-42.820076,-8.623224,-3.5463958,19.433233,-8.809851,-3.1262152,9.485371,-0.56826705,2.7590735,-3.084937,-0.5675889,2.6632721,0.7747271,0.24683349,-6.0585136,-5.123442,2.5938165
TCGA-XF-A9SX-01,17.138247,-1.2552881,0.20324314,14.062761,-38.22279,13.970826,-3.2224457,14.339668,-16.481337,12.580007,-3.4479814,-0.46963418,2.7139964,-1.2007265,-0.14574696,1.735694,1.8264186,0.52299744,-8.606997,-10.218307,-0.2823103
TCGA-UY-A9PF-01,8.598802,-13.541468,3.1055121,17.53571,-32.68517,10.269023,-1.7635998,8.579258,6.598486,-3.3557577,-0.59978473,-0.8368372,3.3401794,-2.8089173,-0.13857678,3.1335807,0.845466,0.054486413,-7.5010195,10.0523615,-5.015349
TCGA-K4-A3WV-01,13.686839,11.902478,8.426445,-4.7652993,-36.4094,-13.252625,-24.48586,22.734875,5.1405473,12.126646,23.023512,-0.7373873,2.6612365,-2.8099396,0.8994877,1.9505224,1.0282836,0.91076845,-4.962684,4.1707397,-14.890221
TCGA-E7-A8O7-01,11.227148,-21.783516,-2.3623173,15.820756,-28.231339,3.636647,-11.428771,-0.99499124,20.157661,9.951435,10.877511,-1.4851202,2.8790278,-1.8898613,0.6693891,1.9844624,1.6974522,0.66357785,-16.81911,-7.57962,30.169039
TCGA-FD-A5BY-01,15.013511,-10.817437,18.584387,-0.26804203,-36.541004,2.9250152,-3.231449,20.994236,-9.93199,15.745579,9.84863,-0.10603258,3.1011174,-3.4951677,-0.83684945,2.1067278,1.1574901,-0.317807,-11.459285,-30.589376,3.453911
TCGA-BT-A20V-01,12.657281,-11.524943,6.9726357,1.0053924,-33.39374,0.03169386,-18.9212,13.137246,3.4377823,25.137016,7.544245,-1.5347096,3.1037934,-2.843805,0.6867951,1.9252943,0.91979367,0.83602554,-1.2301197,-3.9205546,-11.074517
TCGA-ZF-AA4U-01,9.503636,-12.0829115,8.548154,1.3340057,-24.79646,-2.669796,-22.217716,5.1715436,24.681076,8.725365,19.136114,-1.7330213,2.5295305,-2.5477269,1.2617878,0.7197736,0.47010192,1.5989784,-16.714336,21.377909,17.305956
TCGA-PQ-A6FI-01,20.117374,-15.947339,7.183518,-14.406876,-29.532139,3.263798,-14.06699,30.586336,-6.7616296,2.1680987,35.70054,0.36585665,3.607518,-4.0719013,-0.9719166,2.0042558,0.7180547,0.07687823,-13.498541,-12.456012,-2.9142656
TCGA-FJ-A3Z7-01,11.083055,0.38343775,-0.21720624,18.253363,-36.896534,12.454082,-10.825951,12.197004,4.9963603,1.4899791,5.5846276,-1.9894637,2.7435553,-1.4808218,-0.77133876,2.585169,2.5886965,0.3530425,-14.528588,18.619326,13.170628
TCGA-DK-A3IM-01,18.290638,-4.0317087,1.4878742,-16.773685,-30.796318,-6.0074697,-18.462736,33.744095,3.9212203,5.257871,48.16099,-0.1196159,5.0657196,-4.413448,0.6719566,0.8749246,-0.4082653,1.8951191,-22.85797,-31.358353,-11.3688
TCGA-ZF-AA4T-01,4.432844,1.8207564,4.9295897,7.926488,-24.568779,13.211849,-14.3467,5.7739654,18.309652,-0.26423666,10.420194,-1.1181804,2.9483516,-1.386354,0.45639145,1.99987,2.1581674,0.52469164,-17.509525,0.5641713,-2.9273345
TCGA-G2-A2EL-01,7.2510047,25.49979,0.96092236,0.68897504,-32.041706,-17.149593,-31.878098,16.811207,14.380215,3.8413935,29.07441,-2.9063094,1.8805977,-0.10041369,2.3653097,0.56931853,1.181137,2.2136338,-17.727692,-2.0373292,-3.4924114
TCGA-FD-A5BS-01,14.014447,-12.517183,-4.559985,19.296762,-43.19379,10.638602,-9.529329,15.948859,-21.721714,16.900389,-17.100346,-0.29972354,1.8543562,-2.8481581,-0.93049735,2.6750324,-0.048241585,0.19647296,-11.360736,-6.521827,-2.7039468
TCGA-FD-A6TC-01,13.093697,3.8064618,7.5210023,6.2708883,-37.723267,14.438128,-4.5778275,16.062807,-10.034557,7.0710444,7.0046396,-0.66570187,2.4061825,-3.6539905,-2.2829938,3.1668956,1.4096196,-1.4177952,-15.988058,-12.709724,-5.2228537
TCGA-DK-A3X2-01,13.136463,5.0077267,3.8674877,-11.164631,-31.00592,-0.37628412,-20.88681,19.444931,14.240042,10.89835,24.927649,-0.21533032,3.480596,-3.3698723,1.4202195,0.029222153,0.014168531,1.7895647,-23.062908,-20.984838,15.33889
TCGA-UY-A78N-01,13.712699,10.300309,-2.4922302,6.058914,-33.607647,1.3399818,-16.70581,15.318479,3.7724338,2.3901532,14.277311,-0.82860357,3.0852027,-4.17615,0.6870095,3.172719,0.60775584,0.28909832,-6.275379,12.266225,15.152769
TCGA-FD-A3SS-01,13.237693,13.902178,8.11678,-14.731051,-36.90263,12.091546,-7.4606876,22.464659,-2.61476,6.6701717,11.956305,0.08924553,2.2423377,-4.103332,-2.6728923,3.2725952,2.6069806,-1.6307467,-15.672269,-3.3923874,3.8969026
TCGA-4Z-AA7R-01,5.2125273,15.503393,9.872379,14.443433,-31.940668,11.969101,-21.650831,8.4139385,13.049222,3.0553367,9.633169,-1.723008,3.1541564,-1.368698,2.093263,0.45261702,1.2124662,2.1397333,-13.394034,17.134745,-1.4591849
TCGA-DK-A1A3-01,7.8676896,9.146329,6.7305083,14.993494,-35.9717,9.284218,-4.211444,15.356212,-6.2074833,-5.069818,-0.16826144,0.08967781,1.0736461,-3.9070213,-1.9387186,3.0954885,0.22102664,-0.74532604,-9.221155,4.8913407,-3.6936615
TCGA-E7-A85H-01,10.518264,-2.1325598,-16.258127,14.221511,-33.175404,7.2573857,-9.795598,10.117711,2.0417647,3.2834122,4.1328926,-1.6398422,1.7788378,-2.3694162,0.95164144,2.0185688,1.0731227,1.0325115,-4.4477296,9.249647,8.56023
TCGA-DK-AA6X-01,9.45609,-9.44889,11.657143,12.264504,-37.23,-4.6725125,-19.351942,8.728648,3.6561785,11.04779,-3.7230906,-1.0109429,3.3821175,-2.3067098,-1.2514459,3.17998,2.0241094,-0.30206114,-13.632335,-3.6357636,16.109997
TCGA-CF-A27C-01,9.396016,-13.261357,7.4692245,2.9208722,-22.98737,2.2404683,-16.4026,0.34087875,29.651924,5.000171,16.06367,-1.5027733,2.4885578,-2.3915005,1.1695716,0.84966236,0.9028744,1.6561192,-22.147127,6.4938617,22.218279
TCGA-KQ-A41N-01,10.211343,-5.1167994,13.708975,-1.2773334,-32.92188,14.906393,-12.870292,10.247202,12.303505,13.344115,2.884327,-0.5992707,-0.5682961,-3.8105326,-5.310729,4.523879,2.1524801,-2.8455355,-12.144262,2.1137085,-12.44352
TCGA-XF-A9SK-01,16.508236,-3.654213,7.983962,6.8673615,-41.851803,9.587584,-8.939245,11.773593,-13.48962,18.856213,-8.046461,-0.49166986,1.0906376,-3.0409546,-3.27104,3.77693,2.246682,-1.2225728,-14.898892,-14.641251,6.5469913
TCGA-ZF-A9R4-01,5.2842736,-8.749637,-7.2877116,15.803701,-24.524147,15.837264,-8.702278,0.5689395,17.820602,4.0897374,6.7409296,-1.6041402,4.601809,-1.323117,2.8489864,1.1926073,1.7121942,2.3959684,-15.229163,-11.13147,18.454458
TCGA-FJ-A3ZE-01,9.748948,4.127575,-3.408399,-6.9771647,-28.594849,-4.734866,-23.225636,9.944678,16.327314,7.9687138,18.371668,-1.667994,2.7400322,-2.9411104,0.9964843,1.795766,1.2230496,1.3273219,-20.80271,-10.74211,30.111622
TCGA-GD-A76B-01,10.376674,-17.650236,5.6712427,16.067818,-35.386406,6.301877,-7.714223,6.699308,2.7807527,1.2578245,-9.272073,-1.5464581,2.8604565,-2.180179,-0.481252,3.1855743,1.5957941,-0.44772372,-3.3017023,-13.851958,5.1270814
TCGA-G2-A3IE-01,9.262387,-11.385755,-2.2838027,10.050062,-28.50409,6.1705165,-10.681474,4.4085813,12.225758,6.1110835,3.146495,-1.078786,4.4321547,-2.7254074,0.10650955,3.0897686,2.6469426,0.9355814,-11.727609,1.2810547,14.56165
TCGA-BT-A20Q-01,12.8471155,-5.521729,5.690358,16.7928,-35.333202,4.9691806,-3.046516,8.703387,-7.7952247,4.025288,7.351983,-0.071604,2.0391388,-3.1741948,-0.8883835,2.0576634,0.96588945,-0.5838585,-19.033588,14.989864,11.528894
TCGA-XF-A9SM-01,13.64633,-11.356748,0.7105938,14.243224,-36.106525,18.291187,-5.1215763,18.71888,-18.349676,14.871056,8.569694,0.1054344,2.6214058,-2.6617217,-0.9448099,2.1398337,0.91894424,0.2923012,-8.839506,-2.3034322,-2.7344682
TCGA-FD-A5BX-01,15.676014,-5.098236,8.118812,19.380125,-38.469063,9.716367,-1.9674008,14.238283,-17.341412,6.7079782,-3.6462946,0.7023123,2.4772046,-4.191515,-2.8514366,3.8612278,0.41482675,-1.5817112,-18.883886,-14.427335,-5.1646953
TCGA-DK-A2I4-01,11.1068945,-3.1318533,2.741355,23.680817,-39.876316,14.377396,-2.1647215,14.96546,-12.612139,8.135725,1.2829423,-0.82203764,2.723675,-2.5834508,-0.70808405,3.011471,0.91317755,-0.40409675,-14.028861,-0.9574542,-3.0187588
TCGA-FD-A3B3-01,17.393274,-12.437457,6.909148,-0.13953216,-40.604847,-0.02108623,-8.988939,33.062614,-20.0791,2.6448271,22.622704,0.67114365,2.124545,-4.298582,-2.0039413,3.008212,-0.66795725,-0.3758746,-3.8270702,-21.400564,-7.725124
TCGA-H4-A2HQ-01,9.532889,0.55288255,10.945875,10.983423,-31.247387,-11.483109,-31.606329,10.793257,14.804993,9.069013,21.306799,-1.7059895,3.407751,-2.608474,-0.19597243,1.8647078,2.085955,0.6783781,-1.7070873,4.0661674,-2.1537447
TCGA-4Z-AA7Y-01,7.3936596,-12.909238,10.917166,6.9166555,-26.365887,4.1780553,-8.287948,3.7148197,24.675491,5.600912,19.73101,-1.9045563,1.6368803,-1.968158,-0.11898406,1.984915,1.7193565,0.7509091,-14.234683,-7.7584367,28.335981
TCGA-FD-A5BV-01,10.621399,-4.682493,15.201727,9.683569,-29.650055,6.911112,-9.695005,9.997261,5.6925387,5.546154,13.521836,-0.84343606,4.120902,-2.9616206,0.9827366,2.3062444,2.4300525,0.678251,-11.648735,-1.32164,-7.0373383
TCGA-ZF-A9R3-01,8.022553,-12.464953,7.372151,15.050618,-29.13189,2.6456048,-13.557686,0.86802846,9.142017,4.6642303,2.3853512,-1.2234361,2.4660077,-2.0439248,-0.5017162,2.4450216,2.452503,0.16189769,-11.654321,-19.573786,20.46813
TCGA-UY-A78M-01,13.026305,-0.24138224,-1.8075025,1.1790067,-36.55907,6.9762664,-1.9314,16.925245,-4.3012695,8.101345,1.1515377,-0.8511653,2.2028477,-2.286758,0.70826775,1.845637,0.86985403,0.62360257,0.16927503,-0.5096626,0.55004376
TCGA-BT-A20J-01,8.4450445,-0.6385474,7.5804496,14.927101,-37.54378,5.1259503,-20.58529,13.490889,-3.7717233,8.754939,-1.8847846,-0.58687353,2.8301706,-3.7987754,-0.32648143,2.3918166,-0.70531964,0.59417284,-15.701529,-15.831815,-5.778455
TCGA-GD-A6C6-01,10.360732,-11.840527,2.093715,5.7133656,-28.349243,7.1392055,-14.439595,5.6186633,10.234891,16.386578,1.0654435,-2.320922,2.0878606,-1.3484744,2.1296155,0.52483904,0.6318541,2.2920675,-3.2509964,23.919867,6.875
TCGA-XF-AAN2-01,10.008817,-5.7553396,5.312012,-0.61573774,-32.508976,19.940338,-5.0933094,14.738282,4.066632,12.095823,10.647512,-0.42988527,3.779647,-1.926701,0.3964069,1.2126248,1.6923127,0.90565944,-11.898166,-10.971803,5.349663
TCGA-4Z-AA7O-01,9.645072,-13.968943,12.470458,11.381023,-31.650373,11.29344,-10.221383,6.797366,5.1462555,7.4218335,6.736238,-1.6673777,3.9213207,-1.9940653,1.1380711,2.4464455,1.7560841,0.748294,-18.370405,-7.5209904,18.063297
TCGA-GC-A6I3-11,16.090738,-25.407207,-4.064855,10.259303,-44.871807,0.17505823,-4.883424,13.872999,-16.44818,14.912107,-23.27707,-0.782113,2.9238856,-3.4307146,-0.90524,3.2632241,-0.2619335,0.045853905,-0.6804187,-15.267291,-2.0499156
TCGA-DK-AA6L-01,14.933381,-13.465922,10.669852,3.4786675,-35.274433,8.159208,-11.440087,12.100504,2.3704457,20.82286,0.14523461,-0.1813551,2.6140387,-3.0579798,-0.6545485,1.8837006,1.302474,-0.16727576,-15.352623,12.536318,1.1564562
TCGA-XF-AAN1-01,11.318274,-15.447131,4.2583613,13.469687,-28.999006,2.9596236,-12.820289,0.4976392,17.92829,5.6748805,6.1711245,-1.9143306,2.7849684,-2.4009733,1.7785963,1.7187989,1.4194396,1.2207813,-14.073356,-10.93069,28.176685
TCGA-BT-A42C-01,8.048554,-3.7063198,14.482725,-3.561957,-33.74649,-0.6895294,-19.390694,9.809809,20.570871,11.144009,8.94496,-1.5092607,2.3542087,-2.8625221,-1.6667461,2.4841528,2.275442,0.06561176,-16.614973,-3.2225752,16.691534
TCGA-ZF-AA54-01,12.565137,2.887385,-2.9208572,30.342083,-31.407606,9.268316,-4.386587,11.520018,-16.900106,6.281479,10.196845,1.0962907,1.32725,-3.6714926,-3.3893971,3.8537068,-0.26070303,-1.357708,-12.443099,-7.9775023,-0.77310544
TCGA-K4-A3WU-01,17.033968,-4.4287457,1.1929324,10.505011,-47.695156,-3.6160476,-12.857843,19.02129,-4.915622,0.11525532,-2.116991,-0.8361533,1.2912862,-3.3722556,-1.8915187,4.1211715,1.1832727,-1.2688189,-10.898063,5.471263,6.0524387
TCGA-ZF-AA58-01,17.819723,-11.153293,-9.09275,19.146275,-36.38355,9.673825,0.14702688,16.087006,-23.06143,17.643538,2.0161467,0.1424327,3.3939278,-1.9819859,-2.4654522,3.5630572,2.1190298,-0.80049527,-3.7697918,-16.807022,-3.5740967
TCGA-ZF-AA4N-01,20.54475,-14.501122,10.603115,-1.3044864,-33.902275,-4.2249303,-10.730154,27.684734,-8.629483,9.971359,34.89808,0.24505222,4.4390583,-2.8813646,-2.5468252,3.1153991,1.5005205,0.47645396,-10.969591,-10.358142,-11.974863
TCGA-GD-A2C5-11,13.10879,-8.839934,16.356625,12.752619,-42.53819,-14.470795,-16.219847,15.048586,-0.4125696,4.440653,-2.8939023,-0.37327427,2.967888,-4.7489195,-0.5422159,3.1286948,-0.97079206,0.17473033,-8.729682,-16.716047,0.010707086
TCGA-CF-A7I0-01,15.384572,-13.387071,2.8461192,11.254492,-35.516014,0.98626065,-2.1977942,8.711781,8.488042,-0.08393935,8.248991,-1.0868633,3.9189584,-3.9139318,-0.41609117,3.5843413,1.4034393,-0.73325187,-8.880982,18.63205,9.666021
TCGA-DK-A3IN-01,11.058393,3.438934,8.5445795,19.37032,-38.986546,12.810023,-9.1937475,21.130445,-11.064188,3.4744709,10.744337,0.10547343,1.8081411,-3.1002624,-0.9062983,2.0699847,1.0384023,0.016065873,-9.678713,4.565497,-6.8583694
TCGA-DK-A6B0-01,13.046451,-16.587076,2.2344592,5.9981093,-26.353977,0.24946414,-13.282818,-2.236893,24.808151,6.2197685,8.553063,-1.0101207,3.8523219,-2.645606,1.868006,0.8734874,0.73386604,0.9772027,-7.297836,1.0787268,35.085686
TCGA-XF-AAN0-01,11.270882,-2.5608912,6.856881,6.799268,-37.28556,5.022491,-14.9457445,10.835779,5.919679,8.516658,3.39781,-0.6522563,2.985829,-2.4158478,-1.0044123,2.5541732,1.9761218,-0.67367035,-19.214426,-13.108285,3.770866
TCGA-E7-A4XJ-01,14.267657,-13.763085,-5.541343,1.4115676,-31.807217,9.831837,-5.228857,9.114093,14.545221,16.716946,9.320283,-1.133458,4.345626,-2.4583044,1.0933137,1.8419954,1.8785521,0.7276601,-6.5885944,-3.0519772,4.3240647
TCGA-HQ-A2OE-01,8.671746,-7.276222,-3.002588,7.5817137,-29.11033,6.8787346,-18.17658,7.624586,19.207373,9.249479,13.52367,-1.7297268,1.2931874,-2.6065745,-3.5269947,3.689858,2.9734445,-0.48511004,-16.90092,4.144494,3.5560749
TCGA-5N-A9KM-01,11.450726,-14.206517,7.193802,14.786143,-32.619938,14.585739,-0.92725027,4.9252687,-2.0270553,10.594829,-5.021535,-0.014636134,1.4357841,-2.5809681,-3.1738517,3.3709958,2.8732162,-0.9954326,-4.6763706,-10.720542,6.8534427
TCGA-FD-A6TK-01,17.164867,-2.3171039,3.1851037,11.532562,-41.751343,13.664903,-1.2372084,23.147469,-19.350088,11.549978,7.896343,-0.04553423,2.0327091,-3.0918016,-1.216078,2.8240163,0.3212031,-0.7435572,-10.501863,-3.3091931,-3.0599945
TCGA-UY-A8OB-01,14.131297,-13.0232525,2.980193,-1.1937672,-28.312822,22.64697,-1.2895485,17.59934,-2.6215334,21.11229,16.102942,0.35066774,2.5592613,-2.7588596,-4.037317,3.4423623,3.1274981,-0.24479607,-15.77168,-7.3623395,-19.05345
TCGA-DK-A3IQ-01,14.986347,17.484524,7.243819,12.224426,-43.18704,2.2512674,-1.1402147,23.146124,-19.870674,-3.3497918,20.59526,0.37831947,0.9514633,-3.315122,-0.99665403,2.1760747,-0.14707756,-0.6813529,-15.500176,-2.0171547,3.647987
TCGA-FD-A6TG-01,15.067536,-0.16012537,-3.442791,12.27317,-44.95215,-4.9797,-2.4497998,19.580408,-10.543362,0.46446168,1.4585922,-0.08906393,0.91068566,-3.4751008,-0.42564955,2.7383764,-0.52293724,-0.10450542,-8.105022,0.6460006,2.5658603
TCGA-KQ-A41S-01,11.168219,10.967297,17.813858,10.529307,-39.042896,2.3827784,-6.1995783,14.142778,-1.7145349,-3.3260431,7.870314,-0.55653757,2.5487049,-2.7822368,-0.5696418,2.037466,1.7025082,-0.46975255,-10.963895,-9.042903,12.168631
TCGA-LC-A66R-01,13.855876,-10.285192,5.880362,6.9665537,-35.145195,13.210526,-2.4887304,20.49361,-7.0233903,16.045834,17.53173,-1.0400794,4.066234,-1.3212188,-1.3879615,2.6599393,2.4080987,-0.15518643,-12.665635,-7.7394166,-4.6031303
TCGA-GC-A3BM-11,15.243909,-2.576655,10.229108,16.738874,-41.99226,-14.688312,-8.620911,15.595274,-2.0294366,-0.8847984,15.753494,-0.2662319,3.5955505,-4.695326,-1.0032614,3.8425257,0.3343854,-0.78742397,-14.226359,3.6380491,12.693184
TCGA-BL-A13I-01,17.809494,-9.510823,-2.2828734,23.515831,-36.341908,2.5018175,-6.8203483,11.898136,-17.658014,17.899483,4.3765426,-0.18123238,1.3843576,-2.689525,-2.0873635,3.1711195,0.091373295,0.37181598,-6.9832277,4.08024,-10.912883
TCGA-FD-A3SO-01,15.986659,-2.5335805,3.3354745,0.6975989,-33.91142,12.7155,0.5787319,22.561628,-11.304449,8.506119,19.199177,-0.383448,3.5789053,-2.1330104,-1.1732135,2.6496413,1.833872,0.35945645,-13.692393,-6.3220525,6.6247296
TCGA-BT-A2LD-01,15.734473,3.7444296,1.36037,0.24133007,-36.534695,1.5280318,-4.4967403,19.687948,-9.437422,15.081123,0.14048961,-0.34084722,1.3097755,-3.547147,-2.332902,3.8392837,1.54852,-0.9005468,-6.3071165,12.677941,-13.002347
