,10,11,12,16,17,23,27,29,4,11,26,27,1,2,3,14,15,19,24,25,27
TCGA-EA-A3HT-01,9.57224,-0.49276763,-7.4939427,7.528977,0.69367254,-3.1344736,6.344056,23.764992,4.02994,-2.6062472,5.465317,0.117942765,-8.531949,5.6965575,3.7102675,5.880099,-14.472351,3.7460349,6.356217,6.9365745,1.7862219
TCGA-FU-A3HZ-01,-19.81081,21.844086,-19.782589,7.8599005,-24.016685,13.678991,-7.8520713,9.294801,2.6854267,0.4374037,3.8846533,3.0691226,-6.5060797,-1.9945407,1.8243252,-2.5332751,-24.25844,-0.20109768,3.3095918,16.686974,15.657021
TCGA-FU-A3TQ-01,12.661816,5.037061,-4.9102073,1.9080548,10.954279,-9.992546,9.870352,23.700434,4.1094923,-2.950191,6.8887577,-0.4681182,-11.279461,8.880001,3.0334122,7.169866,-16.67775,4.8209934,6.8128543,8.786537,3.2405941
TCGA-DS-A0VK-01,4.7552986,0.037567094,-2.5393374,-5.1258984,20.449398,0.8435771,16.351608,23.266682,3.821921,-3.7657816,4.568177,-0.8480865,-9.892931,8.0933485,4.018417,5.892268,-9.660666,7.387209,6.345153,3.0959108,-1.481886
TCGA-UC-A7PG-01,3.3507469,1.560586,-10.349567,11.980133,6.5874796,0.23842423,2.604069,23.51645,4.165775,-2.5168145,5.563381,0.31631058,-9.981394,7.60817,5.849175,7.731993,-12.238156,2.2092988,6.4854293,7.669722,4.489388
TCGA-C5-A7UE-01,20.526815,2.6647103,-6.401111,-3.5389543,6.435955,10.798175,10.720438,25.781637,4.2419043,-2.6921506,6.7310224,0.22260122,-11.252766,10.65839,6.074834,8.032596,-17.3115,3.8121357,6.235587,9.165748,7.7686424
TCGA-C5-A1MJ-01,-6.968711,7.432998,-19.32181,-4.941379,-8.838707,-6.607279,5.448778,16.7319,3.5172393,-1.6541651,3.457457,-0.22102696,-13.393978,14.0744295,-7.199405,4.7447844,1.6582808,5.364912,17.288826,-2.190943,-22.944805
TCGA-UC-A7PI-01,7.6134315,9.027008,-21.633396,-15.039177,17.34223,-15.571825,15.095973,23.411306,4.0232897,-2.1396341,5.127614,0.44052023,-16.364044,19.102411,-5.9848385,6.706998,2.9319687,9.374396,19.467403,-1.2233438,-23.321653
TCGA-C5-A1MF-01,2.204183,4.582214,-13.668693,-15.149955,-21.70961,28.548094,5.171626,20.24462,1.7967596,-2.1733131,4.415506,-0.028450273,-12.484149,14.084245,-2.836835,8.719506,-2.6119127,6.6096373,12.496481,-2.7076805,-15.964291
TCGA-EA-A5ZF-01,2.1681895,3.0022428,-18.585688,-1.1931964,2.1237335,1.8789898,3.316048,17.768723,4.096565,-2.4737186,5.6357827,0.9347321,-8.215071,1.7587491,3.8445575,1.2909702,-25.285343,2.9365394,6.1457214,16.319468,13.100717
TCGA-EK-A3GJ-01,5.1306844,9.781927,-6.011845,-13.697468,-25.020811,-3.94635,6.4402413,12.120367,1.0650988,0.8248042,5.9472766,0.9716214,-12.9907,13.459222,13.405201,6.9491115,-23.996483,1.8333962,8.241029,15.417019,19.276264
TCGA-JW-A5VG-01,5.52977,16.506514,-10.156125,-10.696965,-39.135307,-20.15869,-0.8218786,12.404086,0.4409836,1.619973,4.3453484,2.1447823,-5.935652,2.649195,10.402657,3.2246492,-24.114325,0.78799456,4.805951,17.228382,17.681683
TCGA-C5-A1MH-01,7.2580323,-1.4085071,-2.5549457,-10.104107,-9.417612,-1.5110921,7.8980355,22.27934,2.8390665,-2.2378993,4.771126,-0.62590706,-9.853758,7.2385626,3.8022006,3.2827523,-15.921044,7.848434,6.480652,8.725224,4.932429
TCGA-LP-A5U2-01,14.294513,3.2142894,-7.239057,-9.896451,-0.4887022,0.0476815,16.532068,14.883425,5.5608273,-4.122286,6.7182355,-0.71893823,-13.363211,16.335566,2.9093325,11.418815,-7.7646213,8.381095,10.810721,4.3541603,-9.829934
TCGA-EK-A2PI-01,8.33099,0.042079166,-6.9061923,4.5349092,5.2112994,8.634058,4.7531466,20.717451,5.039602,-4.1724586,6.179495,-0.22060893,-10.962074,8.380827,8.095454,6.967977,-23.078934,-1.5432391,6.9728856,12.44643,14.215127
TCGA-MA-AA41-01,4.423682,6.013076,-3.6230109,0.39860213,-7.970629,6.1249304,9.118078,19.5048,2.9133923,-2.1070137,6.181495,0.19014302,-12.844804,11.722146,8.502025,6.4765124,-13.584226,4.333007,6.7897077,6.4953527,8.1386795
TCGA-EA-A439-01,6.4619703,7.6216807,-18.34362,1.879768,-9.396963,-2.593375,6.893024,18.97964,3.510971,-1.7933304,4.9714556,0.8180226,-8.795872,6.3614073,5.4665017,2.141622,-25.530409,9.159179,8.273496,18.365486,11.239975
TCGA-ZJ-A8QO-01,6.9614434,11.838517,-3.88328,-6.2576313,-23.243893,1.6396137,5.7959146,14.312355,4.695294,-2.8866522,6.7865844,-0.43673912,-10.963663,10.926289,8.788955,5.9480567,-14.679311,5.7681293,6.4487653,9.418553,10.758932
TCGA-FU-A3EO-01,13.776584,-9.787331,-15.041219,-34.75324,5.3885236,11.46847,7.172634,24.78419,4.0772767,-2.9373863,4.498556,-0.72595906,-17.10503,22.838642,-8.15949,8.644479,10.3844595,7.2458477,20.655672,-9.463588,-29.685028
TCGA-JX-A3Q0-01,10.259983,-1.0468028,-1.739559,-11.674804,1.4917136,-8.775415,12.395663,20.538677,3.4427311,-1.8584877,6.379596,-0.16382997,-8.739056,5.208106,0.2889853,5.189741,-5.3310895,4.0574555,6.589253,0.19464368,-5.8627925
TCGA-4J-AA1J-01,-3.0597215,10.769705,-8.045004,6.4024405,10.907248,-10.008797,9.252229,24.476442,3.2509623,-2.986809,5.783909,0.765023,-8.794089,5.466434,2.7802331,4.442488,-6.1612697,5.947546,5.9815273,-0.79849213,-2.2355683
TCGA-JW-A5VL-01,3.799089,6.012512,-1.6057627,-17.41239,-10.44212,-10.51539,11.335244,17.048988,0.5799782,2.0074046,5.4246154,2.4437385,-14.0669775,11.270025,4.9932113,5.3933835,-5.3393283,6.1524315,7.5024076,-2.3520002,-1.7188325
TCGA-C5-A2LS-01,21.75318,1.6206295,-19.435387,-12.845134,25.461866,-13.063179,16.960802,25.000017,4.6861115,-3.3846724,5.670028,-0.55524147,-13.166246,15.28695,-9.140688,6.02653,7.1233315,8.155286,17.987753,-8.309522,-31.98555
TCGA-C5-A7UI-01,8.384187,-1.0515964,-6.619083,-10.131387,-26.082752,17.688341,9.815707,21.471395,4.684188,-3.1752245,6.1500134,-0.036848176,-10.816818,7.4043293,3.7036345,4.760738,-14.0484705,6.2454095,5.834757,6.5251527,4.353088
TCGA-VS-A9UU-01,13.447167,6.3701324,-7.2862945,0.80090487,6.9567957,4.36572,8.666241,21.75337,5.043048,-2.756134,5.8432426,1.0242381,-11.495264,11.391614,7.274408,5.29555,-19.241344,5.350754,7.734988,13.959894,9.514924
TCGA-VS-A9V4-01,-32.590305,29.334772,-22.519135,-7.0785594,-0.94156075,2.4193265,6.8481727,13.384026,3.0496602,3.279804,3.6797757,4.0764313,-6.219775,-0.12839897,5.5190506,-1.3549001,-22.562855,1.2875851,5.193662,17.57741,17.38478
TCGA-LP-A5U3-01,14.873837,0.99139875,-3.742734,-9.967137,11.651484,-11.230804,11.950624,20.617638,2.5714822,-1.4509481,6.0222197,0.77244675,-13.485777,14.414125,3.0230062,9.376158,-4.367313,6.472643,10.243281,0.92696697,-8.865165
TCGA-C5-A8YR-01,-8.706246,19.837194,-8.567529,0.17221652,-47.45605,-5.8565893,-8.539982,8.075872,1.1527929,2.862999,4.0472045,3.5276155,-9.677761,4.499029,13.089225,2.7069387,-25.571037,-6.0241337,5.989597,18.435514,27.38656
TCGA-EA-A3HU-01,14.995543,2.4502177,-4.774952,-1.1707155,-11.799921,-0.17221625,16.578094,19.91601,4.6151147,-4.002358,6.8193674,-1.578259,-9.143754,6.5372043,5.955835,5.867247,-17.45643,4.4965124,6.3014445,10.70358,6.350469
TCGA-C5-A1M7-01,5.4957204,12.18584,-8.983117,-2.1932158,-8.609334,-11.322498,10.0816555,20.71499,2.5737953,-2.5906048,5.419416,-0.82375586,-8.748021,4.7645326,6.488249,1.5802857,-18.1445,4.6481833,7.2211013,11.190983,10.176881
TCGA-C5-A1BE-01,17.300108,2.8975909,-4.6209,-6.7779393,12.87815,0.36877722,14.980753,23.733183,3.778285,-3.918538,5.666948,-1.4484255,-9.954178,8.233201,3.509314,7.350767,-15.5934515,6.0005655,6.104578,8.365539,2.1102965
TCGA-C5-A7CG-01,15.647542,2.127425,-0.07370095,-18.739304,-5.1693664,4.000508,14.244453,17.97288,4.132437,-3.2593725,5.1609015,-0.70425844,-14.086582,12.241458,3.0767832,3.996641,-13.218231,7.1291156,8.75068,10.386689,2.6013107
TCGA-C5-A2LT-01,-5.6651134,15.435393,-7.5649137,-6.7449913,-42.844406,-15.093813,1.0611029,14.255233,0.63455653,1.9073423,4.2031465,1.8082615,-7.2515306,4.0036855,9.570944,0.4318889,-22.758402,4.910604,6.135816,15.34547,19.159155
TCGA-EK-A3GM-01,-13.26814,18.270065,-18.611963,-4.6541834,0.9479908,-3.5951726,12.219725,18.261402,4.226592,-1.168326,3.5455382,0.52705204,-8.671066,4.491325,5.8546324,0.9403016,-27.292147,5.527578,7.9681764,22.699903,15.141326
TCGA-VS-A94X-01,-10.8724,18.590618,-17.15028,8.005596,-26.736328,-8.6475935,-3.0096672,17.110676,1.6235381,0.068131335,5.593151,2.7263544,-7.073784,1.9705709,10.238951,2.0385404,-24.093307,-2.283519,4.296245,17.602818,22.491413
TCGA-Q1-A73R-01,11.078508,9.515944,-12.429026,-14.162904,4.543988,-21.859978,6.668098,14.22196,2.4793682,-0.21850379,5.305384,1.5859567,-18.332113,23.489647,-8.397844,9.890095,10.541868,6.6299486,20.850039,-12.948152,-30.455236
TCGA-VS-A8EC-01,4.474805,8.15096,-11.41299,4.5750065,20.335724,-2.9674566,12.854113,18.449503,2.78976,-1.0412384,6.6963162,1.8441081,-17.320845,16.88436,4.8678575,7.246161,-16.632488,3.2857752,10.3303385,8.804275,0.08859935
TCGA-EK-A2RN-01,9.818516,-2.0645077,-5.517942,2.854153,7.4141383,-2.0741305,-1.534399,19.089714,3.4223523,-1.4019488,5.8059845,0.5816951,-9.095384,6.466594,2.9943264,5.757444,-10.859569,5.3362966,5.392247,6.3893414,0.028326655
TCGA-VS-A9UI-01,2.5444765,2.6505396,-8.661145,-0.89749163,-0.84513605,-2.2077587,5.3618436,20.390078,4.24491,-2.6724584,6.2717137,-0.21270262,-12.246667,9.17857,3.4940383,3.07569,-10.400098,6.0353513,7.482297,3.903484,3.3224733
TCGA-C5-A8YT-01,-16.52308,1.0180995,-8.732804,-4.0757303,-21.426735,-2.910659,-1.2587833,12.163154,4.055761,-2.5715442,4.3360496,0.3366495,-1.5300379,-11.738634,15.893643,0.41412935,-28.222101,-13.215477,-3.8260422,27.368767,37.014683
TCGA-LP-A4AW-01,-3.1850848,0.0836813,-1.1446303,-4.0594444,-0.34987918,1.5030648,10.221198,22.072052,4.0733767,-3.040017,4.580858,0.10483516,-9.249432,5.4468365,1.3920879,3.0004685,-13.871291,8.832439,5.7663493,6.387294,0.59260714
TCGA-EK-A2RM-01,-6.14239,1.8617699,-16.092346,-9.183141,-8.347225,4.937052,0.6734002,19.928146,2.1952682,-1.1617249,5.6867495,1.8251837,-8.433391,4.4764647,4.062586,1.0890942,-24.289742,5.01242,7.009252,17.607258,12.877769
TCGA-EK-A2RC-01,10.479326,-4.2338514,-5.6987596,-4.2015414,12.532797,14.815342,11.858725,25.26781,5.677618,-5.3209767,5.50149,-1.1267942,-10.5248165,8.600558,5.2042303,6.031751,-11.792202,6.581945,6.7157683,4.629437,1.6539766
TCGA-GH-A9DA-01,-3.224731,16.435696,-10.011138,-10.685405,-32.12478,-16.663982,1.4267371,12.6066885,0.6830124,0.8628423,3.9487627,1.2830648,-9.288393,7.299086,11.974309,3.1658354,-19.426683,5.736554,6.5379686,14.02281,20.50189
TCGA-IR-A3L7-01,5.489752,9.04946,-6.9795895,-7.6423736,28.447544,-8.92759,14.913684,23.177742,6.0801992,-5.3037105,5.8031297,-1.0201396,-13.418614,14.430634,2.2666988,8.009468,-9.196952,8.169715,10.023877,3.1568186,-7.005957
TCGA-C5-A1BF-01,-5.784744,13.974338,-12.521361,14.014417,-33.521442,0.64273375,-1.0240605,15.424755,1.2230312,-1.3101039,4.1008415,0.5706279,-7.1266227,1.8526,12.908334,3.7057083,-25.82213,-3.9848588,4.559725,18.55354,23.75963
TCGA-VS-A9U5-01,19.015966,11.498786,-2.326615,-12.045291,21.412876,-8.118774,25.819649,19.090149,3.2658622,-1.1024399,6.1936316,0.66648376,-16.250427,17.505186,5.909447,6.706779,-14.739078,5.98573,9.750484,10.573099,2.7309444
TCGA-EK-A2RJ-01,-13.954444,23.72564,-12.954339,9.113001,-39.63379,-6.1751585,-1.2796319,13.061824,0.46742818,4.7468934,3.7597516,4.1809807,-6.049298,-0.83788496,8.5481615,0.9314164,-21.100847,-3.2416437,4.352909,15.815102,19.379765
TCGA-EA-A3HS-01,6.3765717,3.0576785,-5.3803997,7.673511,0.07320175,7.8468843,14.273733,18.81657,4.7678766,-3.931749,5.5865364,-0.48774955,-11.847219,9.141813,7.8050056,10.4087515,-12.611312,3.0423388,7.061298,5.910274,2.5385866
TCGA-DS-A7WF-01,13.16785,9.532936,-10.732354,-15.252971,3.4223065,-16.364742,7.853315,13.957375,2.946111,-1.0881662,5.1505,0.48894635,-15.65658,19.051394,-10.009303,8.221828,9.997859,8.951658,18.46402,-12.088441,-33.479416
TCGA-HM-A3JJ-01,5.730989,2.3096988,-2.4668036,-3.0559087,-3.12371,-2.5084212,7.270698,22.922081,3.3410964,-2.2613873,4.164926,0.07268689,-9.429974,6.148811,3.5706663,3.148376,-14.165925,8.089845,6.760269,5.794028,3.3910973
TCGA-DS-A5RQ-01,16.579107,6.5859013,-6.75473,2.1764882,12.5529585,11.435213,13.463343,26.561274,4.7917194,-4.0543528,6.026469,-0.24259906,-9.507132,7.46179,4.803601,8.473995,-13.623293,1.3083429,6.5028477,6.298548,1.291977
TCGA-VS-A8Q8-01,18.883797,7.2642865,-8.211155,5.659546,-6.570145,11.601723,10.359533,26.505758,3.1279423,-1.0553226,5.4821362,0.6201954,-8.264022,4.341686,9.647956,6.2394385,-16.129992,-2.5020478,4.5334477,9.498089,14.088849
TCGA-IR-A3LH-01,6.991761,4.988526,-6.427054,-8.287891,-37.718853,7.5355477,1.3848093,14.372763,2.322452,-1.7711512,4.4517226,0.31441042,-10.320558,8.355791,6.887034,2.0521388,-21.88685,7.9396424,8.049796,15.041004,10.760124
TCGA-DR-A0ZM-01,3.8294997,-2.5185163,-5.4515557,-12.480752,-6.543859,10.7835455,7.553888,24.337822,4.485234,-4.55244,4.5283775,-1.3414375,-5.8433504,-0.2903176,5.365502,2.4413095,-16.584187,1.0561976,3.5094864,8.649248,12.739591
TCGA-HG-A2PA-01,12.4108925,6.359892,-13.399106,9.886614,7.985067,4.1931458,12.9331045,27.514977,3.8696647,-3.251017,5.699352,0.021964666,-9.059356,8.132139,7.167819,6.029117,-20.71967,3.7283735,5.818743,13.627127,11.593937
TCGA-ZJ-AB0H-01,5.6231937,8.9766865,-6.41005,-5.275056,4.6695714,9.018461,13.517146,21.543043,4.172604,-2.9773142,5.9438744,-0.39237586,-9.462912,7.096234,5.8683295,3.9345517,-14.537188,5.264823,6.156265,7.940052,6.9644237
TCGA-C5-A7X5-01,1.1468987,4.6390777,-8.472416,14.041335,-13.592369,-10.328556,0.4207745,17.514627,1.451128,0.532518,5.391433,2.3091178,-14.899658,15.610804,10.283137,9.569187,-23.691502,4.8471627,7.6439056,15.193518,13.601491
TCGA-UC-A7PF-01,18.818266,0.50568503,-1.7376207,1.1465584,-1.6510655,8.35294,15.782123,21.15596,5.090518,-4.097731,5.6359406,-0.31736252,-10.084242,9.4455385,7.190955,7.1761103,-22.219048,2.6719244,7.750303,14.51509,9.144784
TCGA-EA-A43B-01,8.069358,6.229309,-6.883554,-15.889171,-35.296745,9.157001,2.932143,18.76467,1.730347,-0.98457605,5.5415373,0.95471394,-10.17361,9.094905,9.609086,2.1531286,-23.755041,4.8225613,8.279905,17.091888,13.8520355
TCGA-FU-A770-01,13.735883,4.472069,-15.576571,-11.443407,8.491508,-19.953506,11.780505,23.843613,3.0988913,-0.9971047,4.895693,1.1482471,-10.623809,8.244687,4.7776027,2.4285626,-22.223392,5.6287017,10.568615,19.818638,5.550209
TCGA-VS-A9UO-01,-0.46534446,16.930513,-16.061916,-16.49458,17.395128,-15.346931,22.684917,21.446554,2.827786,0.78554076,4.374102,2.1207693,-14.129576,15.9643545,-4.3644576,7.2591667,1.6228236,6.464764,18.396175,1.7735257,-21.288692
TCGA-ZJ-AAX8-01,4.4277086,4.266253,-5.5390825,6.7790685,-3.9100008,0.46691293,6.6850424,20.765205,3.8876054,-2.0584881,4.9394665,0.31733304,-7.6156645,4.752418,8.432699,4.492434,-18.236446,2.9423473,6.3724084,13.943081,13.492826
TCGA-LP-A4AU-01,-4.981554,18.125938,-14.435109,13.506408,-12.617832,-3.0574853,5.493413,23.187067,1.8025469,0.140881,5.008651,1.6128124,-6.107211,1.3018485,7.1356645,1.3144497,-23.908352,3.6454194,5.602773,18.52388,15.997086
TCGA-VS-A959-01,2.341186,5.6572456,-11.04352,2.2674053,1.345024,6.745925,6.1120706,19.71285,3.7159185,-2.4930465,5.4818525,-0.17113274,-10.105863,7.5708284,5.243975,2.560579,-20.206263,6.151307,8.0959215,16.339245,10.392089
TCGA-XS-A8TJ-01,16.161201,2.039169,-1.4994609,-9.38161,28.33196,-0.7508748,18.345875,24.33924,5.03898,-3.5379777,6.027032,0.3667197,-10.807447,7.549274,3.6005888,3.631166,-15.265251,6.968883,6.800792,7.487976,2.0527575
TCGA-HM-A3JJ-11,-16.298521,-6.740766,6.435151,-10.571743,-31.476618,-4.600006,2.1514478,9.076204,2.5940433,-1.6841416,1.1145157,-0.7323452,-1.3452351,-12.544039,17.375982,0.8077807,-31.363718,-11.878862,-4.5675616,27.84054,39.514313
TCGA-EK-A2PL-01,8.1817255,11.719935,-8.236039,4.5444345,-2.4256592,-5.709233,-0.17772552,25.051975,1.1448061,-0.89572024,4.867479,0.98153853,-9.101118,6.6094832,8.201049,4.0158763,-16.257969,4.386558,6.163305,6.8962255,9.3306055
TCGA-DR-A0ZL-01,14.76081,2.7943268,-3.9458869,-7.1120353,22.423481,-9.149131,16.66181,20.28635,3.185291,-2.7682576,5.743129,-0.5191027,-10.044385,8.616263,2.7793548,5.739468,-11.935671,7.548068,6.53678,6.444812,-2.0256338
TCGA-VS-A9V5-01,-0.002299809,7.238914,-17.335192,-9.577668,13.620146,-15.012923,10.044005,21.879377,3.8509934,-2.3140783,4.600827,0.32299238,-15.593853,17.586775,-4.754856,6.117216,4.4844375,7.590875,17.959856,-3.8888795,-21.538181
TCGA-C5-A1BI-01,9.32946,0.13071556,-2.2012556,1.7182676,1.3984051,6.6207523,14.825008,22.949034,2.8461797,-2.5024738,5.0060635,-0.79354703,-7.9243197,3.590961,5.581286,3.1370897,-17.061487,3.2308166,5.554134,9.415386,8.378218
TCGA-EK-A3GK-01,17.763567,5.746312,-12.185052,-8.126271,2.717221,-11.9525585,12.45777,20.52213,2.8541875,-1.3390396,5.4733047,0.45631632,-10.697478,6.7655425,2.5296564,3.529425,-18.45727,4.1697483,10.284832,15.716803,-0.551736
TCGA-PN-A8MA-01,12.6561365,1.8873818,-11.633601,-7.268738,-10.835238,0.023669887,2.3428624,13.070242,3.4566,-1.2440729,5.6470823,1.7766237,-11.608854,4.864688,-0.4124279,1.2570959,-17.536634,5.754131,7.706856,10.074621,0.90823805
TCGA-DS-A1O9-01,3.6999319,-0.22428922,-4.2274337,0.4853571,-20.36297,-4.8036537,2.6047797,18.179104,2.254619,-2.7285345,4.4805126,-0.7671211,-10.385608,9.556805,5.828747,2.8721793,-16.243582,5.3532515,6.7561293,9.620772,9.590682
TCGA-EX-A69L-01,13.139505,-0.38470775,-5.034388,-9.797849,-12.052782,3.7872572,6.018975,17.957785,3.2713265,-2.004864,5.9607196,0.8532728,-9.380866,8.872311,7.7565084,7.3556447,-11.540272,2.1842387,6.405766,9.042314,5.0121465
TCGA-EX-A1H6-01,10.016771,-7.0853186,-12.145251,-12.868543,4.5316715,5.6111107,4.1002765,26.69803,4.25777,-3.2964694,4.4494953,-0.5705147,-13.992394,15.967745,-5.045275,6.838265,1.6285635,5.35086,19.132442,-1.1177695,-23.076403
TCGA-MY-A5BE-01,21.634,-2.7994108,0.8414387,-20.208687,-17.449263,21.083979,13.131484,16.84786,5.1867313,-3.893527,5.901397,-0.37617686,-8.62506,7.038033,7.214174,3.8628561,-23.408112,6.845595,7.0646024,16.604095,12.286549
TCGA-Q1-A73S-01,-10.006197,5.0746737,-14.457906,-11.585798,2.4412112,4.2853193,-2.613181,18.554934,2.033798,0.7179053,6.5276265,3.6403692,-7.9625053,-0.04639227,5.312694,2.2636864,-23.443554,-2.849577,4.8550277,15.97219,15.798845
TCGA-VS-A9V2-01,8.908116,5.0279665,-4.222453,-6.1710405,10.402794,0.6828334,19.216215,20.995367,4.001853,-1.9825925,5.3786693,0.59646845,-11.073702,9.588851,7.8635283,6.308232,-18.470398,3.8809857,7.305659,11.436413,7.199501
TCGA-Q1-A73Q-01,9.504424,10.5286045,-9.9837055,0.3331648,2.748804,2.793413,10.047252,20.522871,3.7110493,-1.7689202,6.243252,0.51441264,-12.5007,9.738984,6.901198,7.9720125,-11.284139,4.917603,5.0380616,4.550337,8.872421
TCGA-ZJ-A8QR-01,10.693463,12.470792,-3.6205099,4.128542,3.2088003,-11.319054,14.770512,22.073208,1.5049757,-0.57555515,5.7691417,0.8372761,-12.297869,9.629917,9.863248,6.25551,-14.273636,-1.9965217,8.259447,8.405921,8.823835
TCGA-EA-A5ZD-01,4.469845,1.8921869,-3.1872952,-5.2533464,1.8271587,-1.8786453,11.657267,22.123125,3.85263,-2.5687764,6.15749,0.73496187,-6.299733,2.3388991,6.6814437,3.3187609,-16.98242,4.759387,4.6476283,9.072409,10.542681
TCGA-DS-A7WI-01,4.581667,7.267309,-12.927419,-8.472936,-21.140377,2.5454867,3.0810664,21.048729,2.8986301,-1.2040627,6.1480875,1.1310451,-10.134166,8.449554,12.010901,4.48822,-22.994186,3.170565,6.690623,15.530193,17.451435
TCGA-VS-A8EL-01,7.9433894,3.2570708,-6.670999,-0.66681993,-24.407333,5.1922235,4.8428993,19.58315,1.3623456,0.885148,5.786053,1.8877603,-11.74194,10.744846,9.630534,3.6159852,-20.135572,4.7480607,7.423448,14.980777,15.015277
TCGA-VS-A9UJ-01,-18.308393,17.568487,-20.11612,-3.990852,-8.322095,-17.674541,-5.3400574,11.3206835,1.9802066,-0.28912526,4.568408,1.6828681,-5.6527243,-3.184124,3.2370093,-1.8464357,-27.069307,-0.30274573,2.5552597,21.985008,20.260939
TCGA-FU-A3EO-11,-16.899275,-4.6758966,3.1198533,-13.371905,-27.869259,-5.0031776,-1.4539647,8.820772,2.9709315,-2.1337202,1.54025,-0.8145466,-0.8840583,-13.216021,17.50867,0.663817,-29.989082,-13.057243,-5.1384063,27.086678,39.10105
TCGA-C5-A1ML-01,15.201801,3.3448584,-10.578626,20.920118,-6.877035,7.974505,2.9812195,21.463848,3.112118,-3.3717873,6.17222,-0.72881186,-7.36558,4.9228396,5.6435523,6.7720666,-22.377008,-0.38785094,4.1453214,14.159713,12.711545
TCGA-DS-A1OD-01,17.760332,0.94089884,-4.1105113,-9.797908,-18.964315,19.042889,3.7004375,17.24735,3.0275958,-3.3867736,4.0190306,-1.4486388,-9.943021,7.5062366,2.9610279,4.6324687,-16.279367,5.9313993,8.183878,7.8399787,1.3836619
TCGA-EA-A97N-01,6.4999175,0.6357314,-6.0216537,6.327016,11.291685,-6.0510244,7.8499627,24.895613,4.2877994,-3.348683,5.6039796,0.038951695,-8.418685,5.11908,1.3143101,5.2112346,-9.969153,3.7045252,4.9350476,4.8299136,-0.3729461
TCGA-FU-A57G-01,-23.446695,6.0806775,-18.79935,-1.0429448,-26.045523,-2.841542,-5.688948,14.991641,2.9963365,-0.6875589,2.7364826,0.8331646,-5.2602086,-5.687576,9.723773,-0.85419625,-33.131046,-6.6976633,0.20702226,26.595518,30.050716
TCGA-VS-A8QA-01,23.216642,8.291009,-10.973587,-18.292059,20.606617,-12.968224,16.987434,18.743956,4.500932,-2.0495,6.799651,0.5722319,-18.045706,25.03939,-5.496391,10.256432,12.087663,8.862394,20.750881,-10.079158,-26.452402
TCGA-Q1-A73O-01,3.8038096,13.462234,-11.259862,2.8199286,-18.214167,-11.452832,8.117887,19.75594,2.162389,-0.29574132,5.43458,0.95418704,-7.360327,2.9459686,9.4925165,4.4044194,-17.272,-0.5571472,4.604989,12.510089,17.772894
TCGA-DG-A2KJ-01,-0.08314612,-1.9973996,-13.494788,-36.810387,-7.8692617,33.38386,11.439515,25.851492,3.9303904,-1.1328828,3.8543792,0.31334782,-9.583931,5.604835,3.8626623,0.6188063,-23.007275,4.611127,9.121743,19.497747,7.9803715
TCGA-MA-AA42-01,19.094612,3.145467,-1.4316996,-17.998161,-7.8448396,15.374826,15.79519,18.549936,4.02243,-1.7834855,7.013031,0.062448487,-12.004953,11.272982,7.7288976,4.917256,-19.224348,6.9093494,7.219695,11.116571,9.586417
TCGA-C5-A1BK-01,16.10665,-1.9720893,1.1048977,-16.223598,2.6174433,9.209127,16.397038,21.580181,2.571645,-2.5918071,5.43802,-0.82953906,-11.052226,10.055297,5.662784,4.326798,-13.352302,5.618227,7.9226956,10.3680935,2.388468
TCGA-C5-A2LV-01,8.772336,10.254121,-6.949616,-8.507091,-43.720284,-13.760239,-2.8894398,12.972127,0.58286357,1.1470566,5.308145,1.898089,-14.4689245,13.35349,9.840053,3.3746243,-23.252312,2.2605186,9.069434,15.055346,15.145093
TCGA-IR-A3LF-01,12.362298,-1.8866894,-15.942058,-15.287963,14.396236,-2.9403331,11.575967,24.328402,4.481651,-3.5000248,4.6620626,-0.8709059,-16.714748,20.82499,-8.193076,7.2437053,6.786352,9.447514,19.950392,-7.334551,-28.691277
TCGA-C5-A8YQ-01,-16.391539,5.246081,-7.612088,-0.64166796,2.1803694,7.545003,5.1209836,14.576209,3.542055,-3.0863085,5.146871,0.06252536,-12.96306,10.3689,10.65226,5.331466,-19.26367,-0.3453936,8.116606,12.012458,15.711269
TCGA-C5-A7CH-01,6.377632,6.031555,-10.870005,8.939416,-13.534907,-7.3897266,0.026679315,22.375051,1.8101645,-0.65916747,5.7953205,1.1460812,-12.890451,12.122913,6.2375755,6.2699223,-16.016163,5.2578735,8.579656,10.268094,3.884783
TCGA-C5-A1MQ-01,4.223089,4.0418015,-10.619004,-22.527283,-39.262257,16.697174,-0.5669772,13.982738,1.3065102,-1.2783318,3.3883514,0.21448812,-10.289745,9.671614,7.9519095,1.2426786,-26.15037,5.801267,9.486288,20.28638,14.350181
TCGA-ZX-AA5X-01,6.8761663,-4.2735953,-5.7955775,3.9140959,-5.9260964,6.005102,5.5732355,21.485119,3.9896379,-2.296019,4.5940433,0.4939166,-10.920469,9.196656,4.8354125,5.0699697,-13.593868,3.9278786,8.324763,10.789375,2.5928538
TCGA-VS-A9U7-01,14.156834,-2.1324925,-5.110522,-8.387059,-2.1591454,12.358548,12.90363,24.364105,4.7682495,-3.4439757,5.98177,-0.16418782,-13.974084,14.953887,5.8178725,10.033245,-7.1219525,4.5845523,8.5497465,3.9928284,-2.591615
TCGA-IR-A3LK-01,6.138781,8.616117,-5.446219,-16.44004,-14.528602,-11.025113,9.980706,16.967325,2.0177329,-1.012231,6.0545835,0.70195174,-11.73349,8.800587,3.7322483,4.514559,-10.4791155,8.401147,8.565547,5.133278,-1.0572354
TCGA-EA-A3HQ-01,8.991458,-1.5573716,0.06789656,-11.4860525,9.816098,-9.290589,15.40311,16.850521,4.397957,-3.390326,5.6942897,0.13175286,-16.390293,18.12716,4.8476605,8.563343,-10.484391,6.957329,9.906216,4.734135,-3.3851104
TCGA-C5-A1MK-01,-5.977765,-1.7773821,-8.130488,3.684347,0.31049678,-3.4116523,-2.5818417,20.394356,3.7120414,-3.6737542,4.885124,-1.1025345,-8.702313,3.3608546,3.0674915,1.2624711,-14.720728,8.330971,6.3496265,6.4816737,5.650974
TCGA-C5-A7X3-01,-10.218134,16.869276,-10.711081,-7.8157196,-45.32154,2.3829687,-4.5473967,12.530919,1.4002246,0.41746953,3.8622572,1.8704511,-6.562897,1.8296889,7.251165,0.04294666,-22.966497,3.318234,6.165441,14.966792,15.680778
TCGA-VS-A8QF-01,3.030485,-1.24758,-5.8987455,-3.1821437,3.9116192,6.495404,7.1674714,19.798069,3.4177084,-2.1844647,6.1770334,0.31461155,-16.182463,15.584308,7.4455323,7.07983,-8.805994,3.6170523,10.213985,5.8606415,-0.167595
TCGA-EK-A2IP-01,10.45477,6.877334,-8.70694,5.971984,-6.094436,-1.0207413,-0.08229896,24.493313,1.5012854,-0.8977959,4.9465575,0.6602676,-9.932865,8.207709,5.8836594,7.0479426,-8.462961,7.0344124,6.0267615,2.6400442,1.5851241
TCGA-EK-A2GZ-01,5.0508657,8.436056,-9.722315,13.163759,-5.041222,2.9812367,4.712192,20.618248,1.7804787,1.5421621,5.7861223,1.608576,-10.469528,7.20692,7.2284923,2.9565034,-20.180538,2.3082662,7.181539,13.001587,11.699782
TCGA-EK-A2PM-01,-16.484306,4.650176,-11.884881,3.3289235,-5.042043,-10.206625,-0.46216747,21.838217,5.1483674,-4.14631,5.427898,-0.5517843,-5.995449,-2.0751574,6.8181224,2.025144,-19.88146,-2.1954796,3.3121192,11.808539,17.101692
TCGA-ZJ-AAXF-01,12.247322,1.312021,-4.6517572,4.748387,-0.1037493,14.132318,6.8651147,23.438536,4.6068296,-3.219269,4.862545,-0.070558295,-8.24236,5.3949704,7.4492316,4.5550404,-17.77772,2.7158477,6.3243675,12.404087,11.77898
TCGA-VS-A8EK-01,8.856907,3.3536482,-6.652623,-1.0682803,12.385275,-8.142498,13.394236,18.9936,3.1269255,-0.4459732,7.1474414,1.0409827,-15.290984,14.884554,9.065038,8.028204,-13.857096,1.9473984,9.266121,9.455413,4.6708655
TCGA-EK-A2RK-01,11.124148,-8.469963,0.053111028,-15.897344,-2.0412314,-0.8786009,7.12057,23.8758,6.100549,-5.4780064,5.4848614,-0.80177057,-8.893673,4.0650578,5.0483356,5.093762,-15.676881,0.09138305,5.961694,7.8233156,6.898598
TCGA-JX-A5QV-01,23.231527,1.6312952,-5.9515624,1.7892836,10.003227,10.789762,12.137817,23.838573,4.354238,-2.6404128,6.4935627,0.86011136,-8.354905,6.3214154,6.09805,6.511948,-18.844875,0.99952453,6.488394,11.255961,6.451428
TCGA-JW-A69B-01,-2.6281123,5.526189,-19.497463,-13.206856,7.5378866,2.028597,9.388784,23.308163,3.7760935,0.055884086,4.000778,2.0601895,-16.708454,20.20712,-3.6154537,8.026196,5.579045,7.7373896,18.439262,-2.98818,-19.948772
TCGA-EA-A44S-01,17.128124,-9.469341,-1.4888684,-5.0105243,5.065337,18.592987,9.384375,21.954702,5.5122275,-4.365426,5.930263,-0.07215005,-9.57976,6.9096923,6.5629888,7.495917,-15.506759,0.89146847,6.520022,7.6315355,4.574911
TCGA-FU-A3YQ-01,10.042529,4.736591,-3.0579488,-0.24995889,2.1515524,0.8555489,14.83689,20.997839,4.1814036,-2.7738352,5.309254,0.17212561,-9.405514,7.0883274,6.8299565,2.6274512,-19.53137,5.8515644,7.0505023,11.573724,8.240173
TCGA-JW-A852-01,17.4191,-2.5585892,-5.497034,-20.15328,1.9279188,16.831196,14.568584,24.948639,4.385435,-2.755306,7.9408174,0.15119806,-13.84926,15.287769,5.8502803,8.807103,-16.19431,8.214589,7.2075324,8.179917,2.638911
TCGA-VS-A9UR-01,12.526976,6.963969,-15.34492,-3.7430935,3.068196,-11.640139,7.061892,19.897879,4.1143284,-2.5640311,5.2662425,0.12987177,-13.918297,17.80412,-6.599948,8.573803,6.328839,5.241989,18.984678,-5.8868546,-26.932888
TCGA-FU-A3WB-01,12.95566,-0.7948783,-7.68271,-5.4593096,6.0233703,-6.1662383,3.7533786,17.43379,4.669118,-3.4376907,6.325948,0.014248719,-11.066455,12.491459,6.8713813,10.56179,-21.996006,2.9976509,7.8823705,13.803911,6.9138227
TCGA-C5-A2LZ-01,15.725329,2.7538831,-5.151381,0.06956993,17.647284,7.320632,15.949445,23.094088,4.2886086,-3.2685285,6.4837213,-0.6440344,-12.941618,11.885969,3.813157,8.835073,-9.590751,3.6885746,8.917207,3.8165414,-4.040145
TCGA-EA-A5FO-01,22.136791,4.9178963,-13.09167,-12.1075735,29.382837,-27.39224,13.246281,21.252378,5.053618,-3.9469888,6.3097553,-0.96392,-18.202967,24.55358,-7.5347643,10.091877,8.563216,9.139372,17.425217,-12.651298,-26.573402
TCGA-ZJ-AB0I-01,7.38957,11.796593,-7.29288,6.6066775,-16.858723,-7.576353,-0.8965675,19.789553,3.088937,-1.563061,6.180242,1.0825804,-6.714138,0.62124616,9.110776,4.96775,-16.060274,-4.6749687,1.5854106,8.207665,15.981106
TCGA-EA-A3QD-01,15.700674,-7.50747,0.5919631,-13.895496,-6.7231393,12.462182,11.306261,16.149511,4.0731664,-2.7590723,5.8097935,0.014133913,-13.334534,14.292839,5.054226,5.2904387,-17.446257,8.879209,9.461424,12.311096,2.0721605
TCGA-Q1-A6DT-01,-4.803751,5.602056,-10.130487,4.6927404,-22.060713,-10.935095,-4.3964243,17.87308,1.8812382,0.1528026,5.2052236,2.474933,-13.805485,9.889603,6.7327127,2.4189272,-15.812295,2.0349014,7.9697742,10.005627,10.151538
TCGA-FU-A23K-01,9.04053,-3.1357946,-12.252217,-27.410109,-16.37379,14.37497,5.6883154,17.173004,2.8409388,-2.5134006,5.070321,-0.08922684,-11.615534,8.864144,3.4832635,1.9141635,-24.548594,6.6281457,9.190551,18.431639,6.189252
TCGA-EA-A410-01,-19.92231,17.0028,-16.069677,1.1174006,-32.211662,6.3444395,-9.735324,8.287916,2.7124503,-1.2810471,2.7467632,0.89892435,-5.9314046,-2.6136026,2.113566,-0.7172429,-21.505136,-0.36056054,2.713849,15.072818,13.539163
TCGA-DS-A3LQ-01,-1.1100993,-0.13569765,-10.068447,2.395785,-1.581417,4.0851007,9.398058,20.83489,3.0353308,-1.7603501,5.487097,1.3981755,-12.753189,9.345089,3.1632133,5.1422076,-17.024046,4.9912357,5.552518,6.9342923,5.3012595
TCGA-EK-A2RB-01,17.306108,-2.68101,-3.4319108,-0.42252123,11.903491,12.335014,11.521394,23.67705,4.005083,-2.84136,6.3215714,0.4571929,-15.541979,14.023908,6.6454206,8.331894,-12.210334,3.0678592,7.377522,2.508507,1.297861
TCGA-C5-A1MN-01,8.43632,12.113604,-7.8130393,8.528049,-8.52873,-15.789,3.533982,21.12004,0.7053746,-0.18621573,5.296942,0.46597695,-14.27463,13.272448,7.299111,6.9925723,-16.941017,3.9414659,7.1965113,7.448608,5.0714316
TCGA-ZJ-AAXU-01,15.188582,3.7131975,-5.450343,-2.7222872,-3.156896,13.983963,14.091144,22.652481,3.9890487,-1.972982,6.6105084,-0.05266348,-10.898132,9.09634,5.5753894,6.7675223,-12.625273,2.329744,6.6938453,7.574668,4.563302
TCGA-C5-A3HL-01,14.599755,5.3162527,-9.441729,7.928079,8.366681,-8.967234,6.388355,25.10294,5.2415814,-4.3040304,5.901399,-0.34730512,-7.798048,3.5772624,6.720933,4.680566,-22.505024,1.3460125,4.9389043,12.043284,14.48625
TCGA-C5-A8ZZ-01,1.7365861,2.5365589,-6.5420537,2.424265,3.0843835,-3.7578385,6.6873193,20.795305,4.5927677,-3.5090704,5.533421,0.3595198,-10.047182,8.022898,4.31068,7.4253144,-14.951349,1.2276571,5.420566,7.6769195,5.903217
TCGA-DS-A0VN-01,9.277567,4.236733,-5.5050826,2.2947834,-27.825806,2.505962,5.5372825,22.010324,1.1610006,-0.8342644,4.8819876,0.842278,-9.919474,7.718057,9.702157,4.8269763,-19.169825,0.74438936,5.9151964,10.544374,13.468258
TCGA-JW-A5VH-01,-22.600466,22.351116,-16.306498,3.1245666,-23.174744,-0.7044063,-9.018092,6.8365393,2.468548,-0.7183008,4.534578,2.2892318,-6.782676,-1.7021335,0.056159854,-2.736778,-26.796888,2.9795005,3.6790903,18.666721,14.536217
TCGA-VS-A957-01,14.7395525,9.1852,-11.793645,4.620415,24.20875,-7.1289744,16.276169,19.838802,3.368386,-1.5286204,6.9568253,0.20575888,-13.677775,14.73806,-0.52465427,11.007759,-4.4244337,6.0811777,9.280153,-0.023417057,-10.903547
TCGA-C5-A2LY-01,13.541704,-4.873245,-3.3972538,-16.016022,-19.062778,19.594063,8.634056,18.095055,3.4800372,-1.9059455,6.05566,0.12811679,-9.031607,8.098991,7.374347,5.4158998,-15.867244,3.2939882,7.4368606,12.714454,4.3581376
TCGA-IR-A3LB-01,-4.4416647,8.037018,-17.808617,-7.423066,-3.6048617,-2.2080524,5.885203,25.255108,3.3927603,-1.4018434,3.6770103,-0.02775488,-14.214909,15.776735,-6.199819,5.5434527,-1.6358973,9.303921,17.241098,2.2246954,-20.971397
TCGA-FU-A3NI-01,1.2179748,-5.9496465,-1.2172592,-4.159497,0.6318928,3.680063,7.002429,13.505657,4.9429383,-4.040074,5.4245534,-0.23385662,-12.470948,12.46093,9.392939,6.7041955,-18.757368,5.0235534,8.392546,11.218565,8.18182
TCGA-DS-A1OC-01,2.4089007,9.01435,-7.787634,6.6045156,-11.514164,0.16928641,6.753453,16.568932,1.7199858,-0.8551098,5.4505544,0.057830445,-10.846283,8.874509,8.505628,4.233373,-19.542,1.2641578,7.357595,12.062098,13.172504
TCGA-EA-A3QE-01,20.718836,6.770885,-2.8757572,4.7872324,12.295571,6.127401,19.330276,25.603485,3.9868927,-2.487111,6.194695,-0.118391536,-11.268616,9.396413,6.8069887,5.0662613,-19.118801,3.302224,8.05882,11.002715,6.3783603
TCGA-ZJ-AAXN-01,-8.603169,20.092476,-13.072831,6.9939337,-36.525642,-15.4148655,-1.8360069,16.441097,1.1688635,2.7577212,3.8346725,2.9890409,-7.8352613,-0.2005635,15.935702,4.165626,-24.506004,-9.042862,2.4028196,19.427406,30.81289
TCGA-C5-A1M5-01,16.917557,3.6339738,-4.728181,-8.018325,10.762074,7.259039,17.19209,24.746338,4.231019,-4.4970965,5.359757,-1.8961248,-13.335568,12.305064,1.0013564,5.248778,-12.924809,8.419956,8.5294075,5.9659395,-4.8792586
TCGA-EA-A5O9-01,12.309144,1.7924097,-6.514686,-7.6367006,-3.5387206,-1.015545,12.895389,17.996716,1.4196084,1.1556286,5.5609426,2.319704,-13.472457,13.09625,9.168853,7.7805505,-21.087189,1.5793271,8.155751,11.236965,7.5138936
TCGA-ZJ-AAXT-01,6.90887,14.865148,-10.25821,9.473754,-18.095451,-4.6148014,6.202475,19.564987,2.0293574,-0.50930554,5.472009,0.66830266,-8.169565,5.489034,8.616604,5.5218115,-18.619394,-1.2732213,6.636332,13.397292,13.056541
TCGA-C5-A8XJ-01,1.610174,4.5112953,-6.291329,10.783101,-4.0626636,3.9042132,2.0168347,17.931833,4.5131693,-3.6688032,5.895581,0.018833868,-10.609262,5.305592,2.890572,2.7588558,-13.445952,4.118811,6.3992,6.981108,6.5384307
TCGA-MA-AA3W-01,18.135054,6.208457,-1.6365346,-10.521427,1.3312794,3.6896453,18.534689,20.071215,3.0679421,-2.4079988,5.382243,0.029610928,-10.755285,9.641537,4.659303,5.3536563,-11.426572,7.0070453,7.5482736,8.008815,0.6657587
TCGA-C5-A3HD-01,12.256037,12.8333435,-7.921098,3.080252,-4.2582316,-22.85699,5.1104035,17.892076,0.7047701,1.0427636,6.730283,2.3875852,-11.625802,13.442288,13.153055,9.538362,-25.047245,1.1596469,8.045228,17.902815,15.156195
TCGA-FU-A5XV-01,10.374002,14.436225,-9.662676,9.508669,14.7390995,-1.8924373,13.961026,25.36294,2.8267386,-1.8817898,5.514933,0.8803992,-10.293483,8.152784,4.5589433,7.0079203,-14.958743,3.0241356,7.0681043,5.802204,2.7823322
TCGA-C5-A1M8-01,11.026234,-8.694944,-9.405136,2.0288126,14.273975,15.570626,3.0244021,20.88718,5.8790474,-5.888636,5.3187346,-2.4932542,-14.862547,17.777264,3.056664,12.624994,-9.455823,5.1956615,9.174949,3.482342,-6.981563
TCGA-BI-A0VS-01,-2.368995,3.4860413,-9.133516,7.6509676,-19.36034,5.8002462,0.7602957,16.834312,2.2808259,-2.429914,4.901504,-0.14376912,-9.826912,6.02764,5.075455,3.1097631,-18.40362,0.2717345,7.3444886,9.688656,7.815124
TCGA-EX-A1H5-01,15.575421,2.1220753,-4.0651717,-12.102434,16.7114,-4.061378,11.166307,22.514557,2.758649,-3.5577672,4.358385,-1.717064,-11.844557,9.901199,1.138556,7.6301,-14.229629,7.422998,6.8845816,8.3139105,-0.78243864
TCGA-VS-A9UQ-01,12.468627,-1.4227178,-15.410883,-12.762997,16.246748,-8.046373,12.53561,24.914286,4.6510224,-3.8300934,4.747478,-0.88581645,-14.29613,16.82748,-6.305408,7.5177484,7.339147,6.427164,18.175097,-6.0140934,-26.191849
TCGA-C5-A7XC-01,4.8424034,4.341072,-11.066784,5.228325,2.7853673,5.176582,10.955997,23.709454,4.0867686,-3.10998,5.064689,0.09592789,-8.516604,6.5242796,6.686118,6.160545,-11.552702,1.2167338,6.007173,8.050817,4.9001174
TCGA-C5-A0TN-01,4.957413,14.775932,-12.138412,5.1194687,-42.400154,-21.317505,-2.2227032,14.597794,0.4915821,0.27328,4.897906,1.1026168,-5.282144,2.640326,9.176486,3.322291,-21.250252,2.449187,4.625276,15.480864,14.265965
TCGA-LP-A7HU-01,15.32023,-0.7160662,-4.326627,-24.964205,-4.850654,6.9275885,11.295882,12.647873,4.8257594,-3.632833,5.3209934,-0.52844465,-16.18878,19.37542,-8.284732,7.7777686,3.6272738,9.615894,16.415094,-7.571503,-23.66986
TCGA-DS-A0VL-01,17.896418,4.105838,-3.5748403,-6.0717964,19.369337,-5.4437366,18.048674,23.411207,3.846422,-3.825137,5.755171,-1.1523296,-10.082868,8.790733,3.7282562,7.3415837,-11.046184,4.2559066,7.3332033,6.344157,-4.093595
TCGA-DG-A2KH-01,10.382896,11.6480465,-22.819382,-8.929148,13.518418,-14.547257,16.332771,21.619232,4.316802,-0.77670836,5.9444327,1.8242149,-8.238949,3.4696095,0.62922394,1.4198141,-20.780956,6.3355803,8.592863,17.417803,2.1214397
TCGA-VS-A9UH-01,5.051184,6.3259587,-7.179659,-3.1125085,-43.109947,1.3869447,1.12515,16.328775,1.216962,0.29471308,4.169124,0.65982735,-8.9372635,5.7273088,8.716591,0.16147742,-21.38504,5.0483584,6.832708,15.349727,16.452284
TCGA-C5-A8XI-01,19.970402,6.877126,-7.1676507,-4.74125,6.8469343,-2.1366274,14.6006,22.761366,4.7108083,-3.6004498,6.484852,-0.18626651,-12.210671,14.440675,6.068009,7.974307,-11.9374275,9.119024,7.8748403,10.089455,0.7745069
TCGA-FU-A2QG-01,14.504881,9.301897,-6.237971,8.81202,9.349771,-12.900526,12.521155,25.283192,3.0914278,-1.8346972,6.287162,0.8447813,-9.583294,5.914704,1.2755347,5.815313,-10.232511,1.3097174,8.230211,4.8712,-3.799554
TCGA-C5-A3HF-01,-3.0009289,6.9087133,-17.4239,-1.936354,5.9804053,1.5089298,13.017497,27.450212,4.50802,-3.4308584,4.8364024,-0.54774666,-8.362331,4.9762006,4.1066923,1.1953658,-24.721056,5.513347,7.9935203,19.755224,9.524896
TCGA-FU-A3TX-01,2.9792867,14.013945,-11.548001,-1.848998,-20.487808,3.416541,5.0324764,12.877403,5.620369,-5.096355,5.2998066,-1.247718,-8.843235,5.9533453,7.1847076,6.022503,-24.860863,2.8268087,6.709503,14.50429,15.0846195
TCGA-VS-A9UV-01,11.241946,5.1313972,-6.3306603,-3.1817062,11.894306,-5.31102,15.5266485,20.645813,5.123346,-3.9541245,6.697187,-0.90891266,-17.964453,21.050554,4.9680305,9.26066,-13.231145,5.2068267,11.479698,8.699511,-2.2096949
TCGA-C5-A1ME-01,7.394122,1.2349541,-19.779049,-28.483385,0.39567217,17.012941,12.592158,27.034227,2.9665508,-0.95873636,3.437979,-0.25634158,-14.384169,17.070734,-4.480517,6.6347833,-0.7705408,5.955417,18.827236,1.9544694,-21.570534
TCGA-C5-A7UC-01,-9.502902,17.375082,-11.322382,-3.9230354,-17.47136,-33.69122,2.8878138,18.11516,1.1195503,0.3518974,4.1531763,2.2134984,-5.9351697,2.3779242,7.7692018,2.8527665,-20.930328,4.8871856,3.487661,11.8133335,15.468155
TCGA-JX-A3Q8-01,21.558273,-1.3448441,-12.119699,-29.816936,-0.76864475,-4.938065,6.085065,15.884099,4.175942,-3.3858469,4.9518027,-1.1457351,-18.088095,23.829584,-6.861023,9.742938,7.4368777,7.1312237,21.312273,-8.487443,-28.728138
TCGA-VS-A94Y-01,-14.348598,18.732918,-13.617617,2.7627141,-26.815214,-7.768253,-0.6383082,16.082914,1.196702,2.1126103,4.3302226,3.1283262,-10.701919,7.805399,8.956636,2.8851705,-17.697096,3.2659004,6.7511053,10.256669,12.082987
TCGA-EK-A2R7-01,14.457205,4.781623,-11.054693,-7.466074,6.768361,8.46343,11.545213,22.380661,3.8115804,-3.334543,6.801128,0.38182405,-8.887797,4.552999,2.7892954,4.227793,-15.880215,5.457263,7.132313,10.461991,3.593835
TCGA-VS-A9V0-01,-15.061891,7.601718,-23.094902,0.2684567,-4.4673343,-13.340736,2.2000692,16.380602,2.789372,0.33772305,3.3711162,1.2878588,-4.3151793,-8.041745,10.451813,0.40772662,-26.749058,-8.713742,-0.09391661,24.70959,26.945292
TCGA-MA-AA3Y-01,1.3280869,14.480015,-7.705607,-2.5944629,-40.749454,-13.46884,5.7249994,16.83551,2.0263777,0.5394019,5.130722,1.5885205,-6.9516606,3.4369135,10.467994,1.6672642,-20.844963,2.7118897,4.9049115,14.196281,20.289593
TCGA-C5-A7CM-01,-12.042245,17.536926,-19.195337,-4.3981304,-5.6302857,-8.70984,7.923798,16.281908,3.034802,-0.8371286,4.432514,1.2159696,-8.638453,3.8835833,3.1389897,0.1832448,-20.42659,7.948955,7.762996,18.458925,8.491731
TCGA-Q1-A6DV-01,23.76674,2.187833,-15.908887,-16.45792,4.9396152,-14.727351,7.61065,21.107824,3.4990315,-2.3339157,5.2867613,0.3675159,-11.253048,13.570302,-5.366243,6.9874263,3.4741762,5.800134,15.406848,-2.222609,-20.00473
TCGA-C5-A1BL-01,14.91584,7.193749,-2.9163883,-1.7699643,10.242182,-5.1815257,22.197012,21.813467,3.8327503,-3.5400972,6.742615,-2.0517979,-13.312368,11.270504,4.1654367,5.1640897,-11.756774,5.20976,7.800904,4.5423183,0.14327922
TCGA-FU-A40J-01,16.335526,-2.7642126,-13.733249,-13.446404,7.4342246,-10.513046,10.987644,25.261564,3.7337568,-2.0917442,4.6656804,0.16136044,-14.315153,15.846394,-5.667437,6.1254234,2.3345869,8.017523,16.806639,-3.5730689,-22.61571
TCGA-C5-A7CL-01,8.057571,6.746039,-7.5250187,9.199758,-1.5699569,-4.8732443,7.472852,22.365469,3.1495676,-1.4580959,5.334354,0.7752836,-10.318717,10.141686,8.934002,8.854455,-18.038908,-0.6515823,6.942304,13.536278,10.736861
TCGA-EK-A3GN-01,2.9182224,14.719584,-8.739272,1.5995916,2.6194034,-6.0439687,8.2125435,17.040648,2.295286,-1.5715278,6.4236693,1.641192,-13.598352,11.899321,6.1029005,3.5713727,-16.059454,3.0191,11.017491,10.134454,1.5736247
TCGA-C5-A1M9-01,5.101041,11.634179,-14.526929,-12.299476,-8.347595,-22.341301,8.74359,19.276045,1.5180726,1.1717763,3.0281475,2.036078,-16.199978,19.592836,-5.6233096,6.740517,1.8802956,9.152701,18.6816,-2.7970397,-24.88908
TCGA-MA-AA3Z-01,11.637418,9.49606,-4.0999017,-10.505479,18.280495,-3.983208,16.122366,23.164156,3.7925107,-2.9366107,6.8090982,-0.52846444,-9.801721,7.067703,4.953451,5.5152597,-11.064539,5.7440805,5.853819,4.0367517,2.322242
TCGA-C5-A7UH-01,2.6000614,7.5564814,-4.0390754,0.11129175,-10.041143,-8.356287,7.559667,16.812202,1.6708332,0.65361214,5.119271,2.944209,-10.380943,6.734534,0.8939551,6.271174,-9.176327,2.2521017,7.642361,2.4245474,-4.4310346
TCGA-VS-A953-01,10.293735,3.9571466,-8.916213,0.034927353,-26.107279,-20.456299,1.2036126,15.925678,3.2509375,-1.4429934,7.357975,0.64236593,-15.23587,16.670168,12.607417,7.706753,-20.407795,2.7292159,7.2789793,10.957932,16.496635
TCGA-MU-A5YI-01,7.128492,-2.7474482,1.2702959,-7.1583395,1.8415252,4.5498266,6.1585298,19.107811,4.7969265,-3.744808,4.6766934,-0.08562734,-12.1930065,10.748558,7.468674,6.8205476,-18.61479,2.9361367,7.342934,11.473601,10.715929
TCGA-VS-A954-01,4.405215,-8.026161,-5.68745,-3.257724,-2.605874,12.336286,6.1435685,18.599068,4.2105885,-1.768136,5.9212775,1.0544689,-14.163506,16.893707,7.591179,11.084665,-13.07004,3.3706596,9.642119,11.278865,1.3116924
TCGA-IR-A3LC-01,8.27824,-1.723103,-3.4697745,-11.632997,8.888177,-5.025998,7.7066746,16.631805,3.8368213,-2.7591476,5.8226633,0.40215302,-16.573921,18.360415,5.2124014,7.2017236,-15.349237,6.0838075,11.478447,10.652757,-2.6080482
TCGA-VS-A9UZ-01,17.88083,-2.9684746,-15.913362,-15.739989,6.143563,-2.059403,14.243548,20.14149,3.920739,-2.5870697,4.263851,-0.1298224,-15.450922,20.081251,-5.057396,7.119399,4.568278,6.607725,17.558847,-3.4144726,-20.960545
TCGA-VS-A958-01,6.7492576,8.555855,-6.220168,-8.091363,-12.671368,-0.7502983,17.263132,14.692527,3.3545372,-1.7137617,5.7433095,-0.0019180942,-7.659846,2.7677462,7.0573826,1.9250828,-16.998518,4.3511686,5.829383,10.23257,12.198616
TCGA-EA-A3Y4-01,1.2767143,15.017676,-8.338371,-18.501957,-40.972916,5.5303082,-2.1401224,16.7464,0.61250657,1.6345241,4.3996468,2.1596215,-7.937091,3.1361027,6.086782,1.1533371,-17.681284,4.709204,6.340154,9.854024,9.494425
TCGA-FU-A3HY-01,8.413122,11.226746,-3.2374415,4.5655417,17.739164,-8.241449,13.695777,24.977709,2.671295,-2.2314932,5.6747384,0.43976954,-12.425633,9.571354,4.5152965,6.766988,-10.508751,4.9702516,7.8685594,3.1354713,-1.5243748
TCGA-C5-A905-01,7.3094306,0.3067941,-4.0306444,-3.716053,26.292185,-7.7939816,12.164487,22.077736,3.6455514,-2.2000892,5.975427,1.256718,-9.866306,6.324634,0.29546344,5.7778487,-1.3352689,4.573678,7.1279926,-4.5248194,-6.1888556
TCGA-C5-A7CO-01,19.055645,2.0410259,-1.3330593,-7.87607,18.310053,3.5248287,13.188404,22.989798,5.4274836,-4.7955985,5.631408,-0.6827121,-12.572581,11.950239,6.4476705,8.180217,-18.186552,2.517172,8.995179,10.232725,3.9090476
TCGA-R2-A69V-01,7.9213023,-1.825361,-7.1995144,-10.022496,-26.61906,20.239738,6.7828345,20.627525,2.9936535,-1.8241185,4.739092,0.190589,-8.095808,3.7654634,8.868766,2.4547238,-18.998947,1.4619827,5.778007,15.225455,15.933092
TCGA-VS-A8EB-01,-3.4514756,8.850031,-8.51795,-1.3995265,-28.393246,-5.897854,-3.3899088,14.384374,2.82678,-1.1389868,6.201371,0.7111292,-9.473594,7.308353,9.57837,3.9987707,-20.527603,6.8943644,6.565096,11.490644,16.162897
TCGA-BI-A20A-01,18.258839,1.9248226,-0.62889475,-12.653731,10.172535,9.462141,15.0093355,18.95902,4.167348,-4.275771,4.6982207,-1.1886848,-11.85602,10.412821,5.3346744,4.766542,-21.92615,4.5704584,9.065405,13.46386,4.4316387
TCGA-VS-A8QC-01,8.547698,-0.73767644,-5.343308,2.6127431,-0.119772814,3.325886,3.9461915,19.944096,5.14594,-2.792498,6.750049,0.99891007,-14.948187,15.438281,7.220627,7.6577907,-10.514299,6.828915,7.89842,4.915611,1.932001
TCGA-C5-A8XH-01,13.089195,3.0084274,-8.078835,4.364176,-15.135479,2.525328,4.2827935,19.588545,2.6293502,-2.2314553,6.4657693,-0.015240099,-11.753662,12.908417,13.054481,8.605913,-18.794603,1.0832286,7.7442517,15.035929,15.648111
TCGA-VS-A950-01,0.027941562,12.10476,-10.428854,3.8716667,-8.183662,-2.3237438,3.9032629,16.835781,3.051453,-1.8100512,6.113113,1.2672441,-13.002153,9.937548,5.34341,4.5893383,-13.416395,4.414079,6.977012,6.1586633,1.8123533
TCGA-VS-A8EJ-01,-0.7044772,-2.4654248,-14.167415,-16.32473,-19.591118,17.46927,-4.2169385,15.945384,4.452616,-2.6781092,6.018941,0.98316944,-3.2157536,-6.6147637,11.390015,0.9602296,-28.019985,-7.907375,-1.388691,25.78431,29.78418
TCGA-DG-A2KL-01,8.661054,5.097936,-4.833917,2.3856852,-2.2538612,-8.000456,7.2134986,23.73182,4.4055614,-3.4584937,5.292871,-0.18746191,-10.2387905,7.972656,5.1181674,7.7531543,-16.043585,2.2564561,6.0037427,9.097108,3.973345
TCGA-MA-AA43-01,-3.8600407,9.463183,-14.049124,11.530061,-23.429766,-8.677902,-3.8920934,22.593983,1.5766907,-0.48338068,4.282215,1.2442024,-12.969282,13.113681,-4.2148433,5.46941,-0.27897125,5.400018,15.4540415,0.8630913,-15.436742
TCGA-ZJ-AAXA-01,-1.7524478,-9.386183,-4.1409383,-3.924976,14.4094715,-9.508144,3.3945403,18.725279,4.3168364,-2.979354,5.405157,0.30506206,-7.429938,2.818953,1.7136608,5.4341955,-7.522757,-0.40564027,4.219543,3.005718,2.3709056
TCGA-VS-A9UY-01,9.565417,6.3451824,-4.4259458,-2.0399294,1.4672153,-17.63838,11.75714,17.895643,3.206691,-1.018522,5.481659,0.9551388,-13.337124,12.671935,5.852764,7.886662,-5.7135844,6.8093204,7.004088,1.4137437,0.7007214
TCGA-VS-A9V1-01,-7.7420707,16.209118,-18.92239,-15.818847,2.265885,-12.57761,15.837646,19.64161,3.1289957,-0.16295993,4.363013,0.9637476,-8.373558,5.8836293,4.406136,0.8260904,-22.164642,6.114958,8.469385,21.071695,10.84525
TCGA-EK-A2RE-01,7.9965596,12.106551,-12.418088,20.385658,-4.8194833,-12.229141,0.10726384,24.296604,1.9568956,-0.75092995,5.8063474,1.6182628,-7.1543384,1.9714792,9.191213,5.8834343,-16.899862,-3.5305727,2.3243883,8.651444,16.609585
TCGA-VS-A952-01,4.468461,10.4916525,-18.758389,-19.403336,22.063143,-17.531153,16.472788,21.475208,4.219484,-1.509616,5.4731035,1.2669358,-17.176802,21.93772,-6.2410445,8.619726,11.493655,8.702163,19.752386,-10.723489,-28.061218
TCGA-VS-A94W-01,17.427362,5.0625734,-5.6064687,-4.208099,-11.283066,10.452751,12.1658945,19.393082,4.3180747,-2.8565311,6.1527767,0.115907654,-11.097769,10.132172,7.4759827,7.9427614,-15.007866,2.5623944,7.591616,11.438845,6.215181
TCGA-EA-A3HR-01,-6.612891,1.443958,-11.469258,10.250592,12.857163,5.2144556,5.801769,22.715475,4.761704,-4.335269,5.629814,-0.6611326,-7.7334504,3.743398,5.503711,3.7985377,-17.001598,6.383675,5.332089,8.368386,10.720855
TCGA-EA-A78R-01,12.022567,-2.114496,-6.1964965,-10.13528,-5.4268084,10.591217,7.023666,24.992937,4.1308327,-2.327116,5.981347,0.70855045,-10.251581,10.898696,8.2276125,6.00276,-18.842936,6.344647,7.5918584,15.384205,9.949833
TCGA-C5-A1BN-01,-2.122643,20.18001,-13.821513,6.2980137,-11.640719,-22.48338,5.0444684,19.527489,1.0333749,-1.7675834,4.6665945,-0.2695404,-7.9048815,4.20202,4.320101,4.7544684,-12.162253,1.9805162,6.08486,5.160852,1.782303
TCGA-JW-A5VK-01,8.919497,-3.1007164,-7.665748,-15.250401,2.8103626,1.4425508,8.125467,25.752089,4.966106,-3.8811884,7.4617248,-0.348592,-15.366285,13.223791,2.7272985,7.881541,-12.820797,7.8578444,5.4455442,2.58501,2.7302172
TCGA-RA-A741-01,9.820031,1.6532257,-6.623609,-13.995455,-7.117962,12.128265,7.9976325,21.586485,3.2601008,-2.353191,5.14195,0.058682017,-7.8901577,4.9250684,7.516443,3.4519024,-19.81135,2.7238543,6.6002283,12.556447,13.236932
TCGA-WL-A834-01,2.861865,3.687488,-4.597225,-4.644876,12.195051,-7.6877656,9.155108,20.195074,2.8609278,-2.0282967,6.020507,0.91814363,-13.1904125,12.762966,3.4626646,7.752455,-10.898673,8.850138,8.560183,3.417941,-3.1853006
TCGA-DG-A2KK-01,19.320183,-0.37144357,-15.689734,-15.304063,3.7203362,-9.689922,9.731193,23.14355,4.2351956,-3.3442302,5.477733,-1.1681242,-17.468245,22.47765,-4.786776,9.001884,10.423335,5.873848,20.179626,-9.105943,-25.383625
TCGA-VS-A8EI-01,11.861632,5.195505,-5.682504,-1.0140778,-10.893669,2.937471,6.962926,23.668283,3.1689248,-1.9158974,5.4844046,0.09624306,-10.148361,9.382593,9.64726,6.0616837,-16.0589,3.682573,6.2743006,11.500433,12.839313
TCGA-MU-A51Y-01,14.792207,-5.37659,-2.7675686,-3.1199749,13.103435,8.260115,15.069673,21.886068,4.945905,-3.616483,5.8534555,0.36657137,-8.937204,6.1297383,4.949529,5.3132834,-17.7494,6.4391685,6.935146,11.8780985,5.6427774
TCGA-Q1-A5R2-01,10.736041,-8.666033,-4.200213,-10.484246,0.054494,23.50017,9.826897,24.708246,5.0904007,-3.06295,7.017752,0.89895105,-13.477002,12.14259,3.6391087,5.9196696,-14.557751,5.1602798,8.226704,6.810649,0.9775945
TCGA-EX-A3L1-01,-7.9268093,17.277832,-13.327231,4.2111044,-29.92355,-18.032295,6.008164,18.882458,1.2021432,1.4241598,4.111983,2.1666658,-5.9088335,0.98266774,8.289504,0.730421,-22.76644,3.5564024,5.5491676,16.759428,15.611082
TCGA-Q1-A5R3-01,7.263168,4.5615797,-8.936726,-18.327118,-3.619689,22.544436,6.3912077,27.165155,2.1728292,-1.4492406,6.6673174,0.8218647,-8.081913,5.091301,5.6091933,5.5712285,-14.532449,4.483864,6.101769,5.3203077,4.9364495
TCGA-EK-A2RA-01,11.727073,-1.9576161,-3.4090326,-18.560837,-2.6973243,1.0638374,4.1763697,19.470667,3.9369936,-3.0366523,5.765243,0.29331848,-14.093035,12.005758,3.5613806,3.753573,-12.258644,5.015997,9.70918,5.8065896,0.8881856
TCGA-VS-A8QM-01,14.052764,-0.3066929,-1.8295002,0.8745059,10.592568,9.499439,12.625169,24.903734,4.6141276,-3.151138,5.118295,0.27899343,-8.24318,4.5784526,5.366401,4.4383774,-17.845371,3.3189425,6.1758275,12.161778,8.738698
TCGA-Q1-A5R1-01,12.58846,0.046550944,-18.583035,-20.791225,13.59148,-5.536651,10.693437,24.721628,4.1745715,-2.8837433,5.3461637,-0.35538378,-15.791309,19.316858,-7.1521554,7.210422,4.7106776,8.614388,19.088621,-5.4751005,-25.899359
TCGA-C5-A7CK-01,3.208565,5.977332,-8.0556345,4.477994,-0.97207105,-4.7555637,8.412699,20.25795,4.2272334,-2.8500636,5.5116835,0.39835313,-13.662796,14.7010565,8.620988,8.152,-16.22461,4.9776206,7.299401,10.80806,9.718838
TCGA-C5-A7CJ-01,11.002587,1.5580142,-3.5365045,7.097865,7.606383,2.8108623,13.508287,22.113163,4.3712416,-3.2249885,5.3779345,0.023281135,-11.21299,9.06614,6.0027556,6.285401,-12.706513,4.1528363,7.210774,8.53209,4.2960534
TCGA-C5-A7X8-01,-2.6233373,0.7294881,-13.745068,-11.5128975,-4.0409856,13.243248,3.2525437,23.690372,4.7412887,-3.0632591,6.091052,-0.33061862,-11.747393,10.924079,4.230743,3.3551798,-26.450686,6.8894086,8.739269,22.28698,9.529469
TCGA-C5-A1BJ-01,9.542885,3.2221925,-3.230893,0.5620842,4.9569507,1.384045,12.960597,24.881388,3.294992,-3.2271183,5.25879,-1.4422386,-7.692676,4.800903,4.572956,4.0801287,-14.476866,8.047369,5.396589,8.358152,4.348542
TCGA-C5-A1BM-01,9.068046,5.8389964,-6.66726,4.1814337,5.20892,1.8320621,10.261338,21.0362,3.872328,-3.815137,4.653759,-1.6487969,-7.202004,2.7281406,5.786633,4.202973,-18.803432,3.178393,5.378427,10.052566,10.184993
TCGA-MY-A913-01,4.3465242,18.175852,-13.438079,-0.5775691,-36.336315,-19.120916,3.2271729,16.384117,0.16609009,2.6546445,5.2658753,2.3550587,-6.8062,2.3534265,12.961993,1.9813524,-25.43965,-1.283704,4.96763,20.916851,25.631857
TCGA-ZJ-A8QQ-01,0.28377756,18.226074,-12.630723,0.1804763,-18.859188,-15.2800045,1.909611,14.35088,1.0492579,1.0175643,5.117223,1.5862399,-12.903172,11.637992,12.299415,4.5801435,-22.54838,2.4955614,8.210267,16.483967,18.577288
TCGA-EK-A2RO-01,13.348264,-3.5501277,-7.032898,-4.45802,-4.4168396,0.77389354,3.0850804,24.829073,5.4383388,-4.1259503,6.5312796,-0.023324683,-12.331826,12.629528,4.8161664,10.340988,-17.020365,3.0082858,6.3552876,11.088174,2.9083016
TCGA-DG-A2KM-01,14.272664,-0.95706636,-0.82612306,-3.2744768,-2.173528,12.436604,17.538,20.25734,3.2217202,-2.0149882,4.436223,-0.023108415,-7.2393303,3.0398276,6.7585683,1.8078393,-19.426897,3.3319342,5.709482,13.975294,13.479472
TCGA-JW-AAVH-01,22.503513,2.1918395,-1.881074,-0.6145073,36.471287,-5.543811,18.157555,25.422178,4.296439,-3.6237876,7.109399,-0.37896106,-13.182583,13.3722925,3.804718,11.726931,-2.4697654,4.543348,7.244451,-2.963938,-4.4784827
TCGA-MY-A5BD-01,20.847725,3.1635711,-15.709231,-10.478374,10.466158,8.389433,9.528793,22.202915,3.488628,-2.2765677,7.152427,0.8812171,-17.599426,21.16942,-10.098968,9.738636,9.572782,8.6335745,20.204437,-13.181452,-34.1398
TCGA-EK-A2PK-01,-4.403412,15.683439,-7.858949,-11.126641,-30.66545,-7.0017037,7.117271,12.735625,0.95849967,1.5946022,3.683752,1.9620847,-7.331562,1.4738326,8.951567,1.3728755,-27.284883,-0.3973797,6.3731256,19.785143,20.37828
TCGA-LP-A4AV-01,1.6534455,-7.680545,-4.8639574,-20.797462,-32.394924,24.38336,-2.202113,19.618961,3.002212,-2.2240376,5.1045084,0.43228877,-9.80566,4.7460303,4.445703,3.2725346,-14.422899,4.71925,5.89877,5.5443077,7.0553846
TCGA-FU-A23L-01,8.478427,10.303135,-9.083703,5.1463504,2.3601122,14.306714,7.891862,20.352549,2.8296487,-3.6410348,5.576806,-0.59021115,-7.013464,1.1502889,7.440835,4.2228084,-23.742323,-2.0017111,4.747484,13.983554,17.092237
TCGA-EK-A2PG-01,12.8623,2.674878,-5.7813973,-8.270023,16.634237,0.39547747,8.926165,21.912994,3.559153,-2.1965406,6.608294,0.2571468,-15.462206,15.136371,3.8712502,6.1787887,-12.733325,7.3725524,8.697146,5.1551723,-0.106702425
TCGA-EA-A6QX-01,7.5465446,3.666066,-3.2743819,-13.017135,13.674032,3.959325,15.6385765,20.797586,4.0357113,-3.157484,5.815945,-0.2524719,-13.167513,11.859072,2.371165,6.901198,-3.7969806,9.48016,8.957388,-2.2134986,-6.269816
TCGA-C5-A1M6-01,-2.2810035,9.75792,-24.229912,2.3066316,-1.2894167,-7.2675753,4.968805,18.51479,2.6729085,-2.4746723,4.9550123,-0.045935065,-11.168443,9.242093,3.934295,3.1094322,-18.22281,5.3306537,9.011137,14.446124,4.8792367
TCGA-UC-A7PD-01,3.5826669,11.900695,-10.594087,1.1593913,-23.079771,-15.677021,3.5887954,19.613071,2.8909528,-1.2855949,6.158861,1.0466838,-7.064986,3.1594331,11.102307,3.7865474,-25.657331,-1.231251,5.7999816,18.543388,19.208982
TCGA-EA-A1QS-01,-3.9203043,-0.9201892,-5.487103,3.8146532,-26.02724,-11.07207,-4.9225163,18.9282,2.86891,-2.267205,3.3272557,-0.10415553,-5.7693014,0.97584647,7.3021755,2.2987347,-23.576841,2.8070965,3.9631653,15.0290365,19.019854
TCGA-C5-A1MI-01,-1.6111987,11.746356,-13.263014,-7.6473303,-6.858213,-0.74664766,2.3384745,13.335002,1.4563973,-1.974591,4.3031983,0.22569157,-7.0527554,2.1176386,3.8624833,-0.48140052,-23.6521,5.040019,6.0297995,17.541384,15.910816
TCGA-C5-A902-01,7.657849,6.158208,-3.8744054,-8.978786,-14.965319,7.8076115,7.167288,10.566857,1.7586726,0.37145385,6.1479096,1.4363089,-15.397806,15.958389,9.233884,8.53212,-12.132549,4.0945954,8.348111,10.330825,6.0163703
TCGA-EX-A8YF-01,0.13821027,14.546173,-9.775136,-8.628656,-5.113482,-3.4384458,15.050664,16.885052,3.231496,-1.7407012,4.8695107,0.5136602,-7.314354,1.6163138,10.878558,2.3704147,-23.93766,-2.3254216,6.252807,21.765707,21.472694
TCGA-JX-A3PZ-01,-6.35141,13.8296175,-10.964193,-8.875829,-42.451427,-6.9734774,-4.9455457,14.544139,0.5427053,3.9990163,4.0651712,4.0516267,-5.880417,0.018405847,12.615956,1.1997098,-24.316153,-0.9511279,3.7237415,15.385538,24.233446
TCGA-VS-A9V3-01,5.248564,6.3927383,-7.5758862,-2.3027074,5.4655623,1.751722,6.438495,17.633427,4.034583,-2.3359957,6.2465463,0.19340955,-14.669542,13.714419,3.6056752,6.344848,-8.513339,7.133171,10.247319,2.8602095,-1.1890568
TCGA-HM-A6W2-06,-15.874722,8.582255,-15.659472,0.072267756,-11.043959,-7.4642096,-1.2185142,13.215651,3.9112866,-2.5747635,4.5565443,-0.15112944,-7.27061,-1.026826,3.5357902,0.1876398,-22.16546,-1.325465,4.3943944,16.529816,13.579144
TCGA-VS-A8EG-01,16.553572,7.4747906,-9.8580065,2.671525,17.156155,-5.950863,15.625046,22.9419,4.550469,-3.504107,6.231951,-0.5768578,-12.420671,13.730867,1.493455,10.545644,-6.574204,6.520744,9.765189,2.8092923,-9.385517
TCGA-ZJ-AAXJ-01,18.782236,3.9229975,-8.68932,5.400421,8.742693,9.61901,11.133096,25.304836,3.2941113,-1.7480536,5.8754253,0.53409755,-13.946342,14.85918,8.769263,9.07133,-15.914577,3.6334567,8.526166,11.931019,8.491606
TCGA-C5-A1MP-01,7.520299,-5.6429653,-4.6609435,-2.6065042,-4.9587736,18.167479,9.215192,20.293962,5.118263,-5.085716,4.6052995,-1.4803305,-7.0920324,4.045951,5.753056,6.06346,-16.233408,2.904337,3.7538996,8.589148,8.329444
TCGA-EK-A2R8-01,-10.946435,25.760014,-15.324011,-1.3627521,-26.594578,-22.446415,1.9350789,14.644895,2.1717126,0.3854266,3.8623593,2.0820003,-7.0540404,1.4531596,5.519416,-0.2741504,-19.953789,3.7456782,6.649574,12.905615,11.536424
TCGA-EK-A2H0-01,4.2552147,15.962008,-9.943145,0.3858956,-19.285133,-13.795954,0.8296612,14.150919,0.76141036,1.305874,4.705124,1.7447948,-12.743867,11.263539,9.226149,4.2572775,-23.771893,4.4124084,9.238266,15.336668,11.735369
TCGA-C5-A2LX-01,21.29212,-1.7491245,-3.1777503,-20.06022,-14.597573,27.297525,8.695552,21.392584,4.186252,-3.5119574,6.2486367,-0.73206604,-13.661512,14.570961,6.519838,8.327103,-16.087887,3.5845797,8.412238,10.308206,2.510751
TCGA-LP-A4AX-01,3.871526,11.056111,-6.9882755,-3.6168509,-39.012283,-4.849715,0.96079713,12.047615,2.1619408,-0.45924652,5.7941504,1.3250765,-8.538824,6.640638,10.660483,2.298675,-27.416111,4.5192056,7.914003,20.368727,18.133118
TCGA-VS-A8Q9-01,-0.9599515,11.336784,-7.921024,-4.790408,-16.646765,-6.1259527,2.8849576,13.261494,3.1329565,-1.6275649,5.556507,1.229415,-12.247224,10.502778,7.8447833,3.6394417,-16.642944,4.1659827,7.918623,11.326647,9.754649
TCGA-VS-A8EH-01,11.52532,3.4326618,-9.001133,7.832546,19.676725,2.7470791,11.053706,20.660772,3.4039445,-2.212195,5.9685497,0.80628324,-11.548804,9.196393,8.386199,6.763988,-23.67617,-0.8701288,8.13969,15.987565,11.314747
TCGA-C5-A3HE-01,-0.18587258,11.4648,-15.624494,-14.4532,-12.915452,5.283,12.571255,20.312296,3.2253397,0.09202049,4.606559,1.265917,-9.999889,6.1014724,1.7376325,1.234767,-21.303556,7.0477924,10.171861,17.542908,2.5397706
TCGA-MY-A5BF-11,-9.171684,-5.7932773,-4.127911,-17.739737,-19.38831,14.165026,4.270703,20.080683,4.384311,-3.1731377,3.2241232,-0.3010132,-1.9811493,-11.411036,16.053444,0.13793895,-30.841265,-10.884174,-3.0247593,27.026625,37.430035
TCGA-DS-A1OA-01,6.514634,1.617161,-4.023774,-6.130187,14.352548,0.7859971,13.165759,22.902735,3.125865,-3.2116797,3.9911077,-0.5969697,-10.802106,8.432982,2.1262088,3.5640235,-10.448636,8.313189,7.9834914,3.8094714,-1.4729782
TCGA-VS-A8QH-01,-16.51742,18.413902,-19.186056,-17.260756,9.370577,-11.439762,14.430161,21.623833,4.0124865,1.3185766,3.7204463,2.8626432,-9.46464,5.254042,3.2806044,0.40457264,-17.579218,8.073075,7.63125,14.241047,7.1366086
TCGA-EA-A5ZE-01,2.7629538,3.947396,-4.4960318,-12.742887,-8.238939,2.9438539,8.630027,14.57272,3.9133065,-2.5708847,5.319877,0.6573589,-12.453596,13.283609,5.845018,8.134607,-17.687006,6.677269,7.153735,9.64153,3.75232
TCGA-HM-A3JK-01,2.616474,-8.502407,-2.9280424,-8.549815,-6.383136,5.5743604,4.1744027,22.250786,4.075788,-3.5601072,4.447423,-0.46612236,-8.632211,8.481845,8.366385,7.6135073,-18.17407,4.861232,6.3346667,10.198318,9.877178
TCGA-EK-A2IR-01,0.72563004,9.726414,-9.658668,3.580399,7.5107074,-13.271427,10.082472,14.578158,3.2134957,-2.410097,6.742405,0.3414613,-13.188904,11.589805,9.173654,7.896947,-24.282614,-1.270745,7.0218415,13.623568,14.393117
TCGA-2W-A8YY-01,-9.491235,13.236118,-15.583399,-5.3700533,-12.0581875,-1.3801745,-0.3788106,9.915463,3.2552922,-1.6387068,4.2810817,0.599638,-10.760847,5.4654036,-0.44520658,0.018270696,-20.56365,4.5072007,8.068776,15.806394,5.4226813
TCGA-C5-A8XK-01,3.1326005,12.500475,-8.7304735,-1.7745564,-14.148809,-13.78459,4.218467,16.524368,1.1441427,0.7206174,5.7008467,2.6561337,-10.448534,8.138105,8.526298,3.527951,-18.805084,0.82013685,7.860316,15.71646,12.078883
TCGA-VS-A9UC-01,-0.6267412,9.104432,-7.9217763,-2.2586462,0.9605729,-2.4629016,6.5552278,17.998268,2.524659,-0.88158333,4.8165736,1.2863364,-12.193789,9.062258,6.1748266,3.4160879,-15.058228,4.979145,8.217458,10.38691,5.1871657
TCGA-VS-A9UM-01,7.7810907,0.2571332,-3.8410773,8.361794,7.0585594,1.7776657,9.785187,20.532501,4.9924636,-3.6401045,5.3249593,-0.0063142497,-9.952684,6.9544992,5.152045,5.1963153,-6.8914776,3.9721315,5.3800707,2.425238,3.5136614
TCGA-VS-A94Z-01,13.456651,5.4278226,-4.3786283,-1.9483262,-11.655155,0.7252309,14.307304,18.64331,3.8155684,-1.9310539,6.400188,0.42021412,-10.079573,6.456709,4.886558,3.5269248,-11.509771,5.472832,5.9718075,6.269087,4.23365
TCGA-C5-A907-01,-4.091333,23.708824,-15.480336,-4.151987,-26.418694,-13.961123,2.740247,16.133966,0.8790942,3.5148587,3.8249125,3.4671814,-8.992051,4.326856,6.3502064,0.7098877,-20.664297,3.312319,7.972861,17.506676,13.317889
TCGA-C5-A901-01,6.9860134,1.9369664,-8.988021,10.6680355,-2.022562,-2.8611164,6.6249714,21.868275,4.2303343,-2.7333927,5.5584846,0.15574268,-14.540495,13.661941,5.936424,7.3748846,-12.265457,4.9623194,8.286843,8.088519,4.1905956
TCGA-DS-A1OB-01,-1.1183524,2.4297068,-8.901875,-1.4858086,-6.473083,-6.585094,3.5551932,18.79461,2.5123801,-2.976296,4.947621,-1.1088364,-8.746859,2.7626672,3.1487978,2.3390622,-14.497346,3.6375866,6.3189893,6.83709,5.777132
TCGA-UC-A7PG-06,7.3354425,-4.8078504,-3.8990288,-4.256239,9.875461,4.0029325,7.9602103,19.598812,3.2686465,-1.7434305,5.394875,0.3617184,-9.273248,7.444899,4.787995,7.207912,-10.242349,2.3854291,6.1463475,5.139696,1.3201541
TCGA-Q1-A6DW-01,13.1385,3.0039532,-7.71579,9.820162,3.5366325,-2.5818498,11.674287,21.236216,5.0937247,-3.878857,6.342376,-0.43939444,-14.591091,15.301732,8.712816,10.399651,-14.101287,0.8776254,9.517072,10.883418,3.1231868
TCGA-EX-A69M-01,5.460399,12.950097,-8.234947,-10.805087,0.5090412,-0.26115543,15.212693,15.815627,1.293863,0.36263916,4.9759307,1.1699902,-12.477289,13.292379,7.1845403,6.5024357,-16.563723,5.354691,8.280338,12.7141695,8.482592
TCGA-DS-A7WH-01,1.746563,7.0674515,-17.262524,-5.6854563,1.139449,-15.279761,7.758979,20.125048,4.027732,-1.6684104,4.590505,0.4669321,-12.192323,11.510232,-2.0387392,3.4959345,-10.318554,6.335398,12.696864,8.368427,-10.240463
TCGA-C5-A2M2-01,15.066767,7.6387873,-17.157438,-20.928295,19.362318,-22.44012,17.370913,21.301998,3.6569138,0.31465185,5.747738,2.209141,-19.961847,27.468708,-6.720739,11.437148,11.436729,7.4636993,23.759787,-11.203215,-33.97442
TCGA-HM-A6W2-01,-5.5211124,0.89724654,-12.359664,-9.142198,-26.2419,6.8468695,-3.8361433,11.633393,4.114668,-3.4801528,4.012766,-0.49946442,-7.983487,-0.5195146,3.5412264,0.27925953,-26.127605,-1.0086739,5.071278,18.587696,15.698561
TCGA-VS-A9UT-01,-1.5847054,4.42334,-10.011022,4.9114084,-36.3125,17.394804,-1.641418,11.211893,4.7858615,-3.786741,4.473073,-0.4249033,-4.463783,-3.5107427,9.219213,0.63980573,-24.877089,-3.0133135,2.460192,20.719778,22.999523
TCGA-HM-A4S6-01,5.6956024,-3.457129,-0.6923569,-5.9969716,2.0075715,-0.6071196,8.613847,17.892057,4.4859347,-2.9913855,6.55249,0.9177588,-9.491367,7.3331723,2.8801997,6.716808,-11.617622,4.209659,6.5586753,6.5399237,-0.34379014
TCGA-BI-A0VR-01,18.18508,-1.3762507,-5.985512,-2.0556283,1.2649058,2.9586422,12.587536,23.138779,3.2725642,-3.0317624,5.679476,-1.1294034,-9.733569,7.1637816,4.502274,5.58369,-15.793158,4.787208,6.631552,9.879484,2.7612717
TCGA-C5-A2M1-01,16.961489,4.304172,-15.837924,-18.036139,-0.27207366,-8.361418,14.240452,17.44891,2.6484551,-0.96041197,4.7309074,0.2425544,-13.957639,16.064945,-3.3554726,5.3376217,-1.3203508,6.8535786,16.26895,2.1258256,-17.119682
TCGA-EA-A411-01,6.5203357,-3.2570045,-6.728372,-2.6736948,11.564559,8.955764,8.142295,22.43936,3.4325955,-2.5805964,5.705223,0.6374407,-9.280814,4.5989795,1.4019496,3.1547346,-11.826338,4.7250667,6.434702,4.530699,-0.28763995
TCGA-IR-A3LL-01,18.869928,-1.9937432,-2.853138,-9.300112,-15.5547495,13.809446,11.285804,20.881882,4.171793,-3.100149,5.79468,-0.58832467,-10.652899,8.8665905,6.6607156,5.7133985,-18.331438,4.108838,6.8661203,11.355508,6.300747
TCGA-EA-A50E-01,3.7345448,-1.2807424,-6.7668843,5.5329947,-7.4284196,2.870999,7.0384364,21.637836,3.1656165,-1.6824336,5.277337,1.6344105,-13.581581,12.789124,4.7425637,4.708486,-17.69328,6.8538055,9.701517,11.802484,0.39128104
TCGA-EA-A4BA-01,-21.767122,3.258618,-19.019089,-7.5189867,-16.180536,13.20298,-9.567289,17.97884,2.3581038,0.32197076,2.924193,1.5328219,-6.518464,-1.3307449,3.930458,-1.6464115,-27.016626,0.2333811,3.9928088,20.076172,17.412348
TCGA-EK-A2RL-01,9.912508,5.5685377,-17.557915,-17.435564,21.184486,-16.774029,15.700668,23.750957,3.8851178,-1.7556078,5.2011423,-0.21125446,-17.413235,22.768766,-6.927179,10.691853,10.643912,8.067325,20.07791,-10.270963,-30.927479
TCGA-IR-A3LI-01,14.73113,3.5005252,-19.383265,-18.720333,27.750326,-9.325978,12.41451,23.638823,4.6098967,-3.0223565,5.071662,-0.32560676,-16.830914,23.091076,-7.8881836,9.889034,10.606557,8.909721,20.277231,-10.885425,-31.932114
TCGA-MA-AA3X-01,3.394502,-2.7189114,-7.5536175,1.3515054,6.9829907,2.1666067,8.834664,20.326008,3.1104183,-0.16613123,5.9194317,1.6777456,-6.7051954,2.2349486,2.7634256,2.708912,-8.357017,2.6409934,3.6206079,3.2430542,4.6661925
TCGA-VS-A9UL-01,-5.507726,15.502649,-15.597327,6.18925,-1.0639343,-10.126717,0.27425268,14.023168,3.468015,0.17275451,5.8582096,2.3505242,-12.991045,10.964535,2.294655,4.3174996,-19.877228,4.801268,8.678732,15.223697,3.910805
TCGA-Q1-A73P-01,10.881185,5.440523,-18.133684,-16.664146,14.217872,-9.374004,19.932932,25.564804,4.081869,-2.1637275,4.244706,0.029948056,-15.470003,17.97266,-1.937029,6.4447994,-2.175691,8.440452,17.033827,4.5185966,-15.26569
TCGA-ZJ-AAX4-01,6.574006,-5.327343,-4.7237134,-2.6952941,1.483521,8.133978,6.9350142,18.115032,4.091708,-2.4491155,5.5308104,-0.012712695,-13.430487,13.3519,7.70803,8.501404,-16.79296,3.117571,8.614781,11.094056,7.081314
TCGA-VS-A9UB-01,2.550244,18.903027,-9.05786,-4.504753,-38.17413,-17.275078,5.8866467,11.232789,0.355743,2.550909,5.4443274,2.0578465,-8.581311,6.7247877,9.959233,2.9879658,-19.693632,2.0266268,6.952731,16.224949,15.733603
TCGA-VS-A9UP-01,-10.083288,8.299203,-16.855038,9.546573,9.680707,8.074341,4.187884,15.521519,3.7715883,-2.7662642,6.0604124,0.6597539,-10.2325115,6.221518,5.1704993,2.1255357,-19.298622,3.1358168,7.509175,13.499779,10.934789
TCGA-EK-A2H1-01,4.7795343,8.055309,-10.817909,-3.2914617,-39.282528,-10.028353,-0.04795476,21.938925,2.049821,-0.75081617,4.5344057,0.7899419,-4.3585863,-2.3607082,11.496327,1.0966305,-22.230206,-3.3340065,2.8582618,18.655735,22.417553
TCGA-ZJ-AAXD-01,8.648835,2.4811728,-5.836,0.04764448,5.1622186,-4.895092,4.9316397,22.155853,4.557164,-2.8050616,5.170035,0.46525416,-8.887362,6.5774636,8.150574,6.151977,-15.599656,2.3078034,5.381574,8.805772,11.388452
TCGA-JW-A5VJ-01,3.9858782,-1.3448846,-6.7192383,7.2665725,4.3393893,14.76723,6.6370254,20.463623,2.8900945,-2.0772884,5.802103,0.891624,-7.315627,1.9715179,6.288365,3.9409633,-18.615541,-0.62357056,5.521377,11.438978,10.142138
TCGA-EK-A2R9-01,8.546783,-4.7319503,-4.928886,-6.266988,-11.030616,17.524109,2.820968,17.672152,4.184414,-3.35209,6.2071557,0.42233744,-12.792224,11.049297,0.08883774,5.435867,-6.116573,7.0380025,9.818903,1.0993001,-7.666096
TCGA-EA-A1QT-01,7.5338354,0.054004624,-1.6239843,-10.799818,4.162475,-8.495296,11.637606,21.787584,4.6200924,-4.085184,6.211726,-0.57339,-13.829948,11.6051,3.195469,7.734692,-9.434579,5.183722,7.240209,1.3856974,-1.896623
TCGA-JW-A5VI-01,1.5339062,5.993468,-4.594587,-4.9674916,-13.679926,-4.3478203,6.9011626,18.51002,2.7091491,-1.8092197,5.4172645,0.3967275,-9.642232,8.354811,8.373111,5.6267977,-19.207912,4.764151,7.1529384,10.846283,11.5750475
TCGA-VS-A9UD-01,19.43238,1.3065438,-4.622278,-15.769632,-23.9193,13.990691,8.177131,17.548672,2.9273808,-1.2109485,7.0151362,-0.20206207,-12.787395,12.527716,8.963122,6.8898573,-22.228695,2.0250566,9.060501,16.172543,13.147778
TCGA-C5-A1BQ-01,5.133673,4.911,-5.8900647,-3.1928399,-5.630757,1.3511564,10.171231,19.141146,5.026599,-4.44764,6.570863,-1.5112462,-9.84137,6.70196,5.2290134,5.0305934,-13.868922,6.718075,7.4038186,6.377613,3.079521
TCGA-MU-A8JM-01,18.051355,7.191965,-8.253795,5.7331123,-10.49338,-2.3405187,8.505906,23.149786,4.167484,-1.8982991,6.4431987,0.7139149,-9.845132,8.217265,6.9129176,6.419619,-16.772083,5.079566,6.2027946,8.586997,8.208231
TCGA-DS-A0VM-01,5.375071,5.500662,-7.8687468,-6.7549176,-14.872696,2.5065668,4.160208,21.405247,1.960258,-2.4843678,5.611315,0.21600848,-12.45092,11.316528,5.310633,5.3468075,-13.253461,6.2683473,7.605669,6.1145506,0.455166
TCGA-MY-A5BF-01,17.54057,2.9679925,-5.983483,-2.4506147,-9.384507,1.8354043,9.252152,15.888812,4.53196,-2.4456098,7.937093,0.2526979,-12.179776,13.381383,6.889853,8.93176,-19.39777,6.335553,8.096344,13.486746,6.1323867
TCGA-EA-A556-01,-13.276572,4.2745333,-16.541264,-0.46101892,-26.39642,12.254623,-8.930692,13.793796,2.9750755,-1.6059333,4.5903883,1.4536985,-3.6410685,-8.812071,12.328401,0.54640216,-28.019817,-10.766521,-2.0617616,24.173073,30.06014
TCGA-IR-A3LA-01,0.9840274,-2.8164446,-11.373017,-11.345002,-0.73311174,0.40948504,3.5048401,15.85951,3.020834,-1.6637901,4.4796696,0.74272156,-7.421446,1.3399454,3.6988854,1.0564133,-21.311127,0.8252421,5.48274,15.399947,11.560854
TCGA-VS-AA62-01,-3.1261158,16.893291,-11.519481,-2.2488286,-35.072895,-13.189207,2.3044088,14.5925,0.6388081,2.9579775,3.4187922,2.8018396,-5.8981676,1.137659,11.855451,1.0074484,-23.567812,0.10485322,4.397263,16.808294,23.463158
TCGA-ZJ-AAXB-01,-9.675998,8.039951,-17.345287,-5.4684596,-11.759864,4.885301,0.8221162,18.22255,3.4818046,-1.9668632,5.52295,1.3577547,-7.2757273,1.9264151,1.9672841,3.4219103,-13.228362,0.7256551,4.5623813,7.352503,4.8257155
