,1,6,15,28,0,1,3,13,14,20,24,2,21,22,27
TCGA-AZ-6599-01,10.883168,-4.1126504,19.504663,-7.803701,0.56850284,-3.1474888,-0.475666,3.588001,0.37262553,1.1518339,0.05822403,15.339086,-1.6804595,2.3704712,-4.991153
TCGA-AA-3655-01,15.795826,-10.534151,5.581048,-10.856642,2.0480802,-2.2804246,-0.5421695,4.119546,-1.9902456,0.6461079,-0.48239717,-10.751951,-11.419935,4.1098213,2.0107036
TCGA-A6-6137-01,17.260284,-10.085511,2.1596527,-10.778991,1.2369065,-4.399322,-1.0471271,5.0567417,-1.7865136,1.5494183,-0.23889837,-16.406773,0.5068298,12.173188,3.9114416
TCGA-CK-4952-01,12.464172,-8.000487,21.93572,-7.0291104,2.2861419,-1.3157538,0.012534175,5.8182836,-1.443593,0.49956703,-1.8337278,42.30957,4.0733113,7.505299,-16.116419
TCGA-A6-5657-01,21.979784,-17.6355,-6.0694113,-12.176202,1.0139145,-3.2485604,-1.6974217,3.0763,-1.027308,1.3319517,0.15047985,-3.8935473,-9.91536,8.420053,6.6076393
TCGA-AD-6963-01,14.289671,-9.520158,1.6134411,-10.291905,0.78902525,-4.731188,-3.0528758,3.4025028,-1.4722447,2.5867226,0.3896077,-26.226395,-1.2935936,11.654019,5.4638047
TCGA-A6-6138-01,18.45756,-14.6257925,-4.904076,-11.646637,0.63655806,-4.118599,-1.9008679,3.5977108,-1.2564499,2.0200677,0.14452568,4.1223173,-9.152822,8.778359,10.330404
TCGA-A6-A567-01,16.315659,-10.77958,-7.2269707,-11.586012,0.8350282,-3.9637077,-1.8850495,1.9260079,-0.5261987,2.282413,1.1721164,-27.956865,-2.4280295,10.554635,4.185728
TCGA-D5-6928-01,23.862862,-19.960924,2.950242,-12.056592,1.0225687,-3.6565084,-2.1705024,3.4188874,-0.7638252,1.8698246,0.10852481,-0.01936162,-7.685468,8.033625,5.533522
TCGA-AZ-6598-01,13.654633,-9.527711,18.531496,-7.9149594,2.4168696,-2.7842264,-0.9081314,4.225871,-1.8746542,1.3618958,-0.36851612,41.19787,-7.84406,4.852875,-4.045674
TCGA-D5-6931-01,18.362732,-12.146197,12.384794,-9.555815,1.0526211,-3.4275675,-1.3678073,3.871615,-1.5529025,1.5864862,-0.2147138,8.021006,-5.2298465,8.66763,2.605928
TCGA-G4-6295-01,15.631313,-11.476155,1.2731341,-9.741738,3.2567759,-2.386491,0.6369145,5.6929755,-1.9423763,0.020461503,-0.9207156,-0.81851065,9.843397,2.0413406,-11.564029
TCGA-DM-A0XD-01,13.788384,-8.60616,12.472267,-9.088959,1.1551076,-4.19392,-1.5913271,4.6667366,-1.0910139,1.9735658,-0.22468476,10.404909,1.0786576,10.091922,1.3852817
TCGA-D5-6535-01,16.179289,-10.539627,11.649721,-10.035479,1.8574495,-2.7018018,-0.8201465,4.00357,-1.7004015,0.93240637,-0.22808579,26.087608,4.221791,-2.34474,-13.336836
TCGA-DM-A28E-01,9.471269,-4.052679,1.7887174,-9.484,2.0184522,-3.360666,-1.2379173,3.9245276,-1.9670756,1.5161201,-0.031710688,8.6088705,14.799312,-3.8740876,-27.649172
TCGA-G4-6307-01,11.731569,-5.8805876,-3.144296,-10.794338,2.2822206,-2.8610404,-0.036832634,4.3481784,-1.5510522,0.59853494,-0.15803221,-0.51639235,3.7047753,0.761142,-14.572402
TCGA-CM-5868-01,16.720385,-11.273452,-8.818537,-12.104403,1.1205949,-3.3753035,-1.4198935,3.3043559,-1.3432906,1.5387377,0.1561197,3.8881245,7.8160405,1.0144551,-14.230095
TCGA-CK-4947-01,17.600788,-11.955827,4.818914,-10.337076,1.4866441,-2.6535711,-0.5352765,4.4062867,-1.558077,0.6070577,-0.660596,19.7394,-1.2969408,7.2300544,-8.483665
TCGA-D5-5540-01,12.8672,-8.203566,-4.175794,-10.332197,2.1076984,-1.7763283,0.14409131,3.6065974,-1.9528496,0.49701917,-0.48434946,-0.50650704,-7.506421,2.8224747,6.4807696
TCGA-A6-4105-01,18.869549,-13.17186,2.8473675,-11.278261,1.5163862,-3.1271296,-0.9553108,4.3661036,-2.1389925,1.3283713,-0.49892566,9.810297,-7.515971,5.989016,3.3026795
TCGA-A6-6651-01,27.555443,-22.917572,-23.034365,-14.789782,0.045580503,-2.8423948,-1.1965909,2.1434135,-0.14078408,1.2185442,0.15965788,7.0697217,6.6440477,1.8400152,-5.792942
TCGA-CM-5860-01,18.10953,-13.645896,1.187876,-10.943206,1.5626278,-2.7723882,-0.91973174,3.808138,-1.7026172,0.9155116,-0.3070368,8.988984,-5.2910037,8.488666,-0.9249928
TCGA-DM-A28G-01,14.737023,-7.68224,2.945186,-10.501904,1.626505,-3.3821,0.05226667,4.476554,-1.486313,0.72328585,-0.02826884,4.972149,-2.4220984,2.576987,2.7599154
TCGA-A6-5666-01,11.537702,-5.584918,-1.8030698,-9.7575035,2.46545,-2.5178938,-0.04130084,4.825076,-1.66018,0.25193056,-0.41741446,-4.8171225,6.372029,-5.526069,0.43455613
TCGA-AZ-6605-01,22.25063,-16.738607,-4.7093897,-12.511131,1.0693856,-3.3445508,-1.2300314,3.9757118,-1.5210041,1.26119,-0.29090044,-12.528736,0.15740493,6.963815,5.7743373
TCGA-CA-5797-01,17.08308,-11.764991,-9.546085,-11.506516,1.2223577,-3.3957498,-0.5801653,4.1555524,-0.95278424,0.8237149,-0.09241058,-29.705952,-0.49268714,6.9907255,1.3336858
TCGA-D5-6930-01,19.224586,-14.605476,13.144478,-10.096952,0.40471753,-3.2521093,-1.9982498,2.403118,-0.61838466,1.780844,0.2051978,8.271017,-13.45494,7.328583,7.161432
TCGA-5M-AAT4-01,12.629496,-7.3396707,5.408802,-10.109629,0.26998892,-5.005759,-2.2443497,3.053421,-1.3772334,3.0944905,0.7620088,0.7625121,-10.205856,8.12297,-5.025007
TCGA-D5-6924-01,20.886833,-15.618848,-12.027512,-13.389516,1.0988498,-4.0406957,-0.99027723,4.010797,-1.9300327,1.6606549,0.24643993,-17.391178,-0.76350576,11.799491,7.2165933
TCGA-CA-6718-01,19.230656,-16.619467,7.06501,-10.399751,0.9283689,-2.3180325,-1.0824369,3.8076124,-0.0147732245,1.0297339,-0.6157094,7.8343706,-9.359228,5.6262007,6.819421
TCGA-AZ-6603-01,19.092428,-13.178749,-10.475802,-12.947629,1.0330551,-3.6895082,-1.3088338,3.5868776,-1.4651985,1.6042402,0.1946116,-1.7767383,2.1189399,3.1713417,-8.253811
TCGA-CM-5862-01,15.248915,-9.399674,-9.704029,-11.106081,1.5236584,-3.0874598,-0.24537127,4.219811,-1.0997615,0.6327721,-0.09445512,-8.025911,4.855273,8.741746,8.210746
TCGA-DM-A0X9-01,13.933108,-7.554549,8.103838,-9.474287,2.0436208,-3.6692,-0.78242975,4.8402166,-1.9710088,1.2554469,-0.19519122,38.034954,1.0395536,6.031194,-14.951071
TCGA-A6-A566-01,22.476112,-18.505848,-2.8980672,-12.630609,0.8529795,-3.961721,-2.4543097,2.4020584,-1.5336491,2.5453908,0.23894596,20.977154,-6.2571006,7.2954087,-5.856065
TCGA-D5-6534-01,25.933361,-21.60161,-6.137136,-13.111957,0.40433037,-4.047281,-2.2582047,2.7137346,-0.37778738,1.9851521,0.5584441,15.1431265,-3.0325172,6.7819343,-6.370027
TCGA-CK-6746-01,14.047403,-11.895671,14.479901,-8.291922,1.1494523,-1.5942144,-0.642467,4.297248,-0.085535444,1.2420962,-1.345344,40.282433,-0.89161915,6.793053,-8.16565
TCGA-A6-5656-01,13.913036,-7.6707215,-7.635418,-11.610446,-0.6655565,-5.8024373,-1.7149498,3.794004,-1.4338266,1.9056958,0.59839344,-8.35376,-2.2012691,8.096841,4.3609376
TCGA-5M-AAT6-01,22.495705,-19.487228,1.0290731,-11.051792,-0.32877102,-5.270333,-3.8587978,1.8775902,0.4597741,3.5934117,0.82198274,-1.690818,-0.16630253,3.6313002,-8.001545
TCGA-QG-A5Z1-01,17.425701,-12.181049,-10.207534,-12.370356,0.14100927,-4.190563,-1.8330821,1.993494,-1.0320146,2.601779,1.0644497,0.33455932,-4.528242,7.7374363,-5.954055
TCGA-CM-6680-01,19.458126,-12.699929,6.371046,-11.476641,1.1953185,-3.25542,-1.2836722,3.9270482,-0.79070675,1.2189713,-0.14097346,30.286884,9.158822,-8.986517,-30.865047
TCGA-CK-5913-01,15.791372,-11.723069,21.357914,-8.14645,1.984565,-1.4750125,-0.31453887,4.898281,-1.5805093,0.57029045,-1.3743188,36.770668,-6.1804814,6.058849,-4.8874207
TCGA-CM-6172-01,17.650124,-11.197964,3.033165,-10.771325,1.4039478,-3.1289775,-0.756026,4.0305166,-0.8367942,1.0948515,-0.13135085,20.35352,-0.02557751,0.662637,-3.6179729
TCGA-G4-6309-01,14.554227,-8.03931,16.593958,-8.759977,1.6137964,-2.8294218,-0.90497047,5.38445,-1.8120884,1.2347682,-1.1903497,1.4075178,3.2615225,5.218766,-15.073059
TCGA-F4-6461-01,20.55119,-15.587062,3.0465686,-11.059595,0.6536111,-3.7903945,-1.7156281,3.613384,-0.28792658,1.900457,0.09196775,33.973373,0.80429155,5.3240156,-6.9311647
TCGA-G4-6299-01,18.702015,-15.73437,6.12284,-10.739211,0.9837211,-3.877691,-1.6909772,4.3722425,-0.69967884,1.7669587,-0.1990235,15.805437,-7.650632,4.2165174,0.8799777
TCGA-CM-6168-01,23.476933,-18.346895,-5.396966,-12.308039,0.96739364,-2.6231823,-1.1562637,3.011143,-0.93308175,1.0013847,-0.11876929,8.322031,-4.8157334,8.173233,-4.7334557
TCGA-AD-A5EK-01,14.538618,-9.45358,-6.8433337,-11.897949,1.38645,-4.2265534,-2.3044813,2.027896,-1.6347514,2.9333456,1.1333294,9.798419,-6.827689,10.261987,2.8586707
TCGA-AM-5820-01,16.243603,-12.173526,-6.875249,-10.667378,1.3761532,-2.9063814,-1.0351367,3.0659385,-1.0186757,0.9802437,0.28478688,16.860096,2.878972,-8.986191,-18.248138
TCGA-A6-6648-01,15.718937,-8.447785,3.4503999,-9.970453,2.0617158,-2.808885,-0.6871325,4.9592695,-2.719715,0.91727793,-0.8162739,-29.389061,-2.1662436,6.5870924,11.021065
TCGA-CA-6717-01,23.523754,-18.290743,-1.468284,-11.834873,0.7823576,-2.2395723,-1.218996,2.6161096,-0.42688859,0.9037901,-0.1764257,-5.564735,-1.2536894,5.1650066,-1.4121641
TCGA-AU-6004-01,18.717983,-14.204349,11.922939,-10.550381,1.435605,-2.1053212,-0.88843524,3.840659,-0.93004984,0.73037213,-0.6250804,27.645107,-6.15903,1.3198638,-6.599166
TCGA-DM-A1HB-01,11.709642,-7.00722,25.800161,-6.2078624,1.3886342,-3.001044,-1.3489243,5.5247207,-0.8991185,1.5073798,-1.2919829,16.138548,-11.210197,8.288264,5.3462973
TCGA-F4-6856-01,14.452228,-9.478269,19.527979,-7.969892,0.39835873,-4.144622,-2.0091906,3.5515175,-0.5718887,2.1664128,0.08788863,-2.2377741,-5.112499,9.874018,8.263529
TCGA-G4-6294-01,14.006914,-8.637559,-5.1111608,-12.165621,1.3789932,-3.761382,-1.1946896,4.172779,-1.7810344,1.6119173,0.06559473,-9.066607,-7.9851923,5.187859,-3.6906886
TCGA-WS-AB45-01,23.770752,-22.761297,-6.657543,-12.798496,0.87973094,-3.3659568,-2.143982,2.2605202,-0.871548,2.2697744,0.18893196,17.165394,-4.030777,6.5674224,-5.312106
TCGA-CK-5916-01,17.511425,-14.693189,10.617081,-9.123415,1.8262004,-2.0984268,-1.0527053,3.4845014,-0.8849912,0.8694095,-0.28688172,37.137627,-5.5930886,4.6751103,-9.889115
TCGA-NH-A50V-01,17.324024,-13.017896,2.8894942,-11.836961,1.2484287,-3.7556195,-2.687056,1.6279467,-1.315855,2.664879,0.97249967,6.6823397,-5.6472044,9.032956,4.3560457
TCGA-NH-A6GA-01,17.270054,-11.263568,1.2940863,-11.042917,0.19633858,-4.1341033,-1.907556,2.697646,-0.7691482,2.2875457,0.5928767,0.051895015,-5.219373,13.652185,-1.5935439
TCGA-F4-6460-01,22.985695,-16.280737,-16.542503,-13.808343,0.40991852,-4.259147,-0.7460699,3.2953815,-0.62157905,1.6243047,0.57301253,2.0950034,13.234224,5.210231,-14.224567
TCGA-F4-6806-01,16.370832,-9.744948,7.1774073,-10.535478,0.8020982,-4.0740485,-1.9476076,3.846563,-1.4121554,1.8077008,0.061158694,28.038692,-3.9014158,4.081933,-9.346475
TCGA-G4-6304-01,10.939983,-5.470864,14.263629,-8.14614,0.9594072,-3.712405,-2.2917902,3.4134471,-1.1162311,2.3969407,-0.23756866,14.262928,-1.542505,6.9517555,-4.373995
TCGA-QG-A5YW-01,16.861864,-10.16084,8.715828,-10.3788395,1.6371393,-3.4024825,-1.2148536,2.642411,-1.4896824,2.0000114,0.6371007,17.496092,2.1200671,1.5328467,-11.640755
TCGA-AD-6965-01,15.97644,-9.854452,-0.45771354,-10.697074,0.14548396,-4.92259,-1.1889805,4.046476,-1.2643931,2.1270306,0.41024163,-0.9587413,4.5300317,16.9317,-5.817738
TCGA-D5-6920-01,16.908781,-9.995044,9.753534,-9.60371,1.6426898,-3.049486,-1.1759386,3.9728365,-2.3818727,1.4860799,-0.47041127,8.669422,-2.2668264,4.869231,-4.973291
TCGA-DM-A280-01,12.376786,-6.8261466,16.71997,-7.313994,1.2341276,-3.3036711,-1.6667761,4.179597,-1.1389506,1.6242547,-0.5070596,10.621252,-0.72772795,4.597329,-7.619918
TCGA-G4-6297-01,20.70538,-15.496602,-5.3055577,-12.386713,1.7036304,-3.4662673,-1.4760296,3.9993289,-1.7124135,1.4367688,-0.044972613,20.172188,16.714806,-4.53588,-29.552216
TCGA-G4-6302-01,26.774979,-22.40542,-11.00483,-13.436415,0.64815587,-1.5550194,-0.73859847,1.9090937,-0.28902453,0.55769795,-0.20407945,14.224515,-2.6698818,4.5925164,-6.734946
TCGA-QL-A97D-01,13.222326,-7.8445015,7.645224,-9.418367,1.7768403,-3.8651102,-2.1066487,2.7824767,-2.1925163,2.391998,0.5943534,17.78447,-3.2083576,3.9424071,-13.262902
TCGA-CA-6716-01,15.971168,-10.678147,-10.358274,-12.40448,1.70748,-2.9831803,-0.024111373,3.7229137,-1.7191819,0.79237294,0.14880852,11.954692,-9.516336,8.75121,5.084636
TCGA-CA-6715-01,13.350668,-6.8440995,-8.876421,-11.422379,1.8672619,-2.9889572,0.6902087,6.294152,-2.4108567,0.22355387,-1.1749761,-30.785013,-4.758914,-5.1066136,1.6623114
TCGA-CM-4743-01,13.331682,-9.862792,21.923018,-7.3982997,1.6198506,-1.372227,-0.9873806,4.645647,-0.6387697,1.3640836,-1.8851335,7.1709776,-4.4496236,4.567664,-0.77561176
TCGA-A6-6654-01,23.460411,-19.239613,-9.474333,-12.980142,0.19124806,-3.01458,-1.4240092,2.4495156,-0.5290152,1.4324645,0.037857518,18.396915,0.41614297,-6.4596205,-23.188023
TCGA-G4-6627-01,23.351568,-16.448048,-3.0374446,-11.687206,0.81375086,-2.6288917,-1.207256,2.625141,-0.64835435,1.025853,0.0531632,-4.803955,-3.3229358,10.289376,7.9193625
TCGA-A6-5664-01,23.85756,-17.352137,-3.9496877,-12.519031,-1.4145095,-6.4393477,-1.8114274,2.7816968,-0.26560682,1.3636988,1.1357298,-7.4552345,-5.151733,8.996246,4.53847
TCGA-CM-6167-01,26.244026,-21.754862,-15.499888,-13.752471,0.72812235,-2.2686763,-1.277406,2.1190586,-0.6062464,0.9898368,0.011398224,5.196405,-4.33697,3.7668288,-6.1224546
TCGA-AD-6548-01,18.74175,-13.140316,1.9207315,-10.529404,0.45813477,-4.134929,-1.111045,4.188116,-1.1275097,1.2924466,-0.033274647,32.55282,14.731829,-4.8733187,-26.919598
TCGA-F4-6805-01,22.446222,-17.175428,-3.441079,-11.833648,0.5545757,-3.3114772,-1.5593618,3.133959,-0.8425779,1.3474814,0.04006192,7.036867,0.6355224,-2.482743,-15.257601
TCGA-A6-6780-01,15.073511,-10.588348,12.265031,-8.925022,2.2237642,-1.3207155,0.1602273,5.2152343,-1.0366977,0.93538797,-1.6580855,9.434936,-3.0747547,10.715986,6.639395
TCGA-DM-A1HA-01,9.747975,-5.680551,5.3031588,-8.952751,1.4692962,-1.9743896,-0.10648377,4.6595545,0.53935784,0.7716775,-0.8227111,18.297733,6.1800766,12.953076,10.238058
TCGA-CM-6676-01,17.260653,-11.526803,-11.81428,-12.779469,0.4306038,-4.3265977,-1.6152415,3.8337636,-1.7604834,1.9605118,0.15857969,-16.763117,-2.878841,10.311904,11.995224
TCGA-A6-6650-01,12.406671,-6.431059,3.5297854,-9.682702,1.988084,-3.212779,-1.0157485,4.025741,-2.3129597,1.444416,-0.08931515,9.721334,-4.271852,1.084574,-10.037071
TCGA-NH-A6GB-01,13.711942,-8.579906,11.382814,-8.765869,1.3730437,-3.873687,-1.6199905,3.0680327,-1.6517452,2.4860282,0.29897603,22.550194,5.377636,8.488264,-7.5864224
TCGA-A6-6652-01,12.779246,-7.644384,-4.525519,-11.103407,-0.24580154,-4.671304,-1.977672,2.7978032,-0.2873632,2.5387092,0.6757624,-9.664634,11.447048,-1.6447747,-2.9393795
TCGA-CM-6164-01,18.096558,-12.18076,-12.902494,-13.010931,1.3701761,-3.0872421,-1.2376175,3.8807507,-1.2032812,0.9515821,-0.24179877,5.7781124,3.0480337,-2.162067,-10.420711
TCGA-D5-6536-01,18.747694,-12.649708,1.6751918,-11.959987,0.7979105,-3.5299964,-1.4425157,3.6158357,-0.19333918,1.5450134,0.16237696,-11.570572,3.483094,-2.9383504,-4.3111415
TCGA-G4-6588-01,13.754566,-9.980258,23.948992,-7.33318,1.5230876,-3.30816,-1.9179345,4.3125644,-1.0016879,2.0527048,-0.68797576,42.834393,-0.20737955,3.9907188,-15.973503
TCGA-4N-A93T-01,11.224146,-4.795224,8.398367,-9.863768,1.2900928,-4.017002,-2.3037212,2.822017,-2.0818443,2.5808742,0.5140632,-9.059618,-1.733809,3.8037565,3.4157302
TCGA-A6-2684-11,19.751366,-12.867724,2.8835888,-10.357687,-1.1741565,-4.261756,-1.1680821,1.1121615,-0.08199224,0.41951117,1.2184066,-4.862801,-0.05208131,3.3534963,-8.30382
TCGA-F4-6459-01,22.820343,-16.728777,-17.52629,-13.96183,-0.104313485,-4.1791377,-1.4929987,3.0239263,-0.9306612,2.056663,0.3673036,10.07544,0.63012165,-0.22712827,-13.719894
TCGA-T9-A92H-01,12.035537,-5.757283,5.0560846,-9.485028,1.4916154,-4.5037107,-2.0371397,3.542595,-2.7291417,2.7712653,0.36972478,-10.574839,-5.7336,9.992965,-3.9400592
TCGA-D5-5538-01,19.11345,-14.217504,-1.5603745,-11.552296,1.6797811,-2.568249,-0.18983452,3.9301064,-1.0361876,0.49978733,-0.23329395,21.44181,0.6195908,0.81296134,-13.301706
TCGA-CK-4948-01,18.296396,-12.578936,1.0266724,-11.176855,2.0587516,-2.4797182,-0.2811296,4.603342,-0.792182,0.3844472,-0.49426123,9.54887,15.364044,1.3218262,-22.660748
TCGA-CM-6166-01,14.738756,-8.920896,-10.233339,-11.971045,1.6102098,-2.909314,-0.14965051,3.970614,-1.6270233,0.74491674,-0.11223766,31.038155,1.5413167,-4.060766,-16.819803
TCGA-CK-5914-01,13.675127,-9.255996,-1.5718911,-10.24884,3.0719478,-2.3440204,0.020268504,4.9683056,-2.8413434,0.47018936,-0.77193534,12.398785,-6.351496,-9.233209,-10.50104
TCGA-AY-6196-01,27.535282,-24.14005,-7.105543,-13.464156,1.2817864,-3.857688,-2.129223,4.197217,-1.3009934,1.4602609,-0.18469858,-7.721008,-1.532506,6.4990954,9.931509
TCGA-F4-6809-01,24.037102,-18.672281,-13.637895,-13.54931,0.4428777,-3.6307554,-1.6317052,3.3995817,-0.8066568,1.4734007,0.0070779882,23.74133,2.8362732,-8.626164,-21.747713
TCGA-CM-6171-01,15.52388,-10.482263,17.11575,-8.758496,2.149993,-0.14438432,0.24725488,5.571177,-0.9532757,0.23291956,-2.3843064,39.562706,-0.18405244,5.270575,-7.953739
TCGA-CM-5863-01,20.142017,-13.091357,8.623941,-10.655673,0.99097025,-3.163063,-1.1995041,3.704371,-0.9731948,1.2471588,-0.13767427,17.248848,-1.0815852,4.4926767,-9.516972
TCGA-D5-6539-01,17.06084,-10.329085,9.059474,-9.54051,1.9560107,-2.2989585,-0.33098578,4.400851,-2.0670002,0.69694126,-0.78956854,10.754595,13.008974,-7.08218,-25.34085
TCGA-NH-A8F7-01,12.70544,-5.943859,-8.235078,-11.167312,0.21904321,-4.855459,-2.1580846,2.4104989,-0.55551165,2.8389018,1.2276173,-2.773503,-2.5780375,1.3570378,-2.9160254
TCGA-D5-5541-01,18.393555,-13.946673,-10.928177,-12.474716,1.4910761,-3.139844,-0.8810695,3.760812,-1.4576018,1.0967474,-0.014263214,-23.113426,-7.5206356,-0.38713574,16.452705
TCGA-F4-6808-01,12.948522,-6.1267667,-0.84537387,-10.240105,1.1443121,-4.48748,-1.291495,5.0688543,-1.5321814,1.5012593,-0.22659904,8.465761,8.979972,-2.4258726,-14.122057
TCGA-A6-2680-11,23.716373,-16.300356,-9.467543,-11.349876,-2.1017325,-4.6559143,-1.186103,0.03597061,0.733176,0.006776156,1.9181137,-6.7981386,-1.4814308,3.3168452,-8.324699
TCGA-DM-A285-01,17.184114,-10.941123,-1.0942078,-11.39806,0.7147785,-3.5600247,-1.0280677,3.2140913,-0.39126682,1.2768109,0.28360465,21.984207,0.4315038,6.5321913,-7.6668434
TCGA-A6-6781-01,23.29952,-20.364206,2.5814276,-12.246769,0.20858683,-4.180175,-2.6961467,2.3981311,-0.6611715,2.5043626,0.41626242,-11.78265,3.1161883,14.925546,10.945779
TCGA-F4-6807-01,23.461483,-18.822313,-8.768117,-13.030324,0.1447552,-3.8729646,-1.3026918,3.219579,-0.36209056,1.4858047,0.22756438,19.649271,-0.4881396,2.7900503,-9.917016
TCGA-AY-A54L-01,10.923618,-3.0571408,9.166206,-8.53646,2.232553,-3.872939,-1.18464,3.3883603,-1.6638145,2.3739486,0.5621138,21.148071,-1.842736,4.104905,-13.951413
TCGA-A6-5661-01,13.149676,-8.113882,22.66387,-6.8625245,2.3763716,-1.9515862,-0.7265002,4.529418,-1.8109075,0.9892937,-0.972286,29.580404,-9.793837,4.39236,-7.051739
TCGA-DM-A288-01,9.39357,-4.727017,12.87658,-7.5998473,1.4929963,-2.6300962,-0.870905,3.8922935,-1.1943736,1.360193,-0.5328044,1.2393426,-7.538341,12.744059,8.394027
TCGA-QG-A5YX-01,11.179374,-4.051628,12.705817,-8.071651,2.3364587,-3.4367042,-1.5207359,2.890648,-2.7442422,2.1111212,0.4977681,3.58474,-1.5289574,-4.0668774,-10.708611
TCGA-AD-A5EJ-01,13.751972,-8.832503,24.430147,-7.2835054,1.8074669,-2.8084567,-1.4072664,3.201925,-1.3551962,2.047882,-0.48606166,32.63131,-12.317568,6.107345,-5.803277
TCGA-G4-6628-01,17.90039,-14.907021,12.38276,-8.648092,1.3617902,-2.5762718,-1.7546114,3.6899064,-0.808039,1.2849535,-0.5010712,13.765581,-2.3782024,5.6139226,-1.2896383
TCGA-D5-6531-01,17.157242,-12.619031,2.7660513,-10.340222,1.3478651,-3.5513608,-1.2868149,3.9765525,-0.70419925,1.421321,0.09768497,21.465473,-5.3335123,7.3939404,-2.4279394
TCGA-DM-A28M-01,8.872278,-2.6022458,16.83553,-7.751364,2.4861436,-2.6146665,-1.0344267,4.1748414,-2.1033287,1.1734952,-0.425916,3.426232,-5.2240934,11.115843,8.725318
TCGA-CK-6751-01,14.909414,-10.358049,12.062927,-9.04464,1.3212057,-3.314922,-1.6306484,4.2429004,-1.399186,1.4063001,-0.41415548,42.46775,6.7095914,2.033342,-27.119837
TCGA-F4-6854-01,18.585323,-12.663687,-8.200139,-12.166501,0.39289093,-4.3137283,-2.1757236,2.79141,-1.4169103,2.5660384,0.66625816,14.260288,-5.22707,-3.2512887,-10.075548
TCGA-A6-6142-01,20.132055,-15.137273,-13.604321,-13.209364,-0.0055657793,-4.4841356,-1.559882,3.3771675,-0.2894945,1.900167,0.43703872,-3.6841218,10.012602,2.6832669,-10.452854
TCGA-NH-A8F8-01,18.19316,-13.049489,-8.859855,-12.170569,0.37098536,-4.0611205,-2.2443688,1.7094814,-0.49075988,2.5718787,1.0972267,-0.29386008,-3.539867,6.778368,-3.212626
TCGA-AM-5821-01,15.33543,-13.498284,14.399986,-7.804617,0.96170515,-1.718384,-0.71313334,5.8818765,0.8333271,0.69244576,-2.0076213,30.721977,0.28181794,4.767044,-8.804561
TCGA-D5-5537-01,15.88714,-9.600841,-1.2781659,-11.58621,0.96422154,-3.9791107,-1.3379964,3.6144636,-1.9801536,2.0511947,0.33144596,4.532447,-0.3926234,10.294949,2.2116203
TCGA-CM-6677-01,16.445349,-11.820739,0.7718533,-10.577047,0.75108373,-3.540444,-1.555876,3.5583572,-1.3743608,1.416935,-0.13628143,34.394802,11.741377,-5.553981,-32.861946
TCGA-AD-6888-01,9.905011,-2.5529811,7.5028653,-8.853289,1.7408358,-4.021539,-1.4391682,4.4500976,-2.2431908,2.0558498,-0.047049664,-19.14902,-2.1949644,7.202915,6.7880225
TCGA-DM-A28C-01,10.753357,-5.0825057,1.4892938,-9.889685,1.8972065,-3.1050148,-1.1689919,3.6444726,-1.761121,1.3724804,0.11164578,-11.791713,-2.2795577,7.9772873,11.549167
TCGA-NH-A8F7-06,9.905323,-3.4377823,-1.4620743,-9.515621,1.1670843,-5.0355015,-1.7487203,3.669267,-1.9113889,2.966184,0.6418873,-6.6051064,1.2946169,1.0878365,-0.07994009
TCGA-DM-A1DA-01,10.005926,-5.6119266,12.740594,-7.5884514,3.1107073,-2.4583094,-0.56141245,5.1117744,-2.9630396,1.0423524,-0.8351741,43.56967,-2.6663957,9.13914,-9.207639
TCGA-F4-6569-01,22.840855,-18.596886,-7.637953,-12.422691,0.31851786,-3.4747734,-1.8233749,2.8819127,-0.5329196,1.5452361,0.15351586,-4.9411626,0.21147445,10.469649,4.7823925
TCGA-CM-6674-01,17.444244,-13.071981,13.25042,-9.548975,0.60383785,-2.5105655,-1.4226393,2.923914,-0.16067448,1.1991799,-0.29763412,-13.657242,-3.3631558,11.865436,11.907623
TCGA-CK-4950-01,18.115189,-10.904021,12.456972,-9.1987915,1.7546467,-2.8256752,-0.9305979,4.4921126,-1.7220299,0.894092,-0.530699,18.935993,-9.472569,6.3523602,-6.8009996
TCGA-DM-A1D9-01,12.664134,-7.291763,4.794862,-10.2489395,1.1576769,-3.9997373,-1.4832304,3.5202138,-1.2453712,1.8719068,0.45826387,21.054348,-0.79210705,3.8620598,-6.7805367
TCGA-CA-6719-01,21.084137,-16.14585,-12.9691105,-13.094395,0.7204913,-3.179602,-0.73778564,3.2316325,-1.2811931,1.2287724,0.07386657,0.8000258,-4.469835,5.3751707,3.2177844
TCGA-CM-6675-01,13.270882,-8.614472,17.219633,-8.146641,1.4477339,-2.4506502,-0.56221193,3.7245517,-1.1805823,1.3767426,-0.5683342,24.979206,-4.180759,8.826749,-12.538707
TCGA-D5-6533-01,14.847334,-10.224423,-5.8263164,-11.062887,1.6323375,-2.4564703,0.08762358,4.7120805,-1.8672688,0.354606,-0.7824334,12.274988,3.0833416,-2.4306507,-10.903043
TCGA-A6-6782-01,21.724213,-15.973168,-12.315065,-13.423319,0.67109734,-4.406044,-2.005848,4.225486,-1.6035136,1.8590429,-0.03205581,-13.068775,2.070541,9.597968,1.8853494
TCGA-D5-5539-01,19.552288,-13.223593,6.522749,-10.874191,0.9651028,-2.9631789,-1.1908667,3.24678,-0.77579266,1.2406825,0.00076296553,-5.3907332,-1.8932161,8.056462,8.255057
TCGA-CK-5912-01,14.1456,-9.05446,-6.419338,-10.698908,1.9581251,-3.1521442,-0.15510066,4.9932184,-1.4061886,0.57300246,-0.5065958,-25.199028,-6.7211857,-0.7155154,10.044412
TCGA-CM-4751-01,19.191685,-12.926959,12.029404,-9.929294,1.0674781,-3.0927227,-0.9197849,4.4465246,-1.1347163,0.9331672,-0.5476129,8.0737915,-7.954132,8.983451,7.661727
TCGA-A6-6140-01,13.743076,-7.250898,0.6280414,-10.231973,1.7360103,-4.0461774,-1.3556162,5.1209807,-2.3628294,1.7552704,-0.39754665,-29.656725,-2.892337,6.085335,15.773092
TCGA-NH-A6GC-01,17.207424,-11.24703,2.7930477,-12.007626,0.8186716,-3.738659,-1.21789,2.8544652,-0.44244972,2.0286586,0.6086916,4.400284,-8.0476885,-3.8545482,-6.396647
TCGA-AD-6895-01,16.758831,-13.550884,16.996504,-8.637636,0.5354896,-3.0665567,-1.8748953,2.919604,0.03331306,1.6522216,-0.025635324,8.774957,-11.681756,7.8322854,5.169487
TCGA-AD-6889-01,12.169273,-7.7911625,20.281797,-7.7329993,1.756561,-1.7303029,-0.86132836,3.4529712,-1.0787809,1.3157814,-0.90642977,23.006584,-12.559278,7.1980124,2.9619827
TCGA-AD-5900-01,18.395634,-14.834139,11.1577,-9.512663,1.0154339,-2.8894382,-1.2779055,3.782489,-0.5679745,1.0291648,-0.33751547,12.045964,-6.8174176,4.539026,2.3386412
TCGA-D5-6540-01,14.760773,-11.864024,20.621576,-8.443363,1.6961015,-2.170149,-0.900789,4.8889155,-1.1083091,1.2762038,-1.3364242,17.02086,-4.274117,3.7225657,-2.3895962
TCGA-AZ-5407-01,13.135911,-6.876866,17.737186,-7.749927,1.8710877,-2.3866699,-0.39921665,3.942997,-1.6641182,0.6607375,-0.3675866,32.81844,-2.55001,5.8531303,-12.045226
TCGA-A6-2685-11,21.210526,-14.151513,-0.019267317,-10.669338,-1.4487114,-4.272289,-1.1976765,0.7669628,0.43060863,0.44004634,1.4392163,-7.741605,0.97266775,5.132845,-11.101865
TCGA-G4-6311-01,18.59738,-13.2007265,-2.7990813,-11.3911915,1.8705419,-3.0676367,-1.0317262,4.326224,-1.6942801,0.88351667,-0.2699733,-14.3590145,-1.5502838,5.8181887,7.921668
TCGA-D5-6923-01,18.771862,-14.613956,-9.492937,-12.920321,0.9431553,-3.976071,-1.9191245,3.4380157,-2.3646648,2.2958257,0.20331235,-21.475107,-3.474345,7.9644256,6.315369
TCGA-DM-A1D7-01,13.405125,-7.391589,5.5868626,-10.045595,1.0946687,-3.8697634,-1.9182209,3.676756,-1.6512973,1.8626009,0.1332431,-9.500465,-4.6029916,9.867194,8.243444
TCGA-AY-A71X-01,10.88542,-3.4249434,19.813955,-8.215154,1.6189888,-3.0664022,-1.0861886,2.8775866,-1.517205,2.053381,0.018752249,28.10626,-2.901842,7.1708636,-13.922551
TCGA-CA-5254-01,15.413019,-10.5382185,11.735702,-9.534419,-0.21852118,-4.032912,-0.9006703,2.3914952,-1.4520688,0.23519339,0.63737553,42.391457,3.419295,-5.831675,-32.14311
TCGA-CM-5349-01,20.299925,-14.981536,-9.898832,-12.727886,1.2307811,-2.5449765,-0.8667517,3.6909797,-1.1099285,0.6885536,-0.4294777,29.625267,9.300588,-9.183898,-20.504486
TCGA-CM-5344-01,18.072348,-12.661793,-9.039282,-12.266538,1.2850311,-2.937462,-0.98618406,3.7262368,-1.4008905,1.0660884,-0.250863,2.288432,19.586758,-4.720489,-21.25618
TCGA-NH-A50T-01,11.290551,-5.6506166,2.3271399,-9.071918,1.2620373,-4.481555,-1.9399289,2.695804,-1.4491541,2.9893067,0.69663256,16.065002,7.287022,-2.6126342,-13.078531
TCGA-AY-6386-01,13.458151,-7.6207027,15.935897,-8.113935,1.4890405,-3.1348002,-1.5596284,4.4601154,-1.8275393,1.4802369,-0.66841364,25.021385,-7.4547772,4.5608034,-11.209084
TCGA-CA-5255-01,12.31328,-5.4917817,21.307491,-7.6200027,-1.1250783,-5.9905057,-1.9888886,3.089942,-0.035341673,1.1032399,0.9127771,-1.4749681,-8.483456,9.578313,9.041618
TCGA-DM-A1DB-01,12.398002,-6.3471766,-4.844296,-11.441467,2.323327,-4.1558046,-1.7097416,5.1912346,-2.932597,1.8680984,-0.35485786,-19.785137,-8.852806,3.644314,-0.94051194
TCGA-DM-A28F-01,12.038962,-6.4511843,5.1131363,-9.36199,1.4986061,-3.8621428,-0.40318105,5.0735803,-2.0770164,1.1766963,-0.43647188,-9.407719,-0.80283445,9.83373,1.7486594
TCGA-D5-6932-01,17.181253,-12.537112,-5.330488,-12.190714,-0.018810773,-5.168407,-2.8692803,2.704106,-1.1862601,3.2253687,0.83228993,-19.460989,-9.241722,7.9465437,3.93302
TCGA-AD-6899-01,21.493876,-15.276937,-0.5647093,-12.229529,0.0488502,-4.491112,-1.9405059,3.0016294,-1.148848,2.4999151,0.5505456,1.0962352,-2.2153404,8.298108,7.343712
TCGA-AY-6197-01,14.345923,-8.23141,17.010775,-8.53122,1.9934444,-1.9665506,-1.0631753,4.4946556,-1.8006983,1.3147209,-1.5276021,9.112128,1.6229539,4.887601,-2.1897726
TCGA-AA-3660-01,17.29706,-10.226982,1.4240842,-10.696022,1.6126572,-2.9064803,-0.36077514,4.574999,-1.4153545,0.6258389,-0.5005814,23.44095,-4.321746,-12.742151,-24.18021
TCGA-A6-5660-01,15.987984,-10.6030855,-4.3601217,-11.489675,2.01876,-2.8299885,-0.5731301,3.6599908,-1.7517726,1.0950035,0.0697636,3.3490798,7.4703536,7.7572045,0.5367304
TCGA-D5-6541-01,18.538671,-14.433497,0.21772397,-11.402938,1.8584026,-2.2771206,-0.60362864,4.051552,-1.7844039,0.6364291,-0.53080493,-5.816659,-6.378639,8.8578005,6.4839196
TCGA-AA-3511-01,18.084768,-12.278167,-2.2313452,-11.476433,0.9468862,-3.6930926,-1.1345359,3.8976178,-1.7675942,1.6402587,-0.04835902,-13.0952215,4.702439,2.0131552,-2.661725
TCGA-DM-A28H-01,11.441009,-6.2196345,-1.166356,-9.465514,1.6522824,-3.5830698,-1.1059738,4.818496,-2.103511,1.0990391,-0.45794368,2.387306,-4.837168,9.447165,10.775096
TCGA-G4-6303-01,18.458675,-12.910951,-9.709699,-12.310972,-0.1939745,-4.567266,-1.7116156,3.2381647,-1.2446581,2.4087634,0.42442176,16.60355,3.5707922,-0.637316,-8.728422
TCGA-CM-5861-01,12.821957,-8.907551,22.06492,-7.29732,1.4067736,-1.9930774,-0.9056309,3.7228382,-0.5079807,1.0249555,-0.62663364,39.73368,-0.1532974,2.4558413,-13.485958
TCGA-CM-6161-01,18.199736,-11.83191,-4.450203,-11.353072,1.9685802,-2.3651905,0.20004162,4.6573033,-1.9577435,0.28911254,-0.5919582,17.79919,1.2384422,4.693879,-8.633857
TCGA-NH-A50U-01,14.36923,-8.874291,4.5180125,-10.360208,1.6272252,-3.210016,-1.1694951,2.4350202,-1.0729096,1.8296115,0.7250045,-2.7368195,-7.4300933,10.276522,1.6630718
TCGA-AZ-6607-01,23.109028,-19.846104,0.24603963,-11.427099,0.6853296,-1.7166213,-0.91393656,3.6414611,0.16251461,0.69762284,-0.94023776,-1.5024716,-6.7067876,8.163444,3.9392436
TCGA-G4-6298-01,14.113888,-9.281994,-6.090438,-11.374209,1.4398819,-2.9507253,-0.5966085,3.9579718,-1.112644,0.82546866,-0.12616138,-7.091517,-3.2057421,7.915086,4.989698
TCGA-D5-6538-01,13.214754,-7.1388736,-2.3515685,-10.621294,1.8209499,-2.7985303,0.5082088,4.8645744,-1.6411333,0.23451735,-0.3997894,43.441597,2.7386794,3.099362,-8.750292
TCGA-CM-6679-01,20.263784,-15.435672,-13.940941,-13.797924,0.9383051,-3.5343626,-1.5190244,3.5702534,-1.3090425,1.5362184,-0.034323312,-16.3014,-6.9522786,7.07621,3.2592182
TCGA-AZ-4323-01,30.426647,-24.134094,-15.589044,-13.914205,-0.7274976,-5.210243,-1.8731221,3.755363,0.75303966,1.676008,0.54065925,-13.289184,-0.8324105,7.5284195,3.8689334
TCGA-G4-6322-01,15.460623,-8.747329,13.275848,-9.624721,1.5763173,-1.9850712,0.47158396,4.905891,-0.44456077,0.66062385,-1.2021012,17.26751,5.3875084,12.556712,2.1880386
TCGA-CM-5864-01,13.983929,-7.7149024,-0.3902588,-10.504074,2.2592285,-2.975089,-0.44270128,4.728926,-1.6256776,0.5505955,-0.25254878,2.9238107,1.6053517,7.915147,6.5013027
TCGA-CK-6747-01,15.393543,-9.172059,7.7634478,-9.812264,0.7843479,-3.5040157,-1.2124562,3.9768727,-1.5029758,1.4036146,-0.25251287,31.373547,1.9580836,-1.5352471,-13.525199
TCGA-CM-6163-01,19.583706,-13.4674635,-2.759276,-11.860653,1.4886034,-3.2850833,-1.5848217,3.9126754,-1.6224126,1.3304317,-0.15383759,-10.218638,-6.095988,9.610772,10.695169
TCGA-AA-3713-01,17.60027,-11.697915,15.84777,-9.01031,1.3651425,-2.2935264,-0.71137303,4.5192432,-1.2321383,1.0194386,-1.0322878,5.92583,-2.3643966,7.513343,-3.1098104
TCGA-A6-A56B-01,15.735338,-11.926148,-9.853314,-12.235823,0.7011302,-4.2825174,-2.0980585,1.9451209,-1.3049726,2.8487303,1.1365218,-3.4911015,-3.358911,12.479691,2.2565644
TCGA-CM-5348-01,23.87658,-18.582556,-8.212927,-12.793715,0.8083799,-2.5253835,-0.26947838,3.047508,-0.65205646,0.6129028,-0.046689443,-1.7377197,5.6907377,13.258592,6.3663945
TCGA-AY-5543-01,12.601578,-6.673777,9.321398,-8.928734,2.4187462,-2.9318051,-1.2025598,4.6445575,-2.4454727,1.1546946,-0.4813855,12.511494,12.545013,-2.5446563,-22.54541
TCGA-CM-6169-01,21.73751,-16.885345,-7.368466,-12.410241,1.5782622,-3.423272,-1.0442452,4.0064764,-1.3434111,1.1308649,0.026046189,-5.776679,2.2094827,10.5967,1.0778476
TCGA-AZ-6606-01,12.198286,-5.98,17.257648,-8.070956,1.1915014,-3.178015,-0.7346693,5.0997405,-0.8411983,1.1672034,-0.73588824,19.540789,-4.59093,5.140442,-2.8913655
TCGA-RU-A8FL-01,7.132839,-2.051535,4.2244773,-8.311879,1.4517107,-3.81069,-1.903572,2.9756656,-1.9754474,2.3444302,0.6414641,-6.0285063,0.123545446,9.754596,0.39105535
TCGA-CM-6678-01,16.225405,-9.501921,-3.3765256,-11.737891,0.9268682,-3.7838564,-1.335395,4.28543,-1.1037314,1.398833,-0.10806224,25.147701,-1.023504,-2.3168342,-15.9226055
TCGA-A6-6649-01,22.098185,-15.368201,8.624228,-11.233128,0.41813558,-3.5321765,-1.3750138,3.5039518,-0.43290067,1.4277507,-0.0047862725,8.3474,-4.83507,4.255597,-1.0141081
TCGA-A6-5665-01,12.3011675,-7.656439,24.369768,-6.9678555,2.0581923,-1.9350165,-0.98091036,4.64272,-1.6272035,0.8833351,-1.1130581,34.042862,-9.679189,4.6374416,-7.9762745
TCGA-DM-A0XF-01,14.9399605,-9.771223,-6.292192,-11.482468,1.0704359,-4.695564,-1.4721286,4.694593,-1.7430718,1.8094205,0.11290104,5.6237125,-0.093643986,0.5027001,-9.781457
TCGA-F4-6855-01,19.564625,-15.275817,-6.212263,-12.606651,0.50760865,-3.8017917,-2.026451,2.6781805,-1.1205475,2.1575048,0.4186559,17.79757,-5.1389813,-0.56296206,-12.163736
TCGA-QG-A5Z2-01,14.269788,-8.027483,22.041216,-8.388487,2.2376947,-2.5985732,-1.2910959,2.6184278,-1.8206444,1.6691129,0.16831489,13.676438,-12.342773,9.085939,3.450706
TCGA-AA-3489-01,24.51781,-20.1588,-11.359892,-13.429043,0.7090734,-3.3538632,-1.7124299,3.5355263,-0.7418913,1.4657477,-0.1439924,-15.994286,-2.9581704,10.289079,10.026784
TCGA-A6-5662-01,16.757359,-11.633247,-12.691217,-12.871908,0.9573709,-2.617206,-0.6577643,2.639872,-0.7725492,0.957795,0.22252399,-17.882841,4.1990514,-0.29180264,6.9185967
TCGA-DM-A1D6-01,10.895195,-5.236736,12.665098,-8.486345,0.48636028,-3.855241,-1.6420271,3.401131,-0.8354824,1.6642375,0.17891228,-11.632028,-9.279916,8.985566,4.3684797
TCGA-AY-A69D-01,15.4875345,-9.051683,4.6600494,-10.064174,1.305302,-3.979849,-2.252036,3.306838,-2.4670696,2.447772,0.09356815,22.400204,-2.307166,9.400037,-1.797362
TCGA-D5-6898-01,20.144955,-15.32704,-12.788347,-12.56592,0.11659056,-4.1464815,-2.1015282,2.685219,-1.5182153,2.48468,0.49212897,4.2745986,3.1047106,-0.1405065,-9.530015
TCGA-D5-6530-01,15.290212,-10.21884,19.832321,-8.650634,1.809967,-2.1762106,-1.1223724,4.328722,-1.164354,1.1089357,-0.9418271,-5.935831,0.9596477,3.0921662,2.0602713
TCGA-DM-A28A-01,15.654973,-10.455777,-4.1937304,-11.926552,1.4047482,-3.2041802,-0.85861427,3.8145468,-1.7891732,1.3562449,-0.07690283,1.115322,-6.6112046,12.129805,13.637312
TCGA-D5-6532-01,12.338295,-6.3340755,-1.9835339,-10.1483555,1.7734585,-3.4157085,-1.2485924,4.1000595,-1.5525209,1.2770011,0.016411414,-1.9424797,3.4821908,7.1081033,2.419253
TCGA-F4-6703-01,25.499546,-22.583294,-0.7221911,-11.538565,0.3271864,-2.6849434,-1.8392276,3.3446107,0.2310823,1.2985783,-0.4909817,-26.347534,-2.586998,12.93288,9.837412
TCGA-DM-A1D0-01,10.402608,-4.2866983,-1.2638979,-10.093168,1.2047377,-4.242247,-1.0347216,4.2444386,-1.697634,1.7800748,0.26628777,-0.8408538,9.003842,3.991503,-12.331933
TCGA-D5-6929-01,18.454773,-12.975856,-8.655985,-12.510685,1.1574755,-3.5975409,-0.71805096,4.0412655,-1.9679543,1.4986868,-0.11611936,3.660488,0.14382496,0.45497346,-6.066053
TCGA-F4-6704-01,23.86758,-19.11585,-6.8950715,-12.525125,-0.0012499858,-3.2547626,-2.011315,2.261214,-0.33312562,1.662278,0.13310592,-22.15994,1.5980134,0.72088265,1.9978591
TCGA-D5-7000-01,17.254147,-12.4468,11.480045,-9.734833,0.90210617,-3.6574256,-1.8363404,3.134289,-1.3778963,1.9551997,0.21381918,29.540756,-3.811234,7.7857265,-7.9425454
TCGA-G4-6317-02,11.432735,-5.7933364,-1.97068,-10.104597,1.3324054,-3.377128,-1.0131484,3.2793438,-2.3965216,1.9304752,0.16865045,0.50023544,17.136042,9.063173,-16.670033
TCGA-CM-6165-01,19.134056,-13.560706,-7.930653,-12.204304,1.2093366,-3.0485172,-1.1852052,3.2535203,-1.315486,1.2350606,0.10272801,-10.733633,-2.8539712,11.560826,4.3956494
TCGA-AZ-5403-01,17.953176,-12.211821,-6.396172,-11.871689,1.0942414,-3.0042093,-1.0194645,3.4846966,-1.4051298,1.1311047,-0.11563965,-29.287928,-5.024019,7.3907757,11.037991
TCGA-AY-A8YK-01,15.250446,-7.892084,-0.3025688,-10.603591,0.8995024,-4.860026,-2.0785148,3.184058,-1.961225,2.9831293,0.72068053,-31.94236,-1.5274248,5.838748,5.6954384
TCGA-A6-6653-01,14.162136,-9.536128,18.9806,-8.040257,1.6574069,-2.4529262,-0.8359142,4.957771,-1.931507,1.3620168,-1.3146602,23.394854,-9.468411,5.998473,-2.1203942
TCGA-G4-6586-01,10.819965,-6.4472184,22.228952,-6.8612037,1.7329522,-2.5095885,-1.3148658,4.732781,-1.5272076,1.5952002,-1.2279574,36.459637,-7.4561787,3.7798188,-9.0309925
TCGA-AD-6890-01,15.20184,-9.018161,2.6821527,-10.431999,0.64317924,-4.2652545,-1.9938639,3.6437109,-2.0263426,2.2916794,0.15738675,-19.655674,-2.3056214,12.436681,6.5104566
TCGA-A6-5667-01,17.747778,-12.5755,-12.926414,-12.535856,0.9957334,-2.9551136,-1.0121586,3.0167806,-1.2430668,1.1955645,0.12490205,7.3508515,4.196461,-5.6601005,-9.962699
TCGA-G4-6293-01,16.83006,-10.20584,4.7339344,-10.257265,1.8563551,-2.774637,-0.44626456,4.338065,-1.7572765,0.94153965,-0.47231612,30.952452,10.665215,-7.355526,-23.662525
TCGA-AA-3712-01,16.141453,-10.119481,3.356029,-10.541412,1.7189134,-3.4060214,-1.027624,4.2278204,-1.8327593,1.2531521,-0.19819394,-21.842093,0.32536295,13.883218,5.306858
TCGA-AZ-4616-01,16.545074,-11.433297,6.3634,-10.144884,1.4574856,-2.53813,-0.95955,4.206975,-0.7862199,0.9137639,-0.57053304,25.306076,0.771342,0.13624597,-16.411123
TCGA-G4-6323-01,15.840843,-8.608563,14.425121,-9.678484,1.6344949,-3.2035637,-0.9161571,4.3929496,-1.4336097,1.155167,-0.29178822,6.573559,0.22011235,8.819657,-4.442129
TCGA-DM-A282-01,13.870112,-7.6691523,-7.4582005,-12.034446,1.8150085,-3.6066778,-0.2347381,4.6718035,-2.003707,0.9230114,-0.029113442,19.333126,-5.1839747,-4.4063935,-14.440825
TCGA-DM-A1D8-01,12.2160015,-7.5347204,2.0437632,-10.349991,1.1184713,-3.784274,-1.9244372,3.492128,-1.5976413,1.8694019,0.19846264,32.147373,-1.1086226,8.341201,-6.699151
TCGA-NH-A5IV-01,16.570236,-12.703005,7.8132772,-9.836998,1.448473,-4.3033504,-2.6483557,2.807893,-2.3411853,2.8643475,0.30093643,21.27213,-3.8476622,4.2077923,-10.051994
TCGA-AD-6901-01,21.649487,-17.17488,-11.245275,-13.29224,0.4400831,-3.8092396,-1.91208,2.920619,-1.4818151,2.0844743,0.28862038,1.2496499,-3.5876107,9.642433,2.089006
TCGA-CK-6748-01,19.805218,-15.322732,-12.799384,-13.133541,0.29763663,-3.8361058,-1.2159929,3.2345939,-0.9199563,1.7864618,0.23405164,9.007871,15.904122,-5.3567634,-21.9564
TCGA-A6-6141-01,17.749008,-11.326888,6.984412,-10.584402,0.50726324,-4.081644,-2.3485394,3.3580525,-0.8191711,2.0521383,0.2610906,-12.566101,-8.45662,7.573649,2.920297
TCGA-3L-AA1B-01,20.162659,-13.163611,-8.5675535,-13.014715,0.16883636,-4.0035233,-2.1573718,2.1890824,-0.42483383,2.4174724,0.74986076,15.158003,-2.9671216,5.339721,-4.5351796
TCGA-AA-3496-01,18.99815,-14.189727,-1.95769,-11.777035,1.1792703,-3.3440235,-0.80934364,4.517014,-0.45412904,1.1265274,-0.35011485,30.116592,8.191634,-1.1649165,-11.854701
TCGA-CM-6170-01,17.222178,-12.279691,-7.35051,-12.114286,1.4195677,-2.7794182,-0.9490437,3.2736726,-1.5257314,1.2171539,0.0023268126,4.408407,2.330585,1.1767032,-9.88943
TCGA-AU-3779-01,18.762272,-13.621897,-4.9855256,-12.566975,1.475345,-3.4190931,-1.3387818,3.867523,-1.5316588,1.5365365,-0.004984488,9.224306,8.691995,-1.6931741,-20.508537
TCGA-G4-6315-01,12.117948,-5.0355005,4.8231573,-9.119724,2.131602,-3.256418,-0.78727573,4.8466415,-2.098041,0.8046583,-0.42646366,-11.43425,-1.7729328,10.430659,8.000196
TCGA-A6-5659-01,16.622482,-11.1783495,-8.45613,-11.773302,1.201303,-3.439908,-0.9321088,3.6405401,-1.6549083,1.395134,0.11765862,18.435394,-2.5855284,11.069622,3.228307
TCGA-D5-6537-01,11.944542,-6.3274846,4.459373,-9.285581,2.693632,-2.6772366,-0.63303983,4.749249,-2.439396,0.7177707,-0.49758583,-2.7329476,-2.159644,6.6920033,6.3260074
TCGA-AA-3663-01,12.940341,-8.55679,20.4423,-7.417214,2.6096177,-1.3647652,-0.47337067,4.805188,-1.5813854,0.6175189,-1.2605524,13.529663,4.752184,12.349271,-0.33563888
TCGA-D5-6529-01,19.994532,-15.338401,1.3458973,-11.537983,1.2624254,-3.5749705,-1.4780588,4.0496635,-1.4875523,1.5619717,-0.09887028,0.17897213,1.0793486,7.088645,7.4432592
TCGA-D5-6927-01,18.008787,-13.996403,10.141979,-10.069841,0.9768158,-3.4377267,-1.9809908,3.2368832,-1.5648994,1.8926977,-0.04089368,-17.869818,-5.0911775,13.898423,7.5322537
TCGA-A6-A565-01,23.231506,-16.781492,4.303911,-11.683458,1.3533515,-3.5551896,-2.2147696,2.648211,-1.6011901,2.3090532,0.10918053,-5.182886,-4.4959307,7.197148,-3.9334936
TCGA-A6-2675-01,21.502592,-15.436222,-4.3901515,-11.987676,1.5686716,-3.0202527,-1.0153631,3.7316477,-1.5860498,1.0873057,-0.04995264,-25.80071,-2.2338266,5.8675165,2.9101074
TCGA-G4-6306-01,10.795643,-3.5238948,10.629413,-7.7790513,2.4221077,-3.533677,-1.2438903,5.104017,-2.5953777,1.6092623,-0.5332198,-2.2130525,2.5685182,5.1699257,2.659569
TCGA-G4-6320-01,12.58675,-6.040315,17.539736,-8.351466,1.7904869,-3.076037,-1.0993505,4.233279,-1.4775034,1.0730578,-0.24137855,20.54453,-5.6574883,6.3102293,1.074224
TCGA-DM-A28K-01,11.570709,-5.3475976,23.868967,-7.1354256,1.273806,-3.436381,-0.943415,4.3982706,-1.3517766,1.8066698,-0.5657463,1.7502183,-11.774887,6.554054,7.7177296
TCGA-A6-2671-11,22.686317,-15.698623,-4.4910645,-11.410458,-1.411646,-3.8692415,-0.9780334,0.58546317,0.2793469,0.30211002,1.3525106,-28.449404,-4.6698337,10.159261,9.772811
TCGA-AZ-6600-01,19.971844,-13.765528,5.9230337,-10.692008,1.2481658,-3.3945036,-1.3454232,3.6269355,-1.3915267,1.6575211,0.0005393326,-4.1481915,-5.210839,11.296514,5.8485036
TCGA-D5-6926-01,19.636753,-15.577666,-10.463861,-13.139256,0.4834924,-3.8291175,-1.3858767,2.8531797,-1.2490871,2.0538182,0.45589027,-8.411684,-1.5117648,8.30946,-0.1682893
TCGA-AD-6964-01,21.876518,-18.049246,1.7751876,-11.122727,0.74852455,-3.9794044,-1.6143166,3.156885,-0.048516445,1.8544776,0.54817843,-19.32452,0.6520638,13.095739,13.80288
TCGA-5M-AATE-01,13.971206,-8.050588,-3.93621,-11.281658,1.1254,-5.1318274,-2.8544197,2.1636562,-1.611237,3.6685467,1.4835045,-15.361683,-0.5898499,7.6969566,10.001907
TCGA-CK-5915-01,10.032488,-4.395824,2.0121338,-8.857871,2.7783794,-2.0060234,0.6814139,5.5279436,-2.892216,0.10031515,-1.1959281,9.450185,-6.364411,8.778138,0.030285232
TCGA-D5-6922-01,20.593163,-15.429122,-11.61012,-12.691868,-0.2532321,-4.1742454,-1.8266444,2.5605748,-1.2973459,2.296326,0.50061214,-15.825358,-0.20268938,5.8038416,-2.4561439
TCGA-G4-6321-01,14.862048,-7.544909,20.208925,-7.7097945,1.749125,-2.3600879,-0.9039851,4.5140305,-1.3265905,0.72816783,-0.7847623,29.017109,-8.66017,3.4557989,-7.6023426
TCGA-A6-A5ZU-01,18.402435,-13.9602165,-8.307192,-12.498219,0.8042145,-4.542577,-1.5717465,2.529642,-0.54644364,2.3920882,1.2602619,-10.910409,-5.068936,0.78860784,-2.0886457
TCGA-F4-6463-01,21.759295,-15.530856,-10.104003,-12.678078,0.49662971,-3.946299,-0.8917533,4.284873,-0.37334198,1.0792444,-0.017635405,-8.830306,-3.1816113,-2.4220335,-1.531628
TCGA-F4-6570-01,18.75976,-16.253376,8.820385,-10.558721,1.1276307,-3.3226006,-1.4050201,3.9152436,-1.1491823,1.5387291,-0.28727853,38.077087,-0.4629781,1.4530512,-11.955793
TCGA-G4-6317-01,9.335601,-3.818904,-1.6608369,-9.314758,1.7840582,-3.310695,-0.878999,4.46974,-2.0494056,1.1184921,-0.2208636,6.5899954,-0.09007295,-3.845053,-10.704805
TCGA-SS-A7HO-01,13.842082,-8.162034,-4.0075517,-10.460262,1.642475,-4.0091457,-0.7130965,4.1942697,-1.1072123,1.734851,0.402407,7.822445,4.3592114,0.96138215,-8.490033
TCGA-4T-AA8H-01,10.858698,-3.7915351,15.547143,-7.8578205,0.9872617,-4.367867,-1.8032265,2.850478,-1.105409,2.8142104,0.6628217,23.620987,-1.6356635,5.5509434,-12.493734
TCGA-CM-6162-01,24.084442,-19.479904,-0.54877806,-11.879156,1.1281023,-2.9506314,-1.6882488,3.7672431,-0.77323437,1.089743,-0.31830862,-0.038329728,5.7967544,4.1355176,-11.737301
TCGA-DM-A1D4-01,9.71492,-3.4038405,12.376115,-8.397696,1.4968657,-3.5499704,-1.4130186,4.3725576,-2.0215921,1.4907191,-0.34163603,14.308866,-0.031489335,9.869554,-1.9807136
TCGA-QG-A5YV-01,13.554939,-6.7318892,3.7640042,-9.901641,1.8265051,-3.8251326,-0.7088999,3.7978585,-2.244593,2.0850341,0.298327,15.556122,-7.3938417,3.2560604,-9.51924
TCGA-CA-5796-01,12.479225,-6.6757674,21.498453,-7.4940343,1.9764924,-1.4683667,-0.32747948,3.5863078,-1.1968343,0.6814983,-0.6800379,18.890533,-4.1011014,4.12646,-11.477214
TCGA-G4-6626-01,12.42861,-6.744042,2.432732,-9.818137,1.9702188,-3.4670234,-1.2283542,4.929473,-2.2410269,1.4245718,-0.5160849,-15.55687,0.945401,4.6786046,0.4076954
