,2,3,8,9,15,21,22,26,1,7,9,10,11,12,18,20,21,23,26,28,1,6,13,18,25
TCGA-AB-2872-03,-10.277864,-6.059702,-5.9916415,9.113289,0.480606,11.114034,4.862017,-11.096788,8.251736,-3.2518752,0.3242237,3.3694413,0.99549264,0.24844612,-7.5902824,-4.7666063,-5.0133567,-0.88086784,-4.378672,3.1639674,21.16722,17.220552,29.218206,-7.330557,28.259354
TCGA-AB-2812-03,-12.467277,-8.480286,13.819013,18.564398,24.918669,18.92592,39.777424,-21.692295,2.1956823,-3.8386645,-1.8173358,-1.216862,1.6119784,1.9881923,-2.2045798,-0.44984615,-1.5880432,2.1471982,-0.4298611,0.81888264,34.709385,-16.366972,19.336071,-2.4447105,-30.080889
TCGA-AB-2919-03,-12.463311,-8.04073,8.144044,16.130468,18.707773,17.218262,29.853168,-19.288198,2.1298747,-3.427793,-1.769314,-1.2517052,1.5854424,1.9827842,-1.9497514,-0.11091079,-1.3947519,2.1746285,-0.46391577,0.85152316,10.908347,-12.364078,0.8905929,-13.7179165,-0.9114969
TCGA-AB-2836-03,-15.490097,-10.53943,13.206234,21.014061,24.806166,21.176859,43.56805,-24.206629,2.020344,-4.194336,-1.8232688,-1.0921823,1.6964679,2.164203,-2.4705296,-1.0728687,-1.6155965,2.4039423,-1.1415732,0.04335904,21.31839,-8.327256,20.167702,3.187275,-23.555958
TCGA-AB-2983-03,-13.106665,-8.21435,-0.38828212,13.545245,7.853464,14.902918,17.790897,-16.178308,3.8783703,-5.7086163,-2.200433,-0.4789998,1.7786407,2.3114827,-4.419285,-2.8062265,-2.6423197,2.4608746,-2.6811125,0.47865692,4.647764,10.846244,8.712791,13.374761,12.388025
TCGA-AB-2843-03,-12.778451,-7.994995,-1.1269605,13.0195055,7.1197324,14.391322,16.521034,-15.394526,4.70122,-5.6424065,-2.0111048,0.12017025,1.5669681,2.1258566,-4.9575324,-3.2970924,-2.8372312,1.8415594,-3.0488179,1.156043,0.36366996,6.5323763,9.58736,11.185805,31.620241
TCGA-AB-2978-03,-12.112609,-7.521691,-6.89008,10.3987875,-0.84497774,12.516207,6.30101,-12.422667,5.3673587,-5.8281527,-2.1868112,-0.09584723,1.6645112,1.3524922,-5.542189,-3.2192006,-3.7340038,2.1275804,-3.0518847,1.4361237,3.3790042,1.3008544,-4.7857437,9.230414,20.38085
TCGA-AB-2909-03,-10.498549,-6.3375487,0.29970354,11.610567,9.874366,12.783265,15.786114,-13.919138,3.1088,-3.369537,-0.56831425,0.8154878,0.84017503,1.7250428,-3.6224556,-2.9292731,-2.8841534,0.6632452,-2.9622972,0.05227065,11.184108,11.098692,21.947777,18.70796,43.311836
TCGA-AB-2882-03,-11.583406,-6.714462,-12.100489,7.6738863,-8.17352,10.440418,-4.06569,-9.241778,4.9114437,-6.0563803,-2.3009224,-0.18507168,1.7648991,2.0758467,-5.172953,-3.0678358,-3.110757,2.2155917,-2.6728408,1.2363081,13.437569,13.304894,4.3807745,4.465529,10.526465
TCGA-AB-2845-03,-11.3066,-6.948539,-0.6753527,11.913415,7.6726995,13.147831,15.356283,-14.291448,4.4273834,-4.632289,-1.1034923,0.75352454,1.2290664,1.9759226,-4.485047,-3.5260277,-2.9271605,1.1151155,-3.243729,0.9335171,13.507233,14.229325,10.395619,-3.3527083,21.181982
TCGA-AB-2877-03,-12.642381,-8.44105,11.947433,17.79865,23.02671,18.588497,36.0989,-20.923166,1.8598489,-3.064641,-2.0694592,-1.8171736,2.0859747,2.1402502,-1.3909894,0.76488173,-1.4188457,2.8498604,-0.4702372,0.5756329,16.223686,-23.603891,4.7857065,-9.895059,-3.749842
TCGA-AB-3012-03,-10.646645,-6.3788033,-7.2453985,8.958642,-1.3383995,11.049615,3.873839,-10.919297,8.304699,-4.078204,0.033266418,2.761603,1.1824586,0.33683905,-7.406245,-4.669589,-4.9818854,-0.40712786,-4.2952785,3.1135464,19.139376,18.199842,29.355452,-8.59287,25.596804
TCGA-AB-2851-03,-15.106544,-10.292626,12.801114,20.456123,24.301634,20.79863,42.10448,-23.756008,2.87066,-4.460661,-2.0042477,-0.9802538,1.7082579,1.9403803,-3.1504195,-1.1583333,-1.8700575,2.4341648,-1.3447944,0.5114825,25.913773,-2.596825,11.734584,0.2025096,-26.996117
TCGA-AB-2991-03,-11.147585,-6.691856,-5.529415,10.1335745,1.5081977,12.005853,7.2834682,-12.316883,7.963967,-4.6865897,-0.37663165,2.1219592,1.2362893,0.43745482,-7.3171215,-4.598034,-4.668793,0.26785943,-4.519927,2.6083326,28.906212,19.649944,22.174122,-13.094572,18.252779
TCGA-AB-2826-03,-13.643926,-9.265161,11.778855,18.694456,22.54232,18.963144,39.23766,-21.748266,1.9956466,-3.992822,-2.2628572,-1.6636444,2.1683347,2.4871917,-1.9189789,-0.30497715,-1.4696407,3.0832407,-1.2575176,-0.1146472,13.840356,-11.037331,1.3116387,-6.4906797,-11.427125
TCGA-AB-2969-03,-13.32113,-9.011377,11.345927,18.29702,21.995457,18.433672,38.388824,-21.267525,1.592218,-4.0718627,-1.732302,-1.1553046,1.8080777,2.2948344,-2.2363575,-1.1329026,-1.3152039,2.5919037,-1.4724206,-0.5596015,9.071976,-6.038246,12.094203,2.7458448,-14.283137
TCGA-AB-2817-03,-13.745937,-8.598957,-1.2576628,13.956107,7.1278925,15.286157,17.741695,-16.504892,3.9318795,-5.6003976,-1.9033114,-0.2635076,1.7106146,2.5366158,-4.2259502,-2.9725611,-2.7839773,2.1422856,-2.6199355,0.61177987,-4.631352,18.216864,3.3877912,10.434863,30.981977
TCGA-AB-2862-03,-11.4772625,-7.0404634,-1.3599124,12.188004,7.5400963,13.658452,14.353526,-14.6860485,3.4166873,-3.8950584,-1.2833449,0.31336188,1.0002213,1.1889622,-3.9853199,-2.8906357,-2.7235656,1.5455263,-3.0916011,0.21998633,26.125267,17.363981,20.312178,-12.123253,14.862191
TCGA-AB-2885-03,-12.009814,-7.323273,-2.960357,11.651465,5.1506658,13.481765,12.260986,-13.993103,5.2559724,-5.56735,-2.280905,-0.03158007,1.5944177,1.5028807,-5.353124,-2.8666966,-3.5541513,1.683777,-2.4093196,1.9539341,-3.124792,7.175805,5.649618,16.938839,28.525118
TCGA-AB-2821-03,-11.5759,-6.9075274,-8.9241085,8.915671,-3.6559868,11.339507,1.7776654,-10.787744,5.2572308,-5.4687204,-1.8697407,0.18935075,1.5763539,1.3492645,-5.296348,-3.2776394,-3.6309226,1.8057833,-2.9789796,1.3321131,-0.63101304,3.2694042,5.3017464,0.41333082,16.776625
TCGA-AB-2965-03,-15.004096,-10.302757,13.109028,20.519413,24.241865,20.694233,42.977783,-23.770487,3.0654318,-4.385763,-1.7731756,-0.9108322,1.7203048,1.5302763,-3.3106062,-1.3364311,-2.3963852,2.5784814,-1.6700028,0.256898,16.239141,-3.732772,12.948621,8.450396,-6.777017
TCGA-AB-2819-03,-10.678302,-6.480602,-2.8823903,10.565889,4.5534067,11.998461,11.296513,-12.640947,5.4154325,-5.3024607,-0.76626223,1.7052695,1.2678852,3.319165,-5.5370164,-4.366211,-2.4945812,0.7302399,-3.9464874,1.4620843,19.900677,16.573938,17.014523,13.646121,26.205091
TCGA-AB-2914-03,-12.059999,-7.5192037,2.4236994,13.792587,11.9797535,14.596794,22.22562,-16.294235,5.253977,-4.81766,-0.73259276,1.4284425,1.2288634,2.7182322,-4.977266,-3.6102796,-2.7607799,0.4780329,-2.8920445,1.8132995,26.42593,8.829801,16.370676,14.378579,22.414854
TCGA-AB-2867-03,-11.26183,-6.8511043,-0.29456794,11.900666,8.495608,13.208403,15.617284,-14.294695,5.011703,-4.8238773,-1.1492447,1.0581158,1.2663937,2.3144312,-4.9611235,-3.503696,-2.5191033,0.8184294,-2.983617,1.7097887,5.099144,9.152431,-1.7127064,-3.2438402,7.716988
TCGA-AB-2932-03,-14.564865,-9.9459915,12.787166,19.98455,23.687078,20.182552,41.685505,-23.118284,2.0184817,-4.4686503,-1.90638,-1.18765,1.8674523,2.4438717,-2.5689032,-1.1460667,-1.3421915,2.7000134,-1.4308553,-0.24939208,22.977526,-14.300456,21.807102,10.60056,-26.037138
TCGA-AB-2837-03,-14.619132,-9.925825,12.520939,19.881279,23.803707,20.224514,41.34833,-23.025942,1.5128826,-3.8183877,-1.9396747,-1.4299273,1.889203,2.3268223,-1.7503952,-0.4814073,-1.2249892,2.5988097,-0.93950427,-0.116901666,27.563318,-7.7165165,11.127242,-1.1974249,-32.111805
TCGA-AB-2948-03,-13.742569,-8.834687,-0.34794033,14.306701,7.3455186,15.575195,19.447495,-16.886185,3.26049,-5.146491,-2.322157,-0.84218866,1.8012843,1.8153045,-3.9144716,-2.090009,-2.725248,2.6785655,-2.1849642,0.19282493,-0.8398929,4.284009,4.3771086,5.183887,7.181639
TCGA-AB-2890-03,-12.254516,-7.5880513,-1.1997668,12.443204,7.3164577,13.773294,15.233757,-14.810175,3.937414,-5.670163,-1.5877447,0.18753268,1.6201103,3.1271474,-4.47997,-3.3682868,-2.044258,1.9777445,-3.1865416,0.54495734,0.51956224,15.655288,8.372958,9.5224495,24.01468
TCGA-AB-3005-03,-12.936538,-8.340931,2.9037094,14.736996,11.725786,15.815126,23.124985,-17.505634,3.1467853,-4.8885016,-2.176,-0.7049131,1.654113,1.962656,-3.8505592,-2.0794184,-2.1045,2.4912748,-2.3113465,0.20070383,3.2635145,8.196729,10.282863,3.6374164,7.419237
TCGA-AB-2879-03,-13.303912,-8.9328165,13.001927,19.004566,24.557241,19.908396,38.723446,-22.39028,2.3477187,-2.6540165,-1.3456433,-1.2277566,1.5629296,1.3664753,-1.8189723,0.31880477,-1.7513891,2.2432528,-0.6548565,0.91119826,23.117846,-16.275965,6.922532,-9.782635,-27.498274
TCGA-AB-2984-03,-11.391371,-7.3090663,7.3899117,14.808665,17.410828,15.818755,27.817753,-17.745123,2.0965183,-3.6844544,-1.859016,-1.3155494,1.6855518,1.9219878,-2.04483,-0.3162969,-1.7997719,2.326715,-0.5324803,0.66328156,7.78203,-8.447953,8.099666,-10.80326,8.01578
TCGA-AB-2910-03,-12.72761,-8.012262,1.0711735,13.866919,9.583829,15.208886,19.591393,-16.616058,2.9289694,-4.9928184,-1.7166836,-0.48788154,1.6387669,1.9232248,-3.8447924,-2.902182,-2.968811,2.656976,-3.3076007,-0.81747574,9.642988,-3.5199854,4.3130255,6.951752,7.3978524
TCGA-AB-2858-03,-10.496248,-6.320975,-3.4158707,10.253841,4.2757664,11.853804,9.454935,-12.37684,4.391997,-5.2424316,-1.0299616,0.9980768,1.0643072,3.90842,-4.6705847,-3.8555343,-1.8716978,0.9274327,-3.6283922,1.1846282,10.812863,16.939976,6.762123,5.707517,17.486704
TCGA-AB-2967-03,-15.137228,-10.263387,10.824242,19.795668,21.454046,20.246498,39.175716,-23.069736,2.375941,-5.200233,-2.2498052,-1.2710791,1.9514866,2.8113978,-2.979717,-1.4832306,-1.477115,2.7649426,-1.5000658,0.1258922,28.48411,-8.88533,27.65503,7.37948,-20.580006
TCGA-AB-2868-03,-11.921183,-7.252067,-7.120969,10.160111,-0.6205573,12.333792,5.447025,-12.166466,5.0369043,-5.4067297,-2.0925603,0.22808291,1.4759781,1.6627884,-5.1368575,-3.2289383,-3.4392626,1.5087076,-2.7950764,1.581758,-0.37382212,9.002404,7.469822,10.571514,22.82034
TCGA-AB-2929-03,-12.493054,-7.6531825,-2.6247563,12.202995,5.420013,13.918278,13.418607,-14.615865,5.4826207,-5.729699,-2.236561,0.2754386,1.6515689,2.0601122,-5.305763,-3.102206,-3.2772043,1.2029873,-2.222658,2.3621776,7.3994045,6.6123157,-0.62248045,19.336937,16.002596
TCGA-AB-2886-03,-10.270728,-6.0871425,-1.5505353,10.768939,7.184314,12.15533,12.387242,-13.000338,5.4156704,-3.7332895,-0.04524552,2.536222,0.25098723,3.0855453,-5.4877973,-4.3727207,-2.5442007,-0.6300941,-4.4457583,1.7197442,14.024531,22.312424,21.61838,10.934008,34.914078
TCGA-AB-2814-03,-10.012454,-5.7621627,-3.6101608,9.49533,3.9025223,11.224362,8.64817,-11.669531,4.436524,-4.663948,-1.7789949,0.21600504,1.3064827,1.6924658,-4.3199983,-2.5353227,-2.8063188,0.9993792,-1.7918671,1.8823997,8.825051,3.7389476,1.7775682,9.174051,19.050789
TCGA-AB-2863-03,-10.252843,-6.2269955,-2.3852432,10.297762,5.008073,11.676232,11.754339,-12.458153,3.3432946,-4.7040935,-1.8452431,-0.43842858,1.4579759,2.0191965,-3.5630083,-2.0406015,-2.672915,1.7491219,-1.5617545,0.9643865,3.9323454,8.898385,6.640529,-5.119131,21.589077
TCGA-AB-2963-03,-13.907713,-9.648753,13.409222,19.653538,24.181845,19.824764,42.264515,-22.712997,2.3828316,-3.9498503,-1.778217,-1.0087402,1.6126405,1.8863462,-2.6147327,-0.85496604,-1.6818808,2.2501369,-0.96973234,0.41079506,22.96171,-5.024138,21.754202,8.2598295,-27.22827
TCGA-AB-2860-03,-12.262947,-7.67232,-3.9430006,11.524492,3.1691875,13.258135,11.408823,-13.706945,4.269998,-5.890015,-2.5404453,-0.53864425,1.7845939,2.0537913,-4.7775803,-2.6783893,-3.0394223,2.440158,-2.423935,0.93955797,8.036319,9.318385,-0.21526185,12.177376,13.204602
TCGA-AB-2993-03,-14.534726,-9.908322,13.910099,20.342003,25.231396,20.91368,42.481052,-23.784105,2.9795601,-3.7002888,-1.4989008,-0.8326307,1.5001913,1.3787072,-2.9332082,-0.80726916,-2.1297812,2.1377664,-1.11712,0.8125088,32.72912,-15.170907,19.678825,-5.6965394,-27.348272
TCGA-AB-2966-03,-8.693458,-4.9517403,-3.1566186,8.4257555,4.6182723,9.938879,7.2580194,-10.432536,4.1566114,-5.624339,-2.410149,-0.49453974,1.6704326,2.785489,-4.109943,-1.9693576,-1.9627657,1.6469603,-0.94286925,2.1375937,11.885631,-3.0244267,3.6055355,6.662045,26.04701
TCGA-AB-2874-03,-11.500332,-7.0936847,2.8598166,13.543002,12.377737,14.420333,21.857464,-16.063416,4.418176,-2.7973008,0.026129434,1.7267609,0.6665231,0.895049,-4.3426814,-3.205769,-3.0918713,0.07769856,-3.0254276,1.0400207,8.290529,-1.4159485,11.701765,-6.5744243,23.012753
TCGA-AB-2933-03,-14.545742,-9.38541,2.4862294,15.984999,11.686054,16.979847,25.636013,-18.801567,3.0368805,-5.4844527,-2.1325533,-0.8312332,1.8346819,3.126674,-3.5389273,-1.9957289,-1.3826958,2.37987,-1.6535558,0.6878562,-5.6024513,2.1112926,6.476306,14.510894,24.590239
TCGA-AB-2959-03,-10.256476,-6.0231476,-4.9915843,9.167516,2.2279737,10.804536,6.343005,-11.021542,4.2901745,-5.747338,-1.9223156,0.15152115,1.5673298,2.825975,-4.760311,-3.3069358,-2.053071,1.9302392,-3.0984228,1.009936,-3.4989085,-1.2629974,3.8328767,2.481598,29.722815
TCGA-AB-2972-03,-10.954758,-6.7319865,-2.5320375,10.919778,5.0358815,12.660062,11.193372,-13.340166,3.1073525,-5.5669155,-2.637017,-1.1718361,1.9261882,2.8015413,-3.5891795,-1.4376347,-1.6197088,2.6049223,-1.1887811,0.90667766,17.193241,-9.574311,5.162841,7.187741,-21.325733
TCGA-AB-2987-03,-10.680478,-6.4529676,-7.9722557,8.350387,-2.828559,10.51147,2.2715802,-10.1586,2.8029723,-5.3800716,-2.1522646,-1.0658942,2.0272794,2.7197247,-3.415105,-1.7466053,-1.4930612,2.9320354,-1.8380833,-0.10769896,9.708687,-0.95227927,-1.293779,8.048852,2.733074
TCGA-AB-2973-03,-13.753604,-9.112563,7.064228,16.907694,16.913515,17.600195,31.234222,-19.938742,2.3587677,-4.7085214,-1.9878756,-1.0350032,1.8441521,2.5229123,-2.9904017,-1.422205,-1.263106,2.6853902,-1.660259,-0.16966458,19.088884,-4.9344044,4.844786,0.8535463,-26.418718
TCGA-AB-2931-03,-13.565488,-9.17216,13.566706,19.375265,25.020193,19.90147,40.699696,-22.614435,2.7734725,-3.6027124,-1.6735803,-1.1655935,1.6014502,1.6490277,-2.4264426,-0.26903993,-1.9683173,2.2979794,-0.72427154,0.9812462,14.699943,-13.739557,12.250827,1.0227456,-5.4662027
TCGA-AB-2897-03,-10.518041,-6.2428317,-4.2431445,10.055566,3.2670326,11.789677,8.192682,-12.206407,7.868392,-3.0557785,0.27817386,3.2839463,0.86346924,0.2085351,-7.249613,-4.5574427,-4.82593,-0.89546466,-4.1947746,3.0977154,27.885975,17.859236,19.64006,-16.881973,18.552141
TCGA-AB-2822-03,-9.47412,-5.488992,-3.1137674,9.185447,4.668607,10.74341,8.692433,-11.342138,3.5603755,-5.051369,-2.0032063,-0.51313204,1.5904438,2.5533814,-3.5452487,-1.8482604,-2.0432222,1.6171216,-0.97062916,1.6214639,2.3410926,10.363809,8.325568,-6.763894,19.315992
TCGA-AB-2998-03,-11.620352,-7.276743,4.2804995,14.255744,14.635205,15.225664,23.58041,-17.069265,3.9468496,-3.9454765,-1.06232,0.5501032,1.0367928,0.8843573,-4.3266244,-3.20836,-3.0282164,1.4916866,-3.45878,0.24258633,28.060051,21.737444,22.787615,-17.461111,18.900642
TCGA-AB-2840-03,-11.620801,-7.1062975,-0.19338036,12.559468,8.684851,13.858622,16.625763,-15.203285,7.9497595,-4.081748,-0.115542844,2.7710388,1.1321629,0.54466057,-7.3505073,-4.8897595,-4.771204,-0.28206128,-4.568965,2.7076385,17.925394,21.176119,29.133062,-14.916238,34.075302
TCGA-AB-2924-03,-14.230217,-9.69428,12.706146,19.87094,24.041182,20.062544,41.22366,-22.843428,1.7152197,-3.7954545,-1.8149942,-1.2611598,1.6841058,2.1389813,-1.969827,-0.5664451,-1.3730403,2.2852368,-0.6902958,0.2525923,24.349709,-3.6396024,20.315649,9.99442,-22.652786
TCGA-AB-3006-03,-13.390787,-8.7933035,7.8127985,17.136547,18.4359,17.871477,31.56206,-20.153494,3.4396305,-5.3321857,-2.505814,-0.97508526,1.6858274,2.2637792,-3.7237794,-1.5204127,-2.2511396,2.3684676,-1.1677828,1.1834869,9.986069,-0.46271914,11.523409,11.086559,-6.814135
TCGA-AB-2810-03,-13.156814,-8.809771,11.729614,18.204401,22.640238,18.869667,37.53433,-21.381256,2.2884316,-3.4974,-2.0098708,-1.5048234,1.9065574,2.0251925,-2.0067663,0.06663963,-1.8278751,2.6879997,-0.8185623,0.6349587,12.180618,-13.232144,1.9436781,-12.594443,-1.3974383
TCGA-AB-2842-03,-13.190672,-8.890779,9.939518,17.537882,19.873306,17.975315,35.6047,-20.475126,2.861279,-4.7164598,-1.7850362,-0.6193184,1.535326,2.0403569,-3.3970294,-2.065745,-2.5245166,2.1878207,-1.9806907,0.23144856,10.765873,7.172037,13.847032,20.773579,-13.896497
TCGA-AB-2889-03,-13.246025,-8.465649,4.151319,15.621288,14.239781,16.358814,26.725273,-18.424479,4.684088,-4.12664,-0.32613868,1.4203786,1.1025616,1.9732788,-4.664113,-3.6149912,-3.0169141,0.61146784,-3.3610253,0.9147708,14.355225,14.598387,13.609914,6.673729,34.170506
TCGA-AB-2908-03,-11.968806,-7.2866187,-7.3014035,10.097526,-1.2990984,12.314339,5.25047,-12.039829,4.3792276,-6.089973,-2.4294956,-0.4417069,1.8923216,2.4293666,-4.6989813,-2.9746351,-3.2765172,2.3100476,-2.4296405,0.9660828,-0.806157,10.935105,4.7815275,9.221105,27.10526
TCGA-AB-2841-03,-11.648488,-7.26056,1.9431967,13.51276,11.76883,14.591443,20.26614,-16.235846,7.79619,-4.646979,-0.46167508,2.226734,1.2028363,0.7540444,-7.298946,-4.683841,-4.4236703,0.19586967,-4.550129,2.666906,20.131407,19.033194,18.059235,-12.545564,18.447174
TCGA-AB-2964-03,-10.00856,-6.029266,-5.7428126,8.778844,0.27086478,10.630828,5.342929,-10.75213,3.4425983,-5.346479,-2.247572,-0.6628273,1.6869912,2.2254305,-3.896841,-2.3333085,-2.98214,2.2587292,-1.9833853,0.68020684,11.694351,2.2377498,2.3782253,-1.4024811,2.0008876
TCGA-AB-2920-03,-12.04667,-7.383777,-0.8524397,12.556884,8.043366,14.243118,15.42239,-15.137804,2.887842,-5.0674314,-2.2289658,-0.98390967,1.7257088,2.8799515,-3.1955116,-1.2947452,-0.9939141,2.164248,-0.88071,1.1777302,3.115857,0.22170526,7.091214,15.286307,14.9232435
TCGA-AB-2980-03,-9.933459,-5.8600035,-8.290077,7.765055,-3.298221,9.837256,0.96848375,-9.407252,8.016846,-4.879206,-0.56912977,1.9690309,1.3141426,0.5169163,-7.2432103,-4.5674105,-4.8014913,0.264978,-4.353503,2.7855117,9.542657,20.48882,16.232819,-10.811222,26.51088
TCGA-AB-2849-03,-9.9673195,-5.6006274,-10.538032,6.6096625,-6.2391214,9.173657,-3.4537256,-8.209584,3.6546855,-5.4203224,-2.4848382,-0.72959673,1.7500038,2.2490635,-4.2167506,-1.8843993,-2.2864053,2.3423846,-1.5781854,1.0437535,7.7544327,-3.51767,12.891809,5.4360085,36.95094
TCGA-AB-2834-03,-13.250355,-8.7623,5.9574337,16.08319,14.944578,16.540594,29.74051,-18.805744,3.2445612,-5.611665,-2.2998538,-0.87375146,1.8784114,2.5999925,-3.8471754,-2.0869231,-2.1915689,2.616439,-1.8904158,0.45585033,12.878287,-0.68303937,15.878655,1.4045124,14.121594
TCGA-AB-2937-03,-11.195512,-6.6768603,-0.08324129,12.263941,9.442643,13.440013,16.009464,-14.6407585,5.013121,-4.2863207,-0.43694687,1.9141101,0.3560148,3.6944668,-5.035801,-4.2158732,-2.2589524,-0.2267575,-4.2176013,1.5861943,13.592717,22.190485,11.428884,13.455946,22.837196
TCGA-AB-2816-03,-12.895602,-8.67644,11.788934,18.05086,22.880579,18.174398,37.954334,-20.892183,1.705165,-3.61164,-1.5233687,-1.0550597,1.6210071,1.8732975,-2.0515997,-0.7772286,-1.5552884,2.2198777,-0.94530696,-0.029250927,26.168167,-10.880992,9.41974,-6.7711654,-25.163343
TCGA-AB-2976-03,-13.595868,-9.228113,13.47962,19.447908,24.93585,19.861609,40.741497,-22.650373,2.2707748,-3.4483032,-1.4738076,-0.84889174,1.340971,1.6451772,-2.3336785,-0.71907246,-1.572792,1.9049027,-0.8100909,0.6456939,23.928074,-0.049517818,22.014996,9.0580435,-17.830065
TCGA-AB-2977-03,-14.154387,-9.179152,9.817265,18.535084,21.230267,19.059448,36.40577,-21.59339,2.403332,-4.3655114,-1.7323295,-0.7443635,1.4942439,2.068993,-2.9481382,-1.6988904,-2.0410335,2.1587992,-1.6961204,0.11237565,13.405254,-10.471288,1.7010275,-10.093675,5.579702
TCGA-AB-2869-03,-14.275522,-9.574584,11.999759,19.387346,23.518742,20.195393,38.348476,-22.717613,3.0028746,-4.2395926,-2.2248654,-1.3907145,1.726603,2.2809675,-2.6559618,-0.22645073,-1.6743152,2.4425683,-0.5981262,1.5243357,23.317886,-14.595538,10.494624,-5.0632267,-17.310762
TCGA-AB-2838-03,-12.915434,-8.111515,-5.188647,11.724111,1.2598791,13.547199,10.535433,-13.848952,4.2341876,-5.2412806,-1.9893005,-0.3366766,1.629822,1.5641979,-4.6939692,-2.4850707,-2.8344646,2.3595436,-2.4900746,0.6786443,2.8501315,5.5144644,6.263221,22.311968,11.921254
TCGA-AB-2830-03,-13.509007,-8.487825,0.14197242,14.201114,8.729868,15.5632105,18.713852,-16.858305,3.6265955,-5.4146714,-2.4695034,-0.7471793,1.6827749,1.9430068,-4.21184,-2.2381785,-2.7359653,2.5205293,-2.166381,0.5458003,6.268509,13.93427,-1.3023962,-1.2805858,9.87238
TCGA-AB-2884-03,-14.651601,-9.869061,11.844869,19.547333,23.249342,20.094988,39.638958,-22.867262,2.539226,-5.0779505,-2.31609,-1.2853097,1.941433,2.6919587,-2.9931047,-1.1642872,-1.407356,2.7388785,-1.2318652,0.3338661,15.078504,-2.4205868,7.1096306,-2.751233,-16.0362
TCGA-AB-3001-03,-11.217243,-6.720493,-7.9351377,9.27066,-1.9310224,11.459107,3.0479662,-11.221479,7.7850947,-4.9133043,-0.50182295,1.874364,1.2519915,0.5159863,-7.181075,-4.5383654,-4.52508,0.5536638,-4.5902343,2.4240012,21.524952,13.237892,16.695671,-4.839674,17.160105
TCGA-AB-2955-03,-8.886256,-5.148171,-1.0068805,9.405134,7.0614233,10.647654,11.398238,-11.543535,3.2307532,-3.7444043,-1.1069721,0.3330775,0.939576,1.6545587,-3.3763027,-2.7024732,-2.9153512,0.90144515,-2.4550703,0.60729253,12.034636,7.20463,11.365028,-0.7950211,22.69424
TCGA-AB-3011-03,-12.495645,-8.08093,7.267012,15.6879425,17.20752,16.823578,28.2207,-18.813538,2.0224938,-3.2020867,-1.7668971,-1.414755,1.7211641,2.0161119,-1.6895565,0.1568502,-1.3685142,2.4405258,-0.6591638,0.62933266,23.71088,0.40001088,23.30853,-1.1655269,-18.823147
TCGA-AB-2820-03,-11.734978,-7.187272,-1.4354954,11.8098955,7.1482444,13.485107,13.952793,-14.414518,4.1817346,-5.539597,-2.0553925,-0.2465753,1.6200496,2.7949173,-4.4082713,-2.1210604,-1.3825248,1.8324944,-1.6467209,1.6872505,-4.178755,11.977275,5.0821977,18.857162,27.686043
TCGA-AB-2942-03,-12.28029,-7.751905,3.2813864,14.327493,13.173105,15.15552,23.661705,-16.951235,4.4181046,-4.3279514,-0.6269919,1.1064065,1.1652774,2.1917129,-4.452881,-3.5154798,-2.9909143,0.7134105,-3.2143888,0.91704065,25.873886,6.641018,11.802947,5.5777097,32.562916
TCGA-AB-2854-03,-10.925568,-6.5697227,-7.5662875,8.862156,-2.2794065,10.923142,3.2989068,-10.661084,3.965695,-6.308268,-2.2936215,-0.578484,2.0094807,3.0785785,-4.3992076,-3.0389118,-2.525264,2.5732918,-2.6827126,0.5244317,0.43275687,7.527672,-3.1468887,4.284393,20.051603
TCGA-AB-2949-03,-13.617271,-8.60354,0.3602454,14.423955,9.10486,15.624904,20.476158,-17.05884,4.436299,-4.2893367,-1.2351135,0.12204334,1.2516949,1.0326731,-4.4006796,-2.0830898,-2.6338406,1.4865828,-1.8599449,1.4746815,-2.475805,9.029247,5.7685003,16.17346,30.757967
TCGA-AB-2992-03,-12.173804,-7.5298104,-7.1149445,10.2834015,-1.529176,12.441549,5.873529,-12.278049,3.5023901,-4.630424,-2.0689723,-0.75967973,1.6570536,1.5865711,-3.8579578,-1.568856,-2.5870533,2.4225533,-1.8348062,0.6811028,1.0914263,6.722396,-2.076447,-10.678113,13.498191
TCGA-AB-2950-03,-10.424183,-6.217935,-4.3642974,9.818893,2.748193,11.572669,8.136936,-11.952091,4.665762,-5.892812,-1.2107476,0.8977552,1.5005224,3.6786067,-5.021349,-4.276482,-2.5133762,1.3533558,-4.000338,0.7890969,19.308086,20.091213,17.150179,7.849473,27.528059
TCGA-AB-2927-03,-12.533995,-7.5439763,-7.139861,10.566595,-0.7202169,12.742976,5.573012,-12.584711,4.015902,-5.8156266,-2.0838294,-0.31044734,1.6961532,2.457908,-4.5897813,-2.9495041,-2.4731202,2.4396865,-2.9042041,0.52357745,1.8731954,10.786353,-0.2837111,12.961964,16.442455
TCGA-AB-2925-03,-14.925764,-10.151579,12.853115,20.447645,23.895975,20.64745,42.522476,-23.61858,2.1023347,-4.7736955,-2.026978,-1.2436842,1.9469465,2.5926528,-2.7201371,-1.3073603,-1.3883706,2.7980158,-1.495615,-0.20634195,12.200897,-8.275469,10.466569,7.3944936,-7.4187965
TCGA-AB-2833-03,-12.215346,-7.7030973,2.7658877,13.854918,11.856765,14.541376,23.035633,-16.29892,3.60351,-5.6606045,-1.7257395,-0.35574418,1.790358,3.3337867,-3.8825831,-2.5669172,-1.4448336,2.097528,-2.1128988,0.8268155,-5.71722,6.5666933,6.031493,15.349673,31.286932
TCGA-AB-2844-03,-13.578847,-9.059135,9.304354,17.756172,19.561563,18.180222,34.77045,-20.680798,3.117573,-5.0702415,-1.6541138,-0.66853815,1.6856635,2.525829,-3.3020785,-2.0323553,-2.1092992,2.195012,-1.6469536,0.48619047,19.369913,-2.2222645,20.079937,6.8247676,6.690559
TCGA-AB-2873-03,-12.529332,-7.965551,-2.9356918,12.108201,4.0453577,13.771621,13.459227,-14.535181,2.7777514,-4.9419303,-2.0177782,-0.8291311,1.7523417,2.18525,-3.4753642,-1.9831675,-1.936664,2.705611,-2.236687,-0.23878703,4.0489116,-1.1187699,-4.1384974,3.80788,9.041171
TCGA-AB-2888-03,-12.991942,-8.268715,3.452975,15.007171,13.269801,15.823186,24.572247,-17.650404,4.266948,-4.162628,-0.82584417,0.9485729,1.0611945,1.889754,-4.3820405,-3.2008212,-2.2875571,0.92682534,-2.9430256,1.0826768,10.183801,11.468139,17.798813,5.2731605,33.688614
TCGA-AB-2903-03,-12.908658,-8.663692,12.678496,18.408646,23.82492,19.1243,38.29677,-21.608301,1.89528,-3.3334284,-1.9756871,-1.5648016,1.9455727,2.1615536,-1.6550931,0.23898828,-1.4290768,2.69307,-0.63832986,0.41365975,15.50977,-20.828777,2.376318,-10.46621,-18.619009
TCGA-AB-2999-03,-10.489156,-6.26439,-6.6443286,9.148688,0.030692391,11.168579,4.253676,-11.110666,7.332521,-3.9433484,-0.2548165,2.3392704,1.025335,0.37160662,-6.7774224,-4.4662156,-4.580842,-0.081966996,-4.2615166,2.4871042,18.747377,24.586796,28.516594,-13.83458,30.220224
TCGA-AB-2848-03,-14.610058,-9.8721485,11.5879345,19.383036,22.609198,20.153002,39.006596,-22.743753,1.5842334,-3.2877355,-1.9069557,-1.4492048,1.9058858,2.2107458,-1.517814,-0.08522129,-1.0427221,2.5851102,-0.8957874,-0.066998035,14.428906,-14.92381,13.227189,2.6801767,-13.231002
TCGA-AB-2847-03,-12.657172,-7.754066,-5.542963,11.4223795,1.6110724,13.50631,8.819447,-13.666483,4.286386,-5.4382935,-2.1756387,-0.174409,1.586921,1.8190036,-4.7003293,-3.0446627,-3.1470783,2.122838,-2.872397,0.74907166,-2.7082028,6.829069,7.603023,22.057505,28.065443
TCGA-AB-2934-03,-14.805186,-9.780187,7.339916,18.116795,18.006174,18.768536,33.008617,-21.187944,2.745793,-4.8592896,-1.9996572,-1.0098723,1.7242539,2.5947568,-2.9371421,-1.2095355,-1.3662441,2.1889715,-0.7697466,0.9263556,-7.6775513,4.934911,1.0754665,6.048732,30.030706
TCGA-AB-2875-03,-11.223017,-6.8600597,-0.2122873,12.176775,8.869008,13.370286,15.835524,-14.519895,5.4459085,-4.011014,-0.22303917,2.4630914,0.3200682,3.2975361,-5.530301,-4.4567614,-2.4852853,-0.48226237,-4.4879513,1.755384,7.334778,21.228628,16.460987,8.469677,30.665358
TCGA-AB-2815-03,-13.555729,-8.697911,4.9969897,16.072168,14.714601,16.652107,28.51646,-18.879606,3.9021258,-4.8671465,-1.0403525,0.3342002,1.4194037,2.2293591,-4.130164,-3.345478,-3.1290348,1.6256654,-3.234244,0.12417109,11.637967,18.78525,17.819942,7.6718965,34.871235
TCGA-AB-2971-03,-16.021132,-10.810674,12.412608,21.020779,23.693571,21.681047,42.1657,-24.542845,2.0033479,-4.1411037,-2.5177424,-1.8873055,2.337129,2.8493671,-1.8093426,-0.009619222,-1.1954077,3.2595768,-1.0610261,0.062093973,10.092399,-7.3390336,-0.36429873,-14.153118,-5.8608813
TCGA-AB-2988-03,-13.122754,-8.848103,13.398209,19.01295,25.035135,19.370214,39.84267,-22.092873,2.9446862,-4.387273,-2.0361018,-0.97371805,1.5028473,2.0000007,-2.9787261,-0.9245778,-1.7749587,2.06995,-0.7155438,1.2027142,23.130482,-15.998652,6.9601007,-1.0482936,-25.380217
TCGA-AB-2808-03,-11.464569,-7.1518674,-0.9275198,11.962953,6.617793,13.091204,15.849888,-14.208933,4.331441,-5.2249274,-1.2235096,0.6247628,1.4132001,2.710603,-4.5638666,-3.7479622,-2.823957,1.3849074,-3.4900684,0.6363019,13.330705,8.495771,22.37158,0.31305453,25.576632
TCGA-AB-2986-03,-12.326912,-8.305341,13.187419,18.128763,24.418558,18.375628,38.544407,-20.96485,2.726651,-4.5896683,-2.1726909,-1.1856263,1.6654732,2.345509,-2.798337,-0.77826643,-1.4929273,2.2492707,-0.6156253,1.0745019,30.012415,-7.987153,13.374992,2.9990854,-27.927307
TCGA-AB-2839-03,-12.4437895,-8.361183,12.27824,17.775686,23.341482,18.406712,37.069798,-20.838547,2.2590616,-4.1446934,-1.843599,-1.1392374,1.6422224,2.1183994,-2.4497297,-0.80547374,-1.5994148,2.2457387,-0.7288166,0.5450844,34.30734,-14.3813,21.561981,2.375221,-17.365278
TCGA-AB-2911-03,-14.782768,-9.854664,8.9718685,18.569546,19.826889,19.23579,35.445534,-21.783659,2.6098785,-4.998949,-1.8089244,-0.84266615,1.7570504,2.7989838,-3.1589413,-1.8053336,-1.2246485,2.4910362,-1.7583953,0.033015594,24.763369,4.854201,12.199152,8.438011,-6.6488175
TCGA-AB-2856-03,-14.094802,-9.376089,10.4778385,18.8002,21.661613,19.10186,37.548023,-21.902475,2.76907,-4.2689443,-1.7174273,-0.77997947,1.6302965,1.6564889,-3.1551888,-1.5256771,-2.0754292,2.495689,-1.828744,-0.041393384,13.865752,-8.393746,17.062094,10.822973,-1.5947168
TCGA-AB-2823-03,-11.75196,-7.350105,4.303439,14.405143,14.574362,15.332109,24.30503,-17.221125,9.260834,-2.2461736,0.98788327,5.0899105,0.34545982,0.22546446,-8.263129,-5.6480145,-5.1477127,-2.1433818,-5.135725,3.943636,28.608204,24.332064,24.115892,-14.589422,21.52244
TCGA-AB-2901-03,-11.8826475,-7.3323317,1.9514711,13.503788,11.307772,14.496879,20.515709,-16.134264,3.934471,-5.050443,-1.579526,-0.0427364,1.499001,2.2146351,-4.0221405,-2.8006816,-2.9373147,1.6903371,-2.3390806,0.8881184,2.0990312,5.248064,6.626831,-6.65675,23.361732
TCGA-AB-2985-03,-14.413476,-9.627553,7.0358944,17.523348,16.754105,18.152243,32.56497,-20.619219,2.8280609,-5.097698,-2.0083525,-0.78155994,1.7505955,2.1510568,-3.6061044,-2.3162673,-2.610989,2.6535954,-2.4474368,-0.25098702,21.582937,1.4028957,8.600883,14.355994,-17.496115
TCGA-AB-2954-03,-12.890396,-8.1297245,4.3809295,15.239668,14.67265,16.048172,26.094917,-18.084942,4.239508,-4.498253,-1.0161506,0.65641665,1.304346,1.7519397,-4.3780107,-3.3671904,-3.3837373,1.1648736,-3.1720884,0.65264124,23.845713,5.614856,10.158183,19.087172,30.478975
TCGA-AB-2917-03,-12.355733,-7.627098,-3.2776701,11.790311,4.164058,13.529052,12.737583,-14.1129265,4.4676914,-5.2032914,-1.9761153,0.078304745,1.6007303,1.9718839,-4.581966,-3.0155373,-3.064041,1.4922744,-2.4606717,1.3792707,4.2239175,1.5599239,1.2434579,16.351482,18.1547
TCGA-AB-2895-03,-13.885241,-9.372886,13.536034,19.73291,25.294617,20.37704,40.82526,-23.079441,3.336382,-3.8814597,-1.6176381,-0.89004606,1.4409423,1.484903,-3.0431354,-0.6090853,-2.0876853,2.0142195,-0.7820586,1.4945542,24.710794,-23.176676,1.3562614,-3.4518366,-5.8393865
TCGA-AB-2811-03,-13.5279665,-9.111514,12.649432,19.032843,24.008318,19.374508,39.390614,-22.095379,2.3918903,-4.8102736,-2.2008326,-1.2927847,1.8991094,2.6178164,-2.775264,-1.0034473,-1.3212743,2.663648,-1.0897776,0.33201167,18.012543,-8.521548,21.255037,8.33671,-4.7570157
TCGA-AB-2913-03,-12.826999,-8.526379,12.109463,18.12303,23.424433,18.90915,36.70974,-21.327394,2.3966517,-4.264763,-2.0525224,-1.1634253,1.6175609,2.2404559,-2.5234487,-0.76324904,-1.4838798,2.1214983,-0.55041295,0.9746187,20.587605,-18.098286,21.439127,1.9608982,-7.371196
TCGA-AB-2904-03,-11.354556,-6.8255963,-6.352494,9.814976,0.5297009,11.953184,5.6870756,-11.859256,3.886571,-6.360004,-2.5675573,-0.77695376,2.014506,3.5374002,-4.1237226,-2.2860365,-1.7145103,2.2652407,-1.4810046,1.5672646,-2.681241,10.366723,5.388007,18.557587,27.23583
TCGA-AB-2832-03,-11.4115305,-7.389308,5.398976,14.26348,15.023114,15.317939,24.35501,-17.17488,2.3680742,-4.6590157,-1.7668709,-0.671868,1.5265795,2.728998,-3.0547502,-1.8590658,-1.0392127,2.1740534,-1.9002588,0.11283299,9.789044,1.5796096,1.1311917,10.52461,1.1012414
TCGA-AB-2956-03,-14.119103,-9.431235,8.693035,17.977472,19.414711,18.791212,33.984188,-21.267399,2.3738568,-4.56753,-1.6638093,-0.57355237,1.5622412,2.0128589,-3.3560226,-2.5492032,-2.5653641,2.4140632,-2.8958657,-0.80226356,0.4558886,3.5024002,8.13696,12.075352,6.6685867
TCGA-AB-2979-03,-10.229852,-6.0550113,-3.5204031,9.910893,4.023906,11.253334,9.438556,-11.9218445,4.215467,-5.221135,-1.478324,0.4487419,1.3117604,2.9419549,-4.284262,-3.4394035,-2.320163,1.1916156,-2.956491,1.1718518,14.083934,9.064286,10.281524,-0.289202,17.4829
TCGA-AB-2881-03,-12.934557,-8.116017,3.157699,14.841237,13.058891,15.8190565,23.900097,-17.584183,4.856617,-4.4669266,-0.65155685,1.428128,0.99882185,2.892216,-4.6386714,-3.471681,-1.9614955,0.41406155,-2.8348958,1.7658062,20.2068,6.377669,8.92294,4.128722,28.286856
TCGA-AB-2941-03,-10.0915165,-5.714386,-9.938203,7.0482955,-5.535145,9.539006,-2.1243184,-8.749136,6.1720743,-4.6361246,-0.8968829,1.0899988,1.2077854,0.52428544,-5.98001,-3.8404844,-3.8756201,1.1701609,-3.9884162,1.3363212,1.0220999,11.0027485,6.9374804,2.6366215,16.400316
TCGA-AB-2806-03,-10.051382,-5.9449096,-1.7921565,10.407414,6.5112333,11.883402,11.916108,-12.637051,3.5080822,-4.6501617,-0.9499365,0.7082731,1.0103848,3.301126,-4.090321,-3.5300148,-2.1166837,1.02865,-3.5717318,0.27700368,20.535976,14.212375,30.068316,11.243902,39.56499
TCGA-AB-2915-03,-13.504997,-8.639538,2.1866612,15.071151,11.461216,16.067398,23.268179,-17.758371,3.8475516,-5.1137033,-1.3604976,0.2449802,1.4321879,2.710436,-4.0507307,-3.2597594,-2.836865,1.4594907,-2.9138563,0.5141458,5.5576963,12.595538,2.6036892,16.770004,14.181192
TCGA-AB-2912-03,-11.482316,-7.079279,-1.4965568,11.641119,6.1874757,12.910917,14.457087,-13.875855,3.3584402,-4.9735413,-1.487744,-0.2568457,1.5839078,2.2725232,-3.8751872,-2.6471393,-2.2725716,2.2025912,-2.6542842,0.0966666,1.0462636,9.143474,11.807235,22.55626,29.53411
TCGA-AB-2825-03,-14.00302,-9.521373,12.243017,19.173416,23.29379,19.51017,40.04684,-22.405203,1.7237424,-3.9254405,-1.7346843,-1.2101132,1.809936,2.169159,-2.0916262,-0.8421849,-1.3235805,2.5428514,-1.1725923,-0.25440162,16.984192,-16.49917,-1.8346876,-0.93633515,-8.967036
TCGA-AB-2805-03,-11.6924925,-7.303799,2.3577933,13.289768,11.859288,14.139169,21.204458,-15.691511,3.3208487,-5.007107,-1.5887337,-0.13187617,1.5258992,2.5035446,-3.8977444,-2.8547273,-2.2259893,2.0111923,-2.8164039,0.2154842,-4.466776,0.5759552,2.175318,4.0601707,22.613516
TCGA-AB-2818-03,-15.316247,-10.443534,13.320585,20.834812,24.645987,21.073765,43.48361,-24.108862,2.6193612,-4.429615,-1.8632363,-0.9449405,1.6720419,2.012257,-2.9864187,-1.3359168,-1.7976421,2.4438329,-1.4706856,0.18080278,29.272192,-10.423038,16.243826,4.0873275,-31.877554
TCGA-AB-2938-03,-10.674731,-5.896663,-14.289284,5.3703403,-12.607667,8.451633,-9.5972,-6.9241705,5.085823,-6.456848,-2.5612376,-0.21050479,1.8598621,2.2421422,-5.3623133,-3.418176,-3.5256546,2.3088472,-2.9444404,1.2031437,-1.1422099,9.984615,8.754236,1.0513463,34.65757
TCGA-AB-2896-03,-14.187278,-9.687553,14.103979,20.286207,26.118937,20.778868,42.75163,-23.633753,2.8068264,-4.3224354,-1.7960216,-0.8655371,1.4897547,2.078554,-2.8866599,-1.0195761,-1.527184,2.076654,-0.8036974,0.9293144,17.394018,-20.776907,-0.9423651,-1.694155,-10.450311
TCGA-AB-2898-03,-11.5103035,-6.90702,-7.3932614,9.742012,-0.90827465,12.014414,4.170008,-11.807898,4.4998794,-4.896216,-1.6702229,0.123226106,1.3572062,1.3750595,-4.5479245,-2.8743863,-3.2425284,1.6373266,-2.6220772,1.1178974,0.12743184,5.8066998,-5.647445,5.375826,17.73694
TCGA-AB-2857-03,-11.422113,-6.6833315,-11.899548,7.480698,-8.280008,10.310143,-3.7964833,-9.119197,5.597524,-6.7386546,-2.6018999,-0.23602603,1.9213566,2.092563,-5.9610486,-3.497929,-3.3536296,2.5575778,-3.2799668,1.3038353,2.548925,17.543627,10.85933,12.899962,21.789188
TCGA-AB-2853-03,-12.164082,-8.278898,12.132256,17.629992,23.105225,17.993612,37.215755,-20.523598,2.2508225,-3.3811858,-1.36945,-0.670014,1.3410306,1.6291677,-2.4876132,-0.9848757,-1.3527298,1.9076194,-1.1727906,0.2741856,10.856297,-5.159499,12.876568,-0.50079113,1.445121
TCGA-AB-2900-03,-14.025821,-9.528667,12.547832,19.40995,23.699724,19.636818,40.639816,-22.555332,1.9901873,-4.0785437,-2.0061536,-1.3938847,1.880546,2.2384992,-2.1769032,-0.5923942,-1.5451665,2.6172268,-0.9181181,0.19408932,11.937913,-8.839059,2.1940596,-14.346695,-0.70313525
TCGA-AB-2846-03,-12.53238,-7.90385,0.027067298,13.411654,8.425127,14.457311,18.862076,-15.8828,4.122762,-4.6934514,-0.7353599,0.8630375,1.1842517,2.903242,-4.2271533,-3.4167233,-2.1694505,1.0121175,-3.121809,0.72442895,15.860703,6.3438263,8.543942,9.97363,25.573013
TCGA-AB-3000-03,-11.359092,-7.007435,1.4147289,12.8016615,10.398823,13.763703,19.25139,-15.222108,4.3524117,-4.0617065,-0.78937995,0.9513462,1.107252,1.3897278,-4.457468,-3.5290935,-3.4558492,0.8990623,-3.4113555,0.6800611,10.821057,4.0923796,19.733685,1.5596772,29.10758
TCGA-AB-2871-03,-13.69661,-8.726616,3.183527,15.501653,12.792296,16.747135,23.427982,-18.540045,3.7299488,-5.0310845,-2.3369873,-0.93346,1.6557236,2.0582423,-3.8308666,-1.2537712,-2.0902884,2.2484572,-1.1219414,1.5637169,9.165356,9.583897,14.070257,-1.0821996,9.046578
TCGA-AB-2952-03,-13.58748,-8.531783,-2.383306,13.405904,5.6573415,14.962226,15.575878,-15.910354,4.607301,-6.1534557,-2.609261,-0.48577273,1.7611815,2.0668209,-5.0327673,-2.8873978,-3.199115,2.4603589,-2.6075592,1.0985641,7.4665794,5.4753356,-1.316163,15.030476,13.865506
TCGA-AB-3008-03,-10.7336645,-6.441542,-2.877206,10.414443,4.3845816,11.889922,10.77036,-12.562323,3.7613778,-5.204822,-1.7583723,-0.17591126,1.5091441,2.258839,-3.9959927,-2.7899802,-2.5605953,1.8897119,-2.4729838,0.7148997,17.423878,1.3375361,21.367346,1.280638,28.784765
TCGA-AB-2936-03,-11.414079,-6.7942805,-4.774816,10.308114,2.680917,12.114701,8.167266,-12.299285,4.8321986,-5.8014493,-2.1963038,0.15534593,1.6371135,2.5185473,-4.913959,-3.1843705,-2.8615901,1.521432,-2.5375333,1.7484353,4.7479453,8.248778,-2.2742674,-1.5197291,14.863268
TCGA-AB-2813-03,-13.140707,-8.369177,0.92747355,14.156992,9.217925,15.16003,20.823149,-16.72551,3.6501362,-5.5158033,-1.9457314,-0.33967245,1.6840876,2.4037032,-4.266457,-2.8755074,-2.3103654,2.3892598,-2.8921487,0.2525303,0.10474941,12.819532,5.894636,24.153763,18.276234
TCGA-AB-2970-03,-13.688747,-8.864567,2.2216957,15.052895,10.843064,15.998732,23.421843,-17.785116,4.02232,-5.8019023,-2.2200823,-0.55421335,1.8863008,1.9098259,-4.6077394,-2.8356223,-3.262603,2.7688317,-2.7896044,0.19661337,12.584937,5.2193265,3.137404,12.125685,3.8922741
TCGA-AB-2866-03,-13.119891,-8.558261,7.39037,16.580357,17.91186,17.38198,30.584766,-19.470404,2.5793386,-4.1885643,-1.6430086,-0.53037477,1.5209291,1.4973055,-3.3445687,-2.0882819,-2.4492447,2.3925924,-2.501177,-0.52890074,10.677412,-9.983397,10.190143,1.7899139,5.070469
TCGA-AB-2990-03,-14.023128,-9.327076,10.096092,18.290396,20.96048,19.15488,35.441715,-21.565954,2.1915522,-3.759375,-2.0376425,-1.4343108,1.8246782,2.1346645,-2.0677335,-0.29168275,-1.6257658,2.6487186,-1.0039443,0.40109092,5.948921,-11.789003,8.600438,-9.709714,2.1097777
TCGA-AB-3002-03,-12.680937,-7.8988786,-0.40281653,13.204895,7.9316916,14.37095,17.483168,-15.665027,4.1962557,-5.447314,-2.0383968,-0.1430138,1.5977223,2.1748552,-4.433394,-2.9934967,-3.125115,1.9203187,-2.5781803,0.90082943,1.722085,0.9386503,6.581774,3.0776663,23.974339
TCGA-AB-2996-03,-11.879497,-7.3126063,-4.65228,10.987923,2.0114586,12.716987,9.752384,-13.04644,4.103964,-5.545676,-2.2415843,-0.3545714,1.6131314,1.9139999,-4.566709,-2.7465322,-3.0232954,2.2565074,-2.5321856,0.75785285,-2.686276,9.707645,5.242652,6.5248156,22.704296
TCGA-AB-2939-03,-11.521211,-7.03966,-3.4987648,11.263777,4.0344353,12.812991,11.392912,-13.35801,4.486005,-4.3334327,-0.9811503,0.65561914,1.1815244,1.7046405,-4.3879633,-2.722133,-2.2726288,1.0695807,-2.3018034,1.4858136,9.943858,13.642794,18.736372,13.424515,27.505278
TCGA-AB-2870-03,-13.61098,-8.743771,3.5636463,15.649009,13.552271,16.426695,26.022568,-18.468554,3.8821566,-4.9035077,-1.2056459,0.1729875,1.5032991,2.124776,-4.079166,-3.1650045,-3.2861705,1.6658486,-2.974582,0.326665,6.0954685,18.848093,13.648355,6.81146,32.84924
TCGA-AB-2807-03,-11.377509,-6.7368417,-7.117126,9.452963,-1.0622739,11.543925,4.538728,-11.356064,4.6480627,-6.180805,-2.4342213,-0.31523645,1.9015611,2.6993244,-4.8140006,-2.8796775,-2.7260566,2.0521195,-2.1238608,1.4733921,3.7167373,1.4955577,-3.8946638,4.6765943,10.460109
TCGA-AB-3007-03,-10.804042,-6.453916,-3.8049686,10.570593,4.4362555,12.373284,9.440034,-12.882421,5.728421,-3.6832373,-0.55148846,2.0556128,0.8656291,0.97594815,-5.718926,-4.1430364,-3.6981807,0.060783166,-3.9340768,1.8499006,16.958483,15.461701,22.940672,-6.5460196,23.487211
TCGA-AB-2828-03,-12.499095,-8.028699,5.0855136,15.175906,14.693287,15.64041,27.56582,-17.802647,3.6945813,-4.179159,-0.95187485,0.3099243,1.2534978,1.3213968,-3.990266,-2.9851804,-2.9205742,1.6718844,-3.0978942,0.11883773,5.435855,13.089738,11.399289,6.805807,29.098146
TCGA-AB-2824-03,-15.120033,-10.020113,6.8322306,18.234512,16.671783,19.071598,32.490887,-21.518105,3.2786903,-5.875044,-2.7639782,-1.2701721,2.0676043,2.8371975,-3.8186605,-1.6326816,-1.6869922,2.9802587,-1.6425483,0.5838149,19.34416,-4.2562184,18.58973,3.3533547,-19.646925
TCGA-AB-2803-03,-11.241649,-6.943806,-0.118752606,12.17541,8.355093,13.336902,16.751162,-14.654217,6.4984546,-2.795249,0.24407497,2.4739494,0.69104654,-0.020559778,-6.169058,-3.9648128,-4.0451097,-0.23744577,-3.8933,2.0691051,23.375214,15.578106,16.252445,-13.19836,13.8089075
TCGA-AB-2982-03,-10.788042,-6.293858,-10.387124,7.802464,-5.5539927,10.245408,-1.9716051,-9.494123,4.6677966,-4.3090644,-0.92115223,0.90451694,1.0833061,1.1141961,-4.918885,-3.5997987,-3.07803,1.344723,-3.7283623,0.6877824,19.708574,17.788813,15.422077,-13.93764,19.899149
TCGA-AB-2935-03,-12.639115,-7.65437,-9.439332,9.744701,-4.216201,12.364572,2.185991,-11.729107,5.1646104,-5.7289186,-2.0199053,-0.038115595,1.5949664,1.3525839,-5.4106827,-3.2342,-3.5625296,2.2284198,-3.191869,1.041818,2.1060202,9.415252,7.456816,17.201088,15.165552
TCGA-AB-2835-03,-13.404162,-9.038468,12.218402,18.722862,23.107658,18.84336,39.401386,-21.745132,2.2503989,-3.6986072,-1.5241821,-0.9043698,1.6572305,1.6957942,-2.5250652,-0.99930346,-1.6959946,2.420116,-1.5065612,-0.13469455,22.23864,-5.1160398,19.964478,5.6842093,-25.821634
TCGA-AB-2995-03,-11.592835,-6.7700944,-11.06937,8.139048,-6.411957,10.91678,-2.4217968,-9.910516,5.4343314,-5.743085,-2.205613,-0.17839348,1.6261669,1.7217094,-5.4422684,-2.4392745,-3.0575545,1.7570274,-1.89117,2.386031,-2.3634849,9.044965,4.0937376,0.68056196,20.283863
TCGA-AB-2981-03,-14.298977,-9.72622,13.178874,19.875778,24.451878,20.025867,42.140152,-22.961714,1.785236,-3.681135,-1.5630971,-1.0546973,1.6426073,2.0546813,-2.0432577,-0.77301145,-1.1580483,2.3285398,-1.0249026,-0.061768577,16.526554,-16.669424,-2.7189488,-0.29965022,-4.3316193
TCGA-AB-2855-03,-10.122797,-6.249625,3.8054185,12.276944,13.104135,13.529064,20.018766,-14.842364,2.0881083,-3.906559,-1.7459142,-0.86290824,1.4484,2.193511,-2.4573576,-1.0312618,-1.1218432,1.9413824,-0.91939825,0.54980564,12.594169,-11.58864,14.442352,4.930364,24.26783
TCGA-AB-2916-03,-12.068646,-7.4990234,-1.345344,12.219081,6.754284,13.587226,15.455238,-14.632599,4.0563297,-5.4500136,-1.813814,0.020881105,1.5592487,2.5277004,-4.486052,-2.926487,-2.084655,1.9640749,-2.7469022,0.8267629,9.189193,4.435383,2.277624,19.328852,17.853079
TCGA-AB-2899-03,-12.083249,-7.408343,-5.970476,10.457,0.45059353,12.517369,7.2580743,-12.4952545,3.6384006,-5.974098,-2.5543115,-0.8752873,1.9667507,2.6585803,-4.214049,-2.2571082,-2.2031975,2.6945639,-1.9940308,0.6836381,4.183205,0.31369597,-1.0405737,13.807614,17.061861
TCGA-AB-2861-03,-13.929035,-9.200632,8.505852,17.701044,18.652374,18.296812,33.401604,-20.862093,3.0891197,-5.3140683,-2.1835017,-0.8802649,1.8652787,2.3381412,-3.769053,-2.0768514,-1.9142963,2.8688917,-2.3681536,-0.19061147,0.22705802,1.8006437,7.8041363,3.3771148,8.473779
TCGA-AB-3009-03,-10.681437,-6.199785,-3.4403512,10.255813,4.5640507,11.926842,9.168079,-12.499414,3.805225,-5.207831,-1.6702783,-0.0034590848,1.5129737,2.6861317,-4.2103186,-2.6183736,-1.5451597,1.8256023,-2.351383,1.0123881,8.831711,-10.63408,10.143991,13.470981,23.98308
