,4,25,9,17,19,25,26,2,15,26
TCGA-FV-A495-01,-13.020099,-12.357159,3.1439836,0.051802818,1.3031845,5.0252013,1.4236249,6.4847126,3.6795857,-2.0546138
TCGA-CC-A3MB-01,-12.851627,0.015650665,3.7805698,-1.8764582,0.61174136,2.4857588,1.4865805,-9.708973,-2.0616772,5.4393063
TCGA-BC-A3KF-01,-12.282217,-6.8884354,2.5788584,-2.0049093,-0.74185383,1.9964836,1.0502186,-20.674301,5.7079005,-4.4850698
TCGA-DD-A4NV-01,-13.725184,-8.889733,2.649292,-1.0442411,-0.66606724,2.2879527,1.127393,1.9699733,2.323321,2.7868075
TCGA-CC-A1HT-01,-17.296984,19.313423,3.7685728,-1.8963971,2.2602232,4.8339844,-0.064606816,24.275352,2.559995,-8.110126
TCGA-BD-A3EP-01,-15.661336,3.1621592,2.734559,-0.12397201,0.37729722,4.4802246,0.70015997,4.9234734,7.637045,-1.3714112
TCGA-CC-A3MA-01,-11.965389,-3.0130992,3.5069976,-2.158026,1.7589805,3.8336782,1.3551425,-2.5809314,3.3209398,-3.0789285
TCGA-ZP-A9CV-01,-11.696364,-2.8136342,2.3595726,-0.9756208,-0.61328405,2.78266,1.5696954,0.7159012,-2.1153715,9.03761
TCGA-DD-AACY-01,-11.016137,-10.467965,2.391035,-1.1218252,-0.15369475,1.5312147,1.2062721,-7.9474387,-6.3562856,4.157969
TCGA-XR-A8TG-01,-15.944827,0.1336191,3.5629773,-1.552475,0.9969142,4.0395775,0.5039616,-2.5010657,0.9752996,2.354664
TCGA-CC-A9FW-01,-12.547994,7.5014815,3.3975172,-3.064842,1.243572,3.6150687,0.14369182,16.231863,-7.10241,-7.5306025
TCGA-BC-A10Y-01,-14.477772,-3.0757809,2.8927763,-0.8253217,-0.66583973,2.7526639,0.4355847,3.6422884,1.3238232,3.0174773
TCGA-KR-A7K7-01,-11.467609,3.0611885,5.109372,-3.6702693,2.504077,4.1844068,-2.0115125,11.300395,4.626051,-1.0191728
TCGA-ED-A459-01,-15.179831,1.9522367,3.9220898,-2.400428,0.8534504,2.6858783,0.9169197,-2.033855,1.3077279,-2.0326674
TCGA-PD-A5DF-01,-14.558662,-2.3467352,3.761179,-1.6843388,0.25474298,3.445344,0.85583013,0.959549,7.217337,-4.72505
TCGA-ED-A5KG-01,-13.715261,1.0463953,1.8540721,-0.5093101,-0.33579478,2.9098926,3.6730394,-13.547783,13.050916,-11.097779
TCGA-DD-AAVX-01,-9.843677,-2.030165,1.778002,-0.9203703,-0.33144185,1.095578,0.95857114,-10.7735,-9.873255,3.9271066
TCGA-ED-A7PY-01,-7.8072343,-21.125095,1.2617197,-0.55314875,-2.408168,1.2273965,3.0202594,-14.97471,10.365473,-7.813653
TCGA-RC-A7SF-01,-12.837394,-3.780146,3.7073128,-2.6385076,0.9212171,3.025315,0.5590545,6.0965524,-8.650545,4.788967
TCGA-DD-AAW0-01,-14.095383,-8.232229,2.0219166,-0.4928319,-1.1141604,2.0287068,1.6490362,-3.6518419,-0.22716972,-7.108309
TCGA-ED-A66X-01,-13.38697,-3.2567482,3.506251,-0.56304467,0.68315417,3.2898726,1.9486393,2.0512784,1.160439,-4.587103
TCGA-DD-AAC8-01,-11.483484,15.168882,1.9655578,-1.4976683,0.01722351,1.6291559,0.12656896,4.5376945,-13.599288,7.10795
TCGA-FV-A3I1-01,-15.682229,5.301351,2.7672267,-0.33875287,0.22552341,3.2495096,0.673284,2.2079833,6.109685,-3.5796678
TCGA-RC-A7S9-01,-11.580027,-8.419026,5.794714,-3.662093,3.0472496,3.0322945,0.1160646,-23.46021,8.709324,0.4728323
TCGA-ZP-A9D2-01,-16.341675,4.4004517,3.669694,-1.6868639,1.5387392,3.4584343,1.7864034,12.23576,6.8890476,1.4001962
TCGA-G3-A5SL-01,-10.517993,0.70930165,0.94495314,-0.39258912,-1.8001187,0.9615331,1.5229889,-3.8196304,-2.2963178,11.8104
TCGA-DD-A3A2-11,-10.420224,-21.261658,1.7977864,-0.7911034,-1.8149016,1.4068134,1.8911147,-14.868769,15.477335,-15.664677
TCGA-CC-A3M9-01,-12.421804,13.664755,3.421999,-1.2421961,2.3142612,3.830008,0.023801371,14.0707855,4.198236,-2.961931
TCGA-BC-A216-01,-15.761985,-1.0344009,4.7426295,-3.7882674,1.3480035,3.5419686,0.043050066,0.06366901,5.8523345,-4.319868
TCGA-ED-A7XP-01,-14.921588,3.3995059,2.0042617,-1.0919691,-1.5501008,2.3895178,1.167363,-15.234343,9.502537,-8.907223
TCGA-BC-A10T-11,-11.4443445,-17.044916,2.0928688,-1.5784932,-1.3190402,1.2969867,1.4219862,0.5889365,3.4811847,-6.8842335
TCGA-DD-A11A-01,-12.754902,-2.3944464,3.2163088,-2.229782,0.411943,2.6921928,0.4840312,-1.2765458,2.64032,4.122278
TCGA-DD-A73B-01,-11.690989,-9.605786,2.7347536,-2.2267458,-0.13523614,1.7170024,1.4162785,-16.707567,4.633914,2.4763403
TCGA-DD-AACA-02,-9.26227,3.929701,2.7977479,-2.8567102,1.1694062,1.8751531,0.089782946,-14.39425,-7.2172437,11.472911
TCGA-DD-AACA-01,-10.603888,7.315315,2.4198494,-1.7823946,1.5425515,2.94594,-0.09621574,-11.448201,-8.846364,10.100624
TCGA-DD-A1EH-01,-11.461796,-5.8632894,3.4017072,-1.581769,0.31596208,3.4818194,2.5865035,-3.7266858,4.229057,1.3667532
TCGA-DD-AA3A-01,-11.950087,-1.9577947,4.2576795,-2.1689258,2.1880932,3.9258811,1.4310068,-16.089228,14.265179,-8.151634
TCGA-RG-A7D4-01,-12.861318,10.138024,3.6956267,-1.1296469,1.2152053,3.5738666,-0.35441652,26.62665,-3.5289254,0.7889
TCGA-FV-A2QR-11,-13.5360155,-12.676574,2.6287093,-1.4236944,-0.7058244,2.4484382,1.1493273,-0.40924972,3.1828663,-7.450017
TCGA-DD-A73F-01,-15.35247,-2.3628528,3.7818768,-0.38317353,2.5609298,4.958958,0.35389924,9.779818e-05,3.26523,-3.8574412
TCGA-WX-AA46-01,-10.602568,-14.722282,1.046464,-0.30516157,-1.9980626,0.74654645,1.8816088,-3.609466,-0.28241614,-0.5227562
TCGA-K7-AAU7-01,-18.613955,11.2547035,4.230228,-2.1615992,1.5616827,4.371553,0.399181,20.631279,2.6138747,0.66857827
TCGA-DD-A3A2-01,-10.559325,-15.651899,2.8079972,-1.9370087,-0.6749801,1.5877149,1.0467921,-22.566772,4.71021,2.1063488
TCGA-EP-A26S-01,-11.125435,0.7881301,2.315501,-2.3283038,-0.042058777,2.132758,0.647932,-8.657332,-7.0299816,7.6303725
TCGA-DD-A1EG-11,-12.340918,-17.627817,2.2422783,-0.91408366,-1.2440648,1.5462825,1.9174114,1.6542735,4.7547674,-8.103292
TCGA-FV-A2QQ-01,-13.134943,-3.0727386,3.2513888,-1.2440133,0.28250328,3.6232607,0.6193188,12.159293,-0.23034647,7.350214
TCGA-3K-AAZ8-01,-8.554361,-9.157996,1.5752811,-0.6308077,-0.818274,1.3434671,1.2130762,-0.11436005,-6.662304,9.698559
TCGA-DD-A3A5-01,-11.820462,-10.782149,3.2458172,-0.7871197,-0.15311143,3.1066844,0.64892155,-5.091642,-0.7706363,-0.915995
TCGA-DD-AADP-01,-12.333016,-6.0957346,2.7747731,-1.1079668,-0.12670839,2.9051464,1.6330726,-3.8318357,-4.0527425,4.0927935
TCGA-CC-5259-01,-10.100332,-4.9272027,5.5309396,-4.213789,2.3679657,3.9832253,-0.82318676,-13.692924,9.592026,-9.629937
TCGA-DD-AAD2-01,-14.280078,-4.0735717,2.0788808,0.11531789,-0.8113199,2.5607007,1.800857,-6.5654745,1.0873792,-6.9770317
TCGA-ES-A2HT-01,-10.954241,-11.744923,1.9640042,-0.25201362,-1.4965351,2.2711408,2.0309684,-3.4784844,-0.5228609,-3.3256881
TCGA-CC-A8HU-01,-12.613175,-5.5439787,2.6377304,-2.206016,-1.0383095,2.8732169,1.2660211,-10.776638,14.360763,-21.069326
TCGA-ES-A2HS-01,-7.1320333,-19.513674,1.9497293,-1.4655713,-0.32501733,0.6821233,1.6352581,-14.876334,-2.0744643,15.224551
TCGA-2Y-A9H0-01,-16.400108,3.3733933,5.4696565,-2.5248802,2.8526719,5.0182543,0.30829787,13.143248,-0.23920134,-5.0473094
TCGA-2Y-A9GU-01,-11.279782,-14.68849,2.0773716,-1.8436983,-0.73924583,1.5894862,2.7158194,-15.823231,7.87767,-9.059836
TCGA-RC-A7SB-01,-15.609483,-2.542065,4.132155,-2.481458,0.5726125,3.0520654,0.43934628,6.0377,0.113636225,-3.4439962
TCGA-FV-A4ZP-01,-8.5449095,-3.4131691,3.6688375,-2.333031,0.9810762,3.334284,1.6709571,-2.2012541,4.27954,9.029884
TCGA-DD-AAD3-01,-13.754538,-6.426739,2.540767,-0.2811423,-0.51967204,2.143084,1.4678102,-3.2739828,-0.4282203,-1.3618616
TCGA-DD-A39X-11,-10.388576,-20.208658,2.0477753,-1.2599368,-1.5852134,1.1672544,1.6747727,-14.498538,13.841629,-16.873621
TCGA-DD-AAW2-01,-8.98849,-2.8015213,0.81463724,-0.4229363,-1.8451023,0.89604825,1.2790698,-20.07044,-9.361251,-0.71974456
TCGA-DD-A39V-01,-10.537265,4.7407284,1.9906611,-1.1318051,0.3108266,1.9197688,0.02233177,5.0909443,-1.8556952,4.7905674
TCGA-DD-AADD-01,-11.850768,7.1390743,3.3875217,0.7685621,5.0691833,6.5455413,-1.3316554,3.7525175,0.6561091,-27.497217
TCGA-DD-AADW-01,-13.411535,-7.671754,3.5732112,-2.3722274,1.1828529,3.2192588,1.7626137,-5.5163503,1.9693419,-1.2146469
TCGA-DD-AACS-01,-11.614617,-9.105501,2.5843248,-0.8648428,-0.103377424,1.4718993,1.8494539,-19.69798,-9.611534,7.3771257
TCGA-2Y-A9H4-01,-11.768588,-6.4346623,4.021908,-2.5497952,0.46584252,3.4418683,0.40647247,1.2861967,-2.9640212,5.8627834
TCGA-DD-AADV-01,-16.881317,0.59256226,3.2393994,-0.32285476,0.83626723,4.436432,-0.034477852,-2.6260955,-5.11068,-4.117932
TCGA-G3-A7M7-01,-11.238373,-4.9577217,2.0121179,-0.60319376,-0.5110147,2.4342027,1.619514,2.6401265,0.38448468,3.675729
TCGA-ED-A97K-01,-16.422522,0.8597203,2.7165666,-0.62791765,0.8423317,3.2450657,2.2676406,2.625119,3.9953277,-3.2893798
TCGA-DD-AACV-01,-13.854223,-4.8521028,3.0797577,-0.7670219,0.049005598,2.6242774,0.13069806,-5.744885,2.1943905,-15.180019
TCGA-DD-A4NF-01,-10.753967,7.451746,2.3427713,-2.6129332,-0.48479697,1.7385128,0.37480173,-6.887482,-1.9340104,14.332338
TCGA-DD-A3A8-01,-9.398704,-3.1422603,0.8613965,-0.5999857,-1.2236296,0.69438595,1.1475422,-0.21421905,-2.839337,14.254353
TCGA-G3-A25S-01,-12.465677,3.3019154,3.9951859,-1.0587211,2.0206797,3.2581522,-0.1503536,12.028925,-4.026223,-7.7527885
TCGA-DD-A1EL-01,-15.101441,19.520168,3.722053,-1.617979,2.2399838,3.9460502,-1.224064,12.750882,5.2908635,-12.714668
TCGA-DD-AACH-01,-15.391515,8.239307,3.4701846,-1.7095089,1.1309695,3.5017672,0.536263,12.228822,-7.1082015,-3.8129098
TCGA-DD-A119-11,-11.608032,-15.048145,2.3204722,-1.5443537,-0.7429454,1.330894,1.3370223,-0.9612316,0.050811503,-7.3631983
TCGA-WQ-A9G7-01,-11.364272,-12.544779,4.0951858,-2.4907565,0.33953565,3.9876103,2.0544596,-12.588961,14.904657,-8.659128
TCGA-DD-A4NO-01,-12.927776,-1.2270402,1.9438132,-0.2558648,-1.1864878,2.4611826,1.9840548,-2.4299343,0.13480231,7.559308
TCGA-G3-A7M9-01,-18.41396,9.286768,5.2271333,-2.220893,1.9781618,6.2445345,-0.5155611,30.4889,5.4457006,-8.044872
TCGA-CC-5261-01,-14.932481,-4.723138,1.4768496,0.16559711,-1.351552,2.5366058,3.2951345,-0.5627075,4.123141,-1.2251186
TCGA-ZS-A9CG-01,-10.889124,0.60298306,1.558766,-1.4727224,-1.4942178,1.3866675,1.2286322,-3.6682827,0.111349255,10.106217
TCGA-CC-A123-01,-7.224099,-10.296386,3.334609,-1.5446625,0.18814456,2.2346792,1.1561754,-10.66094,8.077144,-16.724836
TCGA-5R-AA1D-01,-14.680438,0.043490566,1.6736578,0.4354909,-1.2290097,2.7111626,2.3292966,-8.514002,14.142148,-12.33958
TCGA-BC-A69H-01,-11.888245,4.0868406,6.216989,-3.4951918,2.9848726,4.779772,-1.2029531,30.552465,3.8297157,-10.387559
TCGA-DD-AAVZ-01,-12.075126,-8.980626,2.4776495,-0.9186827,-0.28773186,2.2669544,1.7189636,-2.6536202,0.09459993,-5.7359257
TCGA-DD-AAD0-01,-8.821963,-0.6808962,2.2183404,-1.8594896,0.4740676,1.1266153,0.48620948,-24.165495,-1.5140021,1.9712006
TCGA-EP-A2KA-01,-11.422978,-0.60443765,2.7009208,-0.8808622,1.0978832,2.101014,1.1750289,-6.4439154,7.6603684,2.2337637
TCGA-2Y-A9HA-01,-15.3390465,10.2906,3.42515,-0.7322202,2.2851045,5.415103,-0.84284234,3.563153,5.245098,-2.0963023
TCGA-DD-AACD-01,-9.90015,-9.0425,1.8402289,-0.87309265,-2.013352,2.1880813,1.2991482,-8.734286,-0.006792929,-4.910242
TCGA-DD-AAE7-01,-12.037753,-10.736064,2.8390958,-1.9576603,-0.28758278,2.3660965,1.4253167,1.0966425,-0.8609965,6.486889
TCGA-BC-A8YO-01,-14.571171,7.3151913,4.6945686,-2.8775337,1.1006511,3.5705044,1.0886942,-13.0073,12.477915,-14.326257
TCGA-DD-AAE2-01,-14.974924,-4.0766826,2.730492,-0.5609932,-0.006630527,2.4128094,0.54897934,1.8290946,-0.110274106,-6.421007
TCGA-DD-AAEG-01,-14.00752,-9.157206,1.7945279,-0.0007912717,-1.3064835,2.4220343,2.357478,-15.754963,7.4504848,-6.4652977
TCGA-XR-A8TF-01,-10.324622,-1.8103479,3.707643,-2.7925413,1.5637487,2.7000735,-0.26687387,-7.201342,-4.1626062,-2.8607223
TCGA-CC-A5UC-01,-12.340803,-2.2945955,3.8443232,0.87033486,3.1426222,6.7078886,2.423254,-1.0582104,2.7337248,-6.6945086
TCGA-KR-A7K0-01,-12.94708,4.59621,1.6463795,-0.4859169,-1.2752475,1.8954068,1.3447256,-0.32370633,3.9748309,6.8202853
TCGA-CC-5263-01,-16.489714,9.723912,5.880279,-3.5279698,3.854383,4.7503896,0.07704296,14.279227,-1.6491406,-4.410772
TCGA-K7-A5RG-01,-17.012451,6.4203997,3.9942174,-2.3152077,0.75583446,3.6917884,0.267064,15.913917,1.6608775,2.4313903
TCGA-G3-AAV4-01,-8.621239,2.663914,1.8552248,-1.9192331,-0.14200217,1.3037574,0.20072298,-17.05684,-5.6282325,11.157058
TCGA-ED-A627-01,-14.1381445,-9.119499,2.976059,-1.2311473,0.052360013,3.2166069,0.90459156,1.001261,3.805226,-7.116228
TCGA-2Y-A9GZ-01,-14.118872,-5.2823052,3.0789392,-1.7577566,0.29318163,2.122649,0.15775642,-17.945637,14.052419,-14.805041
TCGA-DD-AACX-01,-9.971903,6.0582337,2.051701,-1.7009676,0.07587595,0.86504674,0.6525114,-12.749791,-7.3092976,11.824914
TCGA-DD-AAVR-01,-11.610972,-8.335896,1.9245071,-0.67285776,-1.284706,2.4991848,1.8797807,-5.34388,-1.2376499,-3.5772827
TCGA-G3-A25T-01,-11.211207,-8.276417,3.5039537,-1.925496,1.6440555,3.655213,1.8214434,-11.700403,12.232468,-6.2866373
TCGA-MR-A8JO-01,-15.094787,1.8283656,2.6735797,-1.1634551,0.14346841,2.7769315,1.0171013,3.5012991,6.023431,-4.0675545
TCGA-DD-AAEK-01,-12.455545,-0.77862996,2.7819917,-1.3796968,-0.40343052,2.136651,0.83667034,1.8971949,-4.7120905,-2.4811013
TCGA-DD-A1EE-01,-11.721854,8.419475,1.6529963,-1.4072717,-0.8604684,1.3603901,1.1230288,-13.634005,-2.2544858,17.437546
TCGA-DD-AACL-01,-14.371476,7.2402,5.9871683,-3.4648883,2.4937985,4.3574142,-0.60043365,3.5616026,12.235301,-14.996611
TCGA-KR-A7K8-01,-12.458914,-5.9424086,2.889618,-0.79086125,0.022249453,2.6688876,0.6922361,14.603509,0.877051,-0.43957362
TCGA-FV-A3I0-01,-11.089402,-3.6073515,3.239687,-1.5180433,1.6903218,4.251472,1.723733,-10.146117,10.57446,-11.848139
TCGA-DD-A11B-11,-12.987205,-17.375238,2.4950385,-1.5055317,-0.9186466,1.8629478,1.4729985,0.91482705,3.0623558,-7.2697716
TCGA-DD-AADA-01,-9.776627,-15.354818,2.6600208,-2.063851,-1.6136621,3.3020685,2.3046288,-20.909603,8.12684,-4.8937135
TCGA-G3-A5SM-01,-15.377732,-0.48367044,2.9663525,-1.1564957,-0.32105204,3.0210953,1.1146466,1.7822487,-0.85656714,8.025806
TCGA-G3-A3CH-01,-11.753026,-12.936775,1.8523492,-0.41431826,-1.7512814,1.8625985,2.4745648,-5.593719,2.1017778,-3.3439815
TCGA-G3-AAUZ-01,-10.723952,-13.737324,3.1171706,-1.2354459,0.29964143,2.604419,1.5560026,-1.8853664,-2.0612414,6.486031
TCGA-DD-AAVV-01,-14.098546,-1.298739,1.3824862,0.30432272,-0.7722448,2.1177752,1.4012283,-1.24518,0.06261107,-4.7388678
TCGA-DD-A4NP-01,-9.503412,-5.3365493,1.3736674,-1.4915842,-1.9691743,0.61819416,1.8075387,-0.0028198492,2.5450265,-4.830843
TCGA-ED-A66Y-01,-11.016261,-6.6230693,3.4730475,-2.2846017,1.1829888,2.1450431,1.259117,-12.490633,5.880694,-10.341965
TCGA-LG-A6GG-01,-13.729101,0.066762246,3.5131638,-1.2844486,0.17257428,2.685199,0.5547282,-1.8365457,0.14034006,-12.725778
TCGA-DD-AAE4-01,-10.663436,-12.985145,2.6936877,-0.64504516,-0.14922738,2.2030218,1.0482007,-19.056244,6.785681,-9.399393
TCGA-HP-A5MZ-01,-14.994346,-1.2103882,2.6794565,-0.9960435,-0.9360437,2.964006,1.6816851,-0.4063878,4.53553,3.3096273
TCGA-G3-A5SI-01,-10.818072,-12.257492,3.6799624,-2.269778,0.5905445,2.4186044,2.0647514,-8.578378,2.2278125,3.3831809
TCGA-DD-A1EI-01,-14.768526,-1.7737097,2.500259,-0.79205686,-0.42004487,2.0538633,1.9619795,-1.6678867,3.0568004,-0.34326667
TCGA-G3-AAV1-01,-11.637652,9.186138,1.4011372,-0.79452753,-0.60288686,1.0591358,1.2456323,-6.354981,-1.4236348,5.038371
TCGA-DD-A113-01,-12.927023,-4.9531746,2.5458682,-1.6295371,-0.692807,2.2954128,1.9333344,-17.24214,13.221837,-2.609372
TCGA-BC-A10Y-11,-12.337994,-13.98274,1.8382666,-0.86232597,-1.4274831,1.4721678,1.6960578,-0.3181762,2.6637757,-6.3994694
TCGA-DD-AACB-01,-11.185394,7.533242,3.9563394,-0.66520053,4.4238915,6.405321,-1.864167,-1.6954683,3.9761782,-7.4657273
TCGA-CC-A9FS-01,-11.405359,-10.383585,2.2379434,-1.8026872,-2.0903125,1.7482891,2.632397,-7.3929887,-1.5921465,-3.9360063
TCGA-BC-A5W4-01,-10.543319,-11.827914,3.8106596,-2.6437259,0.617839,3.0309968,2.0785804,2.6058109,-8.44283,8.500899
TCGA-2Y-A9H5-01,-12.480903,-12.212357,1.7330928,0.035823803,-1.5834249,2.644573,2.9647667,-17.18653,8.613819,1.6670443
TCGA-BW-A5NO-01,-15.066438,-3.5349367,2.6877322,-0.2923813,-0.27929282,3.2460134,0.77065724,4.847512,-2.04027,0.9788419
TCGA-CC-A7IE-01,-11.41532,-1.1925777,3.849448,-1.3905439,0.82919365,3.1388953,1.8056656,2.0747669,2.3806868,-5.9602175
TCGA-KR-A7K2-01,-10.953945,-13.258366,2.5626724,-1.1445973,-1.1532133,2.9686933,2.098842,3.5187223,-1.7302356,5.5122395
TCGA-DD-AADM-01,-11.397217,-8.074356,3.1153736,-1.2205268,-0.06066792,2.6858706,1.4801463,0.9762171,-9.064084,3.673105
TCGA-CC-5258-01,-12.928986,5.030258,4.3780017,-2.2857249,0.9729653,3.333712,0.14075507,4.4794936,1.0474579,-10.267205
TCGA-BW-A5NQ-01,-13.745668,14.619625,4.6402287,-0.2778522,5.4871387,7.518403,-0.59337753,18.821466,-1.4157588,-0.26056656
TCGA-2Y-A9GX-01,-15.845167,-0.67050654,2.416981,-0.44176525,-0.41275343,2.5365992,1.6837963,11.300222,3.672581,-0.83420527
TCGA-LG-A9QC-01,-9.280417,1.0063683,1.8229706,-1.4210098,-0.7428871,1.1501484,0.4525076,-7.617514,4.681778,4.041054
TCGA-DD-A11C-01,-14.510226,-0.9007667,2.7652857,-1.363208,-0.4579892,2.618356,0.4453768,1.0217943,-5.016559,9.369263
TCGA-BC-A10Q-01,-10.949672,0.4433284,2.711121,-1.4371752,1.672395,3.1412442,1.8771183,-12.485278,13.030683,-6.3272595
TCGA-4R-AA8I-01,-17.41711,3.6803627,3.5367525,-2.478635,0.38790202,3.189102,-0.28307006,6.295453,-3.360967,3.0585673
TCGA-FV-A4ZQ-01,-11.135901,7.46935,5.195122,-3.4007308,2.373997,3.5806973,-0.33908543,-5.3486915,0.77167225,4.402317
TCGA-BC-4073-01,-18.526667,13.492954,4.2482386,-2.2927275,1.7858231,4.199,-0.31436032,20.061167,3.4169095,-5.942469
TCGA-DD-AADQ-01,-10.147168,-2.5698826,3.1579978,-2.4070857,1.0577444,2.1437826,0.19770467,-6.478244,-13.027308,-0.7603396
TCGA-DD-A1EA-01,-12.221285,9.808455,2.9619513,-3.1130652,0.72533745,1.9728541,0.16083899,-0.73325914,-6.2285414,4.451879
TCGA-WQ-AB4B-01,-11.172836,-9.063557,2.4538908,-0.5693517,-0.55168873,2.995848,1.7354189,0.4161964,-1.9115977,6.875997
TCGA-RC-A7SH-01,-9.564704,-16.644966,3.170639,-0.95730543,0.59008193,3.0118177,2.8415718,-6.6200957,3.130179,-3.9331214
TCGA-BC-A10T-01,-14.6421385,-5.016555,2.7700605,-0.66168195,-0.5807916,3.2247832,0.7765001,14.369083,-4.8639135,6.0729012
TCGA-DD-A11A-11,-12.090371,-11.601395,2.3632646,-1.4466447,-1.4355252,1.7371737,1.4780852,2.059983,2.1124742,-8.0095825
TCGA-DD-A39W-01,-8.932389,5.2703433,3.8341584,-3.444521,0.60072917,2.2654195,-0.49598318,-22.457129,2.5833519,10.365352
TCGA-RC-A6M5-01,-13.982055,-4.191844,1.7754635,0.4489786,-0.9168374,2.858835,2.2029815,-9.41675,15.941768,-10.050388
TCGA-UB-A7MD-01,-15.499997,10.250022,2.9183848,-1.3130757,0.26007855,3.617534,-0.98423314,10.3223095,2.2867904,2.8494399
TCGA-2Y-A9H6-01,-12.068105,-13.163345,2.3903775,-0.8036198,-1.8494585,3.2962272,2.2850862,-14.993831,10.953447,-5.611675
TCGA-5C-A9VG-01,-11.059517,-3.2001793,2.0624423,-1.0834693,-0.81665856,2.995859,1.7104783,-0.77211004,6.5344996,-0.6409454
TCGA-CC-5264-01,-16.144022,5.3800383,4.162468,-2.4169977,1.6198187,4.2102556,0.7672926,8.963047,-2.7485282,-5.107621
TCGA-DD-A4NS-01,-15.739519,-7.283635,3.248849,-1.6648725,0.10604548,3.2873998,0.91754305,-4.6090813,11.590006,-5.929393
TCGA-QA-A7B7-01,-16.318705,2.1045184,3.728613,-2.2681432,1.630886,3.4142742,-0.4553962,12.506399,-4.6281734,5.132742
TCGA-DD-AAEB-01,-7.9441676,-8.807719,2.3125515,-1.6908276,-0.73010993,1.6077439,0.12120955,-3.2456772,-5.3690796,-1.4908804
TCGA-DD-A3A6-01,-9.091654,-0.28791758,1.1752924,-1.0274912,-0.161459,1.1018289,0.80612457,-8.101178,15.239066,-14.487849
TCGA-UB-A7MF-01,-10.599679,-5.956759,1.75324,-0.8656051,-0.55773854,1.665659,1.8591183,-7.3161316,1.9739716,4.7470126
TCGA-DD-AACW-01,-9.444629,-6.6690207,3.3303542,-1.5589947,0.5675433,1.5226767,1.2977455,-4.0132785,-4.1300116,-6.024054
TCGA-G3-A7M6-01,-17.009394,4.216087,5.4537277,-1.9089984,4.1976433,6.2632594,0.42966065,9.321119,9.637196,-14.370702
TCGA-GJ-A6C0-01,-17.865929,5.026622,4.566353,-3.2740386,0.7148038,3.4329512,0.20531154,-4.4998684,11.326462,-9.831063
TCGA-DD-A3A3-01,-10.156258,-7.271125,2.3468063,-1.5211413,-0.40114635,2.158582,1.7686377,-5.6076136,0.5216951,-7.8397107
TCGA-WX-AA44-01,-13.021714,-7.928962,3.5584471,-1.9598827,0.9856582,2.8839896,1.5229071,-17.240265,11.829072,-4.1742215
TCGA-MR-A520-01,-11.681652,-9.01641,2.6572907,-0.7341395,-0.699637,1.6501291,1.7641646,1.5258535,4.2262306,-5.9686956
TCGA-EP-A12J-11,-12.5927515,-16.332594,2.4900153,-1.5968819,-0.6786832,1.9020844,1.649509,3.6276515,4.8008604,-9.058356
TCGA-DD-AADK-01,-13.518693,-11.441633,2.1500196,-0.22898793,-0.8951277,2.7269943,1.9489954,-17.016598,10.043996,-10.643015
TCGA-DD-A73D-01,-7.580573,-1.3686007,1.0028317,-0.79503685,-0.74853027,0.37397507,1.0615785,-23.698484,-2.1085093,11.298925
TCGA-BW-A5NP-01,-9.321715,-8.249562,3.339083,-1.1681939,0.0760414,3.5082266,2.154976,-16.64298,14.426146,-5.658026
TCGA-DD-A4NN-01,-9.636243,-14.0210905,3.122208,-1.9442866,-0.11059099,2.6241033,2.2722454,-17.942392,11.048528,-1.3029698
TCGA-ZP-A9CZ-01,-13.496062,-4.986876,2.4948745,-0.67740774,-0.14151642,2.296976,1.6742662,-2.600376,1.2926522,-0.11884377
TCGA-CC-A8HS-01,-12.509182,-7.7552953,3.3173716,-2.3980114,0.8721764,2.2379873,2.0158036,-1.4150047,1.8467721,-6.889059
TCGA-G3-A6UC-01,-9.279411,-7.439381,1.3683847,-0.9822449,-0.68072736,0.5346969,1.2736477,-16.822954,-2.049773,1.3286597
TCGA-CC-A7IH-01,-11.049447,2.2025821,1.5251434,-0.93252605,-1.201232,1.612576,0.49534076,-12.546095,-5.4774737,3.9973505
TCGA-BC-A69I-01,-9.321959,-6.890842,2.169017,-2.1819384,-0.8006749,1.3804238,0.8585315,-15.631063,2.6109693,11.733452
TCGA-K7-A6G5-01,-11.940182,-5.7542496,2.3469787,-0.98846495,-0.24266773,2.2668872,1.4041047,1.4595743,2.181,4.172013
TCGA-BC-A10U-01,-15.805411,11.135296,4.6563187,-3.6253603,1.3515327,3.2078495,-0.014485905,-4.595353,1.5060604,-1.3069018
TCGA-DD-A4NG-01,-12.285782,5.304284,2.6672716,-1.6255164,-0.11388695,2.3403804,1.4002078,6.547542,-5.341286,11.045749
TCGA-BD-A2L6-11,-13.154154,-11.59304,2.6497986,-1.1591055,-1.1140367,2.1133249,1.5337241,1.7794586,3.157562,-6.720538
TCGA-UB-A7MC-01,-12.685626,7.144393,2.6434019,-2.3519568,0.21505103,2.1170034,0.78713226,-7.2372336,-4.5258074,7.2482753
TCGA-UB-AA0U-01,-14.684624,-6.175764,2.085699,-0.3589418,-0.5577049,1.9944916,1.593145,5.0226207,0.41203436,8.200083
TCGA-DD-A4NB-01,-14.421445,1.5994954,2.018876,0.36753833,-1.0972066,2.8454309,2.1932127,8.40962,3.5760834,-3.6861217
TCGA-ED-A8O6-01,-11.7925625,-4.4272213,1.7633989,-0.5659003,-1.5529026,2.6004987,3.1266723,-15.225849,11.391086,-9.1997595
TCGA-DD-AACQ-01,-10.709037,-8.936584,3.4360237,-1.7205513,0.42333722,2.2280314,1.099895,-13.919798,-7.4594,-7.6695366
TCGA-G3-AAV6-01,-11.756996,1.0318073,3.8549194,-2.9523973,0.23959786,4.109113,-0.4089201,11.051618,11.908066,-7.8541155
TCGA-DD-A3A4-01,-10.272956,0.63111234,1.9037918,-1.5015323,-0.38905504,0.8510147,1.4275497,-7.5709953,7.228513,3.8965864
TCGA-DD-A1EK-01,-16.297148,-0.015779698,5.603263,-3.1717815,2.0100865,5.0836496,-0.63377655,-7.4126086,11.996905,-8.229103
TCGA-DD-A114-11,-13.926948,-12.518259,3.2294514,-2.3371952,0.11098007,2.2074163,0.9452256,4.06935,5.227632,-8.0014
TCGA-DD-A39Z-11,-10.481599,-19.892286,2.0214322,-0.8782007,-1.6911865,1.383067,1.8820003,-12.892792,14.507233,-14.627026
TCGA-BC-A10Z-01,-13.539504,-2.5597312,3.927595,-0.95212245,2.1343887,4.8683386,-0.8561824,-12.354847,18.194702,-20.04585
TCGA-WJ-A86L-01,-15.581371,-3.30487,4.2978663,-1.7732922,1.7076752,4.039209,0.5683113,-2.0436218,9.110254,-13.280929
TCGA-G3-A25Y-01,-12.874432,-9.817674,4.349146,-2.8452694,0.90844566,3.532874,1.2661474,-17.255562,11.2769575,-8.995468
TCGA-ED-A82E-01,-10.306413,-1.5501658,2.7819166,-0.7146747,1.6149237,3.5431905,2.352808,-17.393879,9.920684,-6.2748904
TCGA-DD-AACU-01,-13.779009,-1.5762101,2.2656493,-0.6726901,-0.8933079,2.9889605,1.0061015,2.3197134,-7.2542872,-1.6299003
TCGA-2Y-A9H1-01,-8.468053,-8.12577,2.6910028,-2.1945028,0.5487203,1.7772046,1.1193552,7.534034,-0.18463448,6.938718
TCGA-BC-A10X-11,-12.472609,-19.183962,2.8611712,-2.3855858,-0.5039198,1.7562449,1.1033947,-9.336659,14.491811,-18.943205
TCGA-FV-A496-01,-12.186224,-8.4737425,2.0171993,-0.9835276,-0.49538147,1.664662,1.9451345,-27.882135,8.252535,-6.9856596
TCGA-DD-A4ND-01,-16.310083,-2.083848,3.2466106,-1.2189538,-0.43853596,3.9476717,1.9664465,0.09692125,8.257276,-4.4798155
TCGA-DD-A11D-11,-12.10595,-17.665598,3.1923313,-2.3487778,-0.12845641,1.8994715,0.83215183,-11.136803,15.843626,-15.578824
TCGA-DD-A1EF-01,-10.117799,-3.413142,1.1139311,-0.3578962,-1.7677363,2.1736245,3.0766404,-18.835678,12.337197,-5.721728
TCGA-DD-A118-11,-10.88483,-17.804926,2.4660144,-2.0227625,-0.5394369,1.218418,1.2696134,-15.507877,15.0345335,-15.327104
TCGA-DD-AAEH-01,-9.636185,-9.519188,1.1344248,-0.048094347,-1.4929426,0.92153805,1.1581126,-13.150845,-0.414898,7.734956
TCGA-2Y-A9H2-01,-13.52721,-3.3654323,2.9115877,-1.6698177,0.8368346,3.4602158,1.5176421,-5.7630506,12.132086,-9.036773
TCGA-2Y-A9GW-01,-14.627106,0.9659367,2.7369957,-1.06214,0.08870147,3.1627226,1.6029857,7.834105,2.9043396,5.05531
TCGA-ZS-A9CE-01,-12.25784,-11.745372,4.0345664,-3.0432527,-0.14524412,2.9246457,1.1386489,-27.889635,9.346023,1.8077656
TCGA-DD-A4NQ-01,-16.803621,11.449868,4.671621,-2.7402935,1.1479323,3.600591,0.66294837,17.080076,4.473528,-4.596895
TCGA-5C-AAPD-01,-14.916032,-2.588502,3.5574942,-2.2121267,1.014733,3.7940652,0.66408145,15.968109,0.6309769,-2.0518987
TCGA-DD-AAVW-01,-14.500187,-5.7599277,2.365049,-0.28320363,-1.1558602,3.153886,1.4265189,-2.9554625,-0.37243143,-5.465194
TCGA-EP-A2KC-01,-13.034725,5.502426,2.5202045,-1.3681765,-0.018752176,2.35962,0.7219204,3.3009145,-5.9925528,9.509607
TCGA-MI-A75E-01,-13.098243,-7.1785126,2.8058226,-1.4604944,-0.29399562,2.746149,1.0285318,5.790582,1.2861538,3.4303586
TCGA-DD-A116-01,-10.414978,-6.0242267,1.0577997,-0.48210815,-2.5837207,0.9804545,1.8378297,-8.298446,-1.8241341,-6.1246533
TCGA-GJ-A9DB-01,-17.30113,0.8188687,2.9489589,-0.14274031,1.0065964,4.629093,0.75375444,9.241809,2.8436315,-2.209707
TCGA-CC-A7IL-01,-9.465004,-1.677203,1.6267887,-0.5435684,-1.2807199,0.87514603,1.1818781,-5.325299,26.8189,-34.0552
TCGA-DD-AACC-01,-11.399762,-8.15964,3.5774033,-1.1234087,0.56903154,2.6640916,1.458857,-0.13982953,1.0144073,-3.0591886
TCGA-HP-A5N0-01,-12.402164,-15.476373,2.9941795,-2.109029,-0.74589604,2.341738,0.83506304,-11.896803,4.2668343,-4.6448183
TCGA-K7-A5RF-01,-13.850685,-14.008687,2.8527017,-1.8048452,-0.7037559,2.4226756,1.6241633,6.63517,3.0355313,-1.5026361
TCGA-ED-A7PZ-01,-12.029795,3.0894887,5.6655865,-3.5755274,3.1542528,5.1958046,-1.6252291,2.4284792,6.6312284,-20.157045
TCGA-YA-A8S7-01,-15.1711035,12.144907,3.3783252,-2.5075073,1.2728814,3.439552,0.58379394,6.459769,4.2091365,-1.0627974
TCGA-DD-A39X-01,-11.520252,-9.906188,1.1573478,0.49256122,-2.1355188,1.7602825,2.1229062,-12.212725,9.503609,-8.772111
TCGA-DD-AACF-01,-10.699479,-9.52295,3.6230102,-3.1860955,0.72896326,2.3244832,0.891545,-13.935989,-6.8377085,2.6913087
TCGA-DD-A1EC-01,-12.939342,9.399091,2.3689191,-1.2577988,0.63158137,2.870112,1.9691147,-9.550724,12.335153,-5.6273904
TCGA-DD-AAE0-01,-10.133705,-11.491003,2.3343139,-0.105400205,-0.028611194,3.255645,3.2969868,-18.411161,11.614298,-9.22094
TCGA-G3-AAV0-01,-9.463125,-21.241726,3.1014762,-2.5881221,0.07824532,2.3375487,0.97325945,-17.527657,-6.850875,2.0988224
TCGA-XR-A8TD-01,-15.971049,-0.8366533,4.1169834,-1.3261573,1.4920369,5.158815,-0.018921113,3.0544536,6.704952,-7.991444
TCGA-DD-A1EE-11,-12.746022,-13.33878,2.641752,-1.730332,-0.64762104,1.7152897,1.4656458,2.6498096,4.244934,-6.0069265
TCGA-CC-A5UE-01,-13.144108,3.2597926,2.1926396,-1.1936202,0.51030856,1.6778466,0.9246812,6.307277,-1.4995701,-18.214705
TCGA-DD-AACJ-01,-8.227435,-0.49077234,1.9121168,-1.1524528,0.106699824,0.9931209,0.84682065,-3.4744613,-5.7743735,2.4976652
TCGA-G3-AAV5-01,-9.140718,3.3694313,1.9150393,-1.43545,-0.16863266,1.2271695,0.8799345,-16.751509,-0.540764,13.1300125
TCGA-DD-A1EB-11,-11.939685,-18.530704,2.4613552,-1.7751957,-0.8427467,1.3648125,1.3637607,-14.697537,14.590558,-15.9351
TCGA-BC-A10W-11,-11.665851,-17.259085,2.6532605,-1.7844263,-0.42739984,1.6362584,1.3013273,-1.7627939,0.08273521,-5.9037466
TCGA-DD-AAVS-01,-10.932802,-8.370686,3.0863512,-1.2570648,-0.14191425,3.0975375,1.5044063,-7.511228,-0.44550973,-2.9723322
TCGA-DD-A11B-01,-12.107269,-7.292306,2.6009765,-2.243132,0.020411119,1.5186636,1.4908575,4.7797823,5.8130097,4.3149266
TCGA-MI-A75C-01,-10.229559,-2.1644034,2.9742408,-2.4893355,0.855379,2.5045197,1.207888,2.2667725,0.49466178,4.7001247
TCGA-ED-A8O5-01,-10.067521,-7.11026,5.1449676,-1.1697044,4.6996756,5.5669827,1.7003254,-19.062502,10.812141,-8.33844
TCGA-BC-4072-01,-16.556023,5.9765296,3.8139968,-0.9050518,1.3976884,4.494054,1.1685266,3.6931393,12.534993,-6.873613
TCGA-DD-AAW3-01,-8.510575,-4.1583624,2.4498582,-1.9259132,0.15253997,1.9000757,0.5209515,-14.327028,-4.2164006,-1.9224733
TCGA-G3-A5SK-01,-11.4175825,-13.883823,3.531534,-3.0007784,-0.120592535,2.0215843,0.61118555,1.9239604,-0.14507666,7.446456
TCGA-BC-A110-01,-13.354706,-14.579976,2.3130531,-0.64542603,-0.6217481,2.9530346,1.0867832,-10.178843,10.236993,-12.915593
TCGA-DD-A3A7-01,-9.494309,-6.2709417,3.6688707,-2.1725686,0.61939865,2.8153431,0.7696152,-1.935211,-1.6067147,3.7737696
TCGA-BC-A10R-11,-11.507067,-18.118235,2.2270548,-1.7301567,-1.3282205,1.0176947,1.6096299,-11.978781,11.860962,-12.628734
TCGA-DD-A1EI-11,-12.768591,-16.011189,2.5031867,-1.8774261,-0.62140274,1.6126992,1.3520534,-2.5779045,2.707065,-5.7403708
TCGA-DD-AACN-01,-11.935473,-10.980536,2.6040108,-0.9394243,-0.1775102,2.706425,2.4108155,-6.3827577,-1.4978373,-3.6173816
TCGA-DD-AAD5-01,-15.482424,13.604396,4.041652,-3.4239764,1.959976,2.9259496,-0.2691109,21.627153,-1.5418203,-6.499444
TCGA-CC-A3MC-01,-14.30797,-2.0790565,2.7075186,-0.63386786,0.16111305,2.4701076,2.0483387,-2.7143989,0.6880528,-6.2394924
TCGA-DD-A113-11,-11.68423,-18.197664,2.4437187,-1.6921675,-1.1594521,1.398176,1.6398222,-14.053686,14.678548,-15.458476
TCGA-DD-A1EJ-11,-12.05642,-17.50275,2.4371219,-1.450891,-1.2246346,1.6447699,1.4242944,-12.824301,13.858553,-15.012906
TCGA-DD-A73A-01,-12.193859,-1.0197637,3.6439345,-2.3410575,1.2548777,2.2341995,1.1907276,5.616545,1.8267722,8.030185
TCGA-DD-AADI-01,-8.898057,-16.305159,2.2149796,-0.54764,-0.9003132,2.6624022,2.5371206,-17.2392,5.3495655,-3.0045125
TCGA-CC-A7IG-01,-11.087758,-7.806175,3.7266827,-2.3866763,1.2985308,2.8471684,1.2658432,-0.5523787,-3.6983144,-0.8469293
TCGA-G3-AAV3-01,-12.274278,7.0181313,2.5350847,-2.0768776,-0.42160138,2.3179257,-0.12902215,-16.458378,8.332387,0.4975777
TCGA-MI-A75H-01,-8.926431,-1.276682,2.176387,-2.1236205,0.40253738,1.5723447,0.37079272,-0.93118066,-0.56055856,13.582437
TCGA-DD-A73E-01,-9.733205,2.2947903,1.2862684,-1.0056728,-0.5810721,1.1367065,0.49340716,-12.943794,-6.813693,12.776987
TCGA-2Y-A9H7-01,-10.278477,-6.517685,2.925437,-2.277377,0.13536033,2.4757063,2.5615697,-3.2866805,2.297763,-2.7707584
TCGA-CC-A8HV-01,-12.045256,-9.094871,4.5712776,-2.2887473,1.9674923,3.99704,2.2143345,-13.752481,9.298259,-6.3154473
TCGA-DD-AADJ-01,-9.718358,-11.440887,4.4607573,-1.2612151,3.2441397,3.6030064,1.3452289,-1.8184686,5.556293,-10.661139
TCGA-DD-AAD6-01,-10.4670925,6.7838354,2.0400858,-1.4238805,0.638324,1.4767897,0.46760988,-4.4626336,-4.649982,2.1745412
TCGA-BC-A10S-01,-10.846366,-9.238607,3.7192023,-3.1251507,0.46050334,2.6530662,0.44386414,-5.891293,1.9618536,10.739097
TCGA-DD-A11C-11,-11.70375,-18.859644,2.7793088,-2.159983,-0.48003232,1.2795306,1.192917,-0.21642919,2.5689495,-6.0153694
TCGA-BC-A10Q-11,-11.750669,-19.68558,2.3112323,-1.6401995,-1.2734092,1.1364746,1.6268585,-14.826064,14.613521,-15.176909
TCGA-LG-A9QD-01,-10.057815,-9.533586,2.5957525,-1.9215859,0.028765421,1.8563148,1.0767093,-0.9369425,5.1091003,2.8689616
TCGA-DD-A3A1-01,-11.382543,-1.1767492,4.1495233,-2.634107,0.94985014,2.3177211,1.1084095,5.5604734,1.5888498,-1.594407
TCGA-DD-AACZ-01,-12.375999,13.263171,3.9016616,-2.9180243,1.2304506,2.4063148,-0.6580022,1.0006913,6.8264103,-12.192103
TCGA-CC-A7IK-01,-13.342244,13.405973,3.0572388,-1.5426437,1.1757978,3.0294962,-1.1741327,4.421032,10.818112,-21.883574
TCGA-DD-AADO-01,-8.186048,-9.855134,1.4736549,-0.96975464,-0.7442851,1.486014,2.1416793,0.9591471,-2.0300167,-6.901236
TCGA-CC-A7II-01,-13.0138235,7.0062404,4.938201,-1.823097,3.5280533,4.9256034,0.8033126,16.960768,4.2902246,-14.514084
TCGA-RC-A6M3-01,-13.684502,5.7119665,3.2324362,-1.9662526,1.0597638,3.6158288,1.186481,-0.33213884,6.0429406,0.08922764
TCGA-DD-A39W-11,-10.788685,-20.286987,1.939607,-1.3233767,-1.4757662,1.1521473,1.587668,-12.482974,14.8804035,-17.654516
TCGA-DD-AAW1-01,-9.902386,3.578492,1.3643101,-1.5868595,-0.9488389,0.9610533,0.9766917,-12.95867,-6.1091914,7.343766
TCGA-NI-A8LF-01,-11.885192,-1.3846773,1.794405,-1.0667032,-0.85334826,1.6776682,1.334788,-4.31471,4.7609363,3.222669
TCGA-FV-A23B-01,-11.415421,-2.821459,4.118922,-3.5738602,1.0519253,3.0561457,-0.6517345,-11.389984,5.905424,-4.99889
TCGA-DD-AADC-01,-13.756857,2.660545,3.2825282,-1.2632552,-0.08854942,3.4151585,0.3761782,1.8442056,-5.7075415,-1.6847811
TCGA-G3-A3CJ-01,-7.2828107,-8.1191225,2.0820613,-2.0484974,-0.3547334,1.1345607,0.7198803,-14.634219,-1.0007274,12.365223
TCGA-ZP-A9D1-01,-14.195497,-4.2133074,2.8705003,-1.0229049,-0.24908838,2.801079,1.6035603,-9.581967,4.3856015,1.7326723
TCGA-DD-A73C-01,-11.851124,-7.447365,3.388282,-2.3978364,0.2992746,2.061008,0.7741741,-17.60267,7.5024815,-4.1544013
TCGA-CC-A9FU-01,-12.206462,2.4408224,4.2382894,-3.5823705,2.419144,3.7277343,-0.16361627,5.3118153,18.076649,-26.950615
TCGA-G3-A25X-01,-12.536081,-4.1378703,2.8541677,-0.9547406,0.5658515,3.1768456,2.1364236,-2.701585,0.21099521,0.43983763
TCGA-DD-AACP-01,-12.319924,5.5641246,3.292093,-2.3941588,1.2268217,3.0769083,-0.5311657,3.8404024,-3.1805985,-10.574687
TCGA-UB-A7MB-01,-13.274593,-7.1334877,2.5692449,-0.9434387,-1.5307989,2.0242429,1.9939427,-10.885278,0.13831696,0.7924136
TCGA-DD-AADG-01,-11.302241,-0.6671993,2.2145526,0.4124577,0.8416941,3.453296,-0.6888243,2.8685732,-7.804905,-9.015415
TCGA-RC-A6M6-01,-14.912659,9.413183,4.362236,-2.8252294,1.8485123,4.4051933,-0.15796861,27.338562,1.3122232,-8.863503
TCGA-DD-A4NH-01,-14.56051,-2.400472,3.2822235,-1.812239,-0.32450876,3.6152673,3.0759869,-12.770692,14.768897,-5.878092
TCGA-EP-A12J-01,-9.774563,-0.38332626,0.7825673,-0.87119925,-1.637142,0.3297072,1.7555373,-7.3725967,-6.387855,10.784397
TCGA-CC-5262-01,-13.69372,1.5701932,3.242825,-0.85489243,1.5285211,4.861859,0.21600959,13.581819,-1.6475544,-1.2255703
TCGA-ZS-A9CD-01,-11.784566,-3.9620922,1.7266636,-0.17530611,-0.91701967,2.100891,1.8685861,-3.6894968,2.076049,4.9225583
TCGA-DD-AAE9-01,-11.010664,8.277473,2.161542,-1.1675923,0.019473974,1.6432428,-0.39657876,0.2552647,-8.297959,-0.37546906
TCGA-BD-A2L6-01,-12.696508,-8.897166,2.7335694,-0.52583253,-0.70230865,2.5184257,0.37400487,-3.1350133,-0.8998606,3.2328641
TCGA-DD-AAEI-01,-11.125012,-0.37359384,3.4376621,-1.6230884,0.52681905,2.3047745,1.5966338,1.2559233,-5.5898223,6.064537
TCGA-2Y-A9H3-01,-9.292514,-15.284324,2.1217587,-1.8196039,-0.81062776,1.8122581,1.5093588,2.998676,5.508983,-1.6162289
TCGA-2Y-A9GV-01,-12.509776,-8.713101,3.8467247,-3.0815058,0.35079083,2.1480145,0.43603823,-15.149378,9.609683,-3.2831652
TCGA-DD-AADS-01,-7.3801823,-14.566224,2.688674,-2.4947345,1.0306531,2.169846,0.71803707,-5.7377462,-9.536309,6.396015
TCGA-DD-A114-01,-16.786715,3.6595685,2.9611695,-1.4864808,0.46414146,3.6246183,1.0783317,4.9795437,4.4193788,-2.499398
TCGA-DD-A39Z-01,-6.7762923,-12.335539,2.969312,-2.3751059,0.5680326,2.399233,1.6172647,-15.374208,3.2121375,0.95546854
TCGA-UB-A7MA-01,-13.675371,-3.3930018,2.4187305,-0.90691197,0.075789176,2.6586204,1.4747192,-4.744071,13.36411,-10.759962
TCGA-EP-A2KB-01,-8.835902,-6.4517756,1.5268002,-1.3896029,-0.6167775,0.44309074,1.7051378,-22.67513,8.804677,-3.4228432
TCGA-DD-AAEA-01,-10.549563,-8.546854,2.46109,-1.8351667,-0.28321803,1.9070337,1.0937816,-4.491756,-7.052087,-0.25775346
TCGA-UB-AA0V-01,-13.176775,-14.63325,2.1285238,-0.96254575,-0.7970026,1.8955857,1.7389667,-8.722635,13.504948,-16.448046
TCGA-BD-A3EP-11,-11.764013,-16.36962,2.307493,-1.3321106,-0.9307134,1.6841727,1.6357388,-15.097804,13.744886,-14.140643
TCGA-ES-A2HT-11,-13.250899,-12.943248,2.3401437,-0.82339334,-0.37336862,2.1929486,1.8806456,1.1765363,2.4769495,-8.6400385
TCGA-2Y-A9GY-01,-13.954347,11.380851,3.4233494,-0.9537748,1.5659565,3.1001341,1.037229,5.4856467,10.437273,-13.847827
TCGA-XR-A8TE-01,-10.197074,5.1607027,2.872868,-1.4582657,-0.5237383,1.8383745,1.2017095,-0.49341992,1.8267488,0.16704562
TCGA-ED-A4XI-01,-13.84461,-12.429423,2.8903449,-1.2868543,-0.81150925,3.220852,2.0108213,-1.0393254,0.53716433,-6.442937
TCGA-DD-AACG-01,-11.5155325,1.0355974,4.0466337,-1.9813675,1.2641252,3.0684395,0.09434274,14.683587,-2.880553,-24.448288
TCGA-BC-A216-11,-13.200864,-16.860506,2.4638896,-1.222599,-0.9514008,1.8691587,1.396815,-15.97394,15.529551,-15.527131
TCGA-NI-A4U2-01,-11.312091,-10.918925,4.0191116,-3.3808274,-0.47730422,2.4663193,1.2347156,-2.8388968,2.3288743,1.540001
TCGA-DD-AAC9-01,-11.426336,-8.340874,2.2683983,-1.1381105,-0.18290052,2.702702,1.3785642,-8.825344,0.2665944,3.173971
TCGA-DD-AAE1-01,-10.750463,-1.7322421,4.8879457,-3.115159,1.7626117,3.6729884,0.2253022,15.732119,-7.4194436,-4.3630257
TCGA-DD-A11D-01,-12.508903,-7.280521,3.7594852,-2.2602232,-0.2072069,2.7614295,0.8274569,-8.226013,6.367,-2.4900787
TCGA-DD-AADY-01,-10.492002,-11.858124,1.9961135,-0.50320715,-1.0621992,2.5728433,2.5264063,-23.643234,7.7991757,-5.491688
TCGA-ZP-A9D4-01,-10.193626,-3.2048807,2.0841029,-2.0720904,0.03785377,1.308307,0.6974161,-29.952608,7.319524,5.4135017
TCGA-DD-AAED-01,-9.075551,-9.913507,3.2775075,-2.758958,0.63440806,2.5596898,2.0524862,-11.843689,-5.399454,2.6026838
TCGA-DD-AACK-01,-13.730692,6.623781,2.763612,-1.261122,1.001186,1.9325508,0.5680052,0.18574433,-3.5804036,2.2840493
TCGA-DD-AAVQ-01,-11.119394,-12.367906,3.0271688,-2.0525727,-0.036086872,3.4891853,2.2029152,-5.137781,-0.69463396,-3.2395484
TCGA-BC-A112-01,-14.862883,6.325606,2.7915556,-0.9871711,1.278802,3.2380025,1.7774432,0.9313547,6.1436048,4.4363103
TCGA-DD-A118-01,-11.143572,-9.251969,1.2649233,-0.076956674,-2.1792147,1.2357935,2.9211237,-15.554306,10.136434,-5.1898737
TCGA-DD-AACO-01,-9.615839,-16.601242,2.8295681,-1.5539786,0.22558501,1.8985234,1.7923636,-11.201523,-6.423717,2.0701416
TCGA-DD-A1EB-01,-10.911982,-10.853442,3.2347298,-2.010062,-0.838003,1.6485705,0.7790637,-19.384136,8.980808,-4.3054013
TCGA-DD-A4NL-01,-12.792615,-8.393295,2.315569,-1.1422212,-1.3631643,2.2237425,2.012359,1.1229641,5.0418158,-6.88361
TCGA-EP-A3JL-01,-13.802092,-0.5709315,2.7403352,0.16218832,1.1571455,4.4313564,0.90399987,9.5763035,-2.8839037,1.442556
TCGA-DD-AAD8-01,-14.156114,-3.9246285,4.190117,-2.8390038,1.0400509,3.464762,-0.5364735,-19.555841,11.080583,-7.21272
TCGA-5R-AA1C-01,-10.516217,8.567791,1.5050218,-0.9054702,-0.6496499,1.1167228,0.59708583,-5.5840106,-3.2003126,9.860311
TCGA-G3-A3CI-01,-12.804488,-8.041131,2.7676427,-1.0209621,-0.7025174,1.8823829,1.4441785,4.716907,5.974117,-9.937564
TCGA-G3-A3CK-01,-10.582036,4.6908607,2.6843028,-2.6318827,0.043460988,1.5410146,0.19307488,-3.7926517,-2.9489174,9.397914
TCGA-MI-A75G-01,-12.282802,-2.0531151,3.1308718,-2.7648094,0.7453155,2.4169214,0.4505275,-2.151541,-3.214811,8.902666
TCGA-G3-A5SJ-01,-16.217798,10.318246,4.2251143,-2.5879376,1.600072,3.3607395,0.5909277,14.973221,0.12087652,-0.5222305
TCGA-5R-AAAM-01,-13.646695,-7.53484,2.8724499,-1.5043949,-0.7305539,2.8115005,1.0079627,-10.6192875,8.031501,1.3313118
TCGA-BC-A3KG-01,-14.8534355,5.7490616,4.0611386,-3.0543182,1.8422657,3.074623,-0.96412504,-4.915687,9.329194,-16.835178
TCGA-DD-A1EH-11,-10.768455,-20.223463,1.8309124,-1.0532441,-1.4543017,1.138947,1.5650793,0.5083131,3.6883662,-8.622581
TCGA-2Y-A9GS-01,-16.581272,7.012104,3.1509566,-0.7513781,-0.2672312,3.8017406,0.51301605,8.743446,2.057855,-0.92436874
TCGA-BC-A10X-01,-13.522172,-14.658439,2.4440076,-1.1895709,-0.8289138,2.1390226,1.3159482,-12.260273,13.06034,-13.762263
TCGA-MI-A75I-01,-14.629849,2.6049693,3.6850839,-1.5946697,1.0703872,2.9587345,0.2606787,8.893366,2.0748885,-6.5161896
TCGA-DD-A1EC-11,-12.201551,-15.043522,2.2633479,-1.3108972,-1.5235889,1.6430169,1.5536281,-10.861547,15.197747,-15.691152
TCGA-CC-A7IF-01,-10.8751545,-14.495786,1.1310921,0.083877705,-2.2171118,1.2718971,2.1823952,-5.972908,2.7122784,-6.6246624
TCGA-DD-AACE-01,-10.007685,-7.692385,1.8720889,-0.7829038,-0.38490272,1.4122049,0.8998278,-4.35679,-0.259115,-12.586511
TCGA-DD-AAVY-01,-8.757928,-1.955,0.97921747,-0.42101452,-1.4937749,0.39283976,1.6129161,-18.02151,-2.0928125,-0.33990368
TCGA-EP-A26S-11,-11.217969,-16.59242,2.1822593,-1.5185602,-1.3580437,1.5546732,1.6129456,1.9097757,4.180524,-8.276483
TCGA-DD-A1EG-01,-14.444475,5.977987,3.4595153,-0.56433046,2.2928615,4.611609,0.6621207,10.554635,3.3957818,0.6644255
TCGA-ED-A7PX-01,-13.798104,2.1448615,3.5306368,-1.2873036,0.9894224,3.9027462,2.0775683,-13.701162,12.780449,-15.232462
TCGA-DD-AAD1-01,-14.06137,-7.1133223,2.510535,-0.75040793,-0.50929075,3.0622647,2.1817276,-18.636244,10.261184,-11.138272
TCGA-DD-AADN-01,-9.009515,2.445305,3.42139,-2.18881,1.5163491,2.4337344,1.2271101,5.617011,-0.7242869,3.334666
TCGA-DD-A3A3-11,-10.854156,-17.500792,2.205691,-1.2259524,-1.7075552,2.0927892,1.6236985,-0.011662437,-0.11891106,-10.178948
TCGA-2Y-A9H9-01,-12.648213,-4.403011,3.172835,-1.3764449,0.9243816,2.8791401,0.7893261,-10.159037,-2.1242979,8.456464
TCGA-G3-A25Z-01,-12.354323,-2.9738243,2.8784297,-0.91874397,-0.36257714,2.1210124,1.6335633,4.1310863,-2.1549284,2.4786518
TCGA-BC-A10U-11,-13.185406,-14.942611,2.564739,-1.5851244,-1.0881866,1.3818401,1.5747118,0.3443765,3.281586,-5.966397
TCGA-BC-A217-01,-16.048592,-0.36896476,3.7171593,-1.700369,0.35084945,3.1135175,0.4431463,-7.501636,11.819448,-7.3450947
TCGA-BC-A110-11,-10.452507,-18.981356,2.440845,-1.9278537,-1.0807444,1.3739121,1.510184,-14.427737,11.496496,-14.059081
TCGA-BC-A10R-01,-13.365811,-7.331799,3.132045,-1.6368734,0.3565573,3.343996,0.9371006,-2.6845639,10.430932,-7.9005527
TCGA-ED-A7XO-01,-14.796686,-10.770757,3.4692295,-1.6951878,-0.7098754,3.609454,0.5552664,11.893514,-3.1149592,-2.9936607
TCGA-G3-AAV7-01,-15.630104,5.8738165,4.173908,-2.5659769,1.087553,3.6228714,1.2553846,5.998426,1.8235288,-2.755102
TCGA-GJ-A3OU-01,-15.068608,0.487937,2.3311293,-0.69946414,0.07579372,2.8260558,1.7552106,3.419832,6.239812,0.86460185
TCGA-DD-AADB-01,-11.581043,2.65528,3.3970058,-2.6810608,1.3572668,2.3718526,1.0596772,3.5224967,-1.9842763,-4.386668
TCGA-RC-A7SK-01,-12.965928,-3.3957508,3.7346287,-0.36327872,2.1308594,5.4986777,0.5357867,1.4820241,-2.376259,-4.943103
TCGA-DD-A4NE-01,-14.422285,-7.408743,3.0192604,-1.6608623,0.8028724,2.3138783,1.5149101,-16.62902,6.3970623,1.095826
TCGA-DD-A39V-11,-11.648162,-17.67204,2.6531377,-1.9801828,-0.90839064,1.5640823,1.3278656,-0.20048733,2.8218179,-7.4975104
TCGA-DD-AACT-01,-11.727753,-9.718361,3.1580906,-1.9441358,-0.10783277,2.4324489,0.79672503,-20.200527,6.6673636,-1.8623842
TCGA-ZP-A9D0-01,-11.431563,-13.299757,2.4880989,-1.9286996,-1.668265,2.4081602,1.9477557,-14.017275,10.778167,-10.888056
TCGA-DD-AADF-01,-11.012327,-8.74443,2.809627,-0.86016035,0.84810424,2.837086,0.2583957,-21.06955,9.767232,-6.4289575
TCGA-DD-A1EJ-01,-12.748658,4.727502,5.6117682,-4.0985856,2.5113344,3.9629037,-0.62880176,-0.91733205,9.214528,-11.101852
TCGA-DD-AAVU-01,-7.460324,-9.1626215,2.3602557,-1.8799949,0.678473,1.8025448,1.0728587,-11.087846,-6.305077,0.15919939
TCGA-BC-A10W-01,-14.177173,5.9548516,2.5687025,-1.3254113,0.5959014,1.8420177,0.9784227,3.1058948,-3.063925,-2.6496134
TCGA-O8-A75V-01,-12.215648,-0.866525,2.6799695,-0.94058543,-0.0925539,2.5682626,1.0408165,9.659976,-0.1155037,6.194471
TCGA-DD-A3A9-01,-9.142774,-12.78526,1.8991181,-0.837451,-1.067978,2.7300122,2.6299903,-16.008396,12.93337,-4.7301874
TCGA-DD-A73G-01,-7.487367,-18.035786,2.0903552,-0.89184725,-1.3597413,2.843937,2.616561,-11.720527,11.062336,-4.491615
TCGA-DD-A1ED-01,-12.791326,-3.5550368,2.2096868,-1.7351745,-1.6828706,1.8461459,1.1105756,1.1071383,2.2975662,-7.288536
TCGA-WX-AA47-01,-10.152623,-2.7339227,3.267655,-2.4217165,1.2940193,2.5539436,0.86135286,-10.573007,10.4246645,-6.584482
TCGA-G3-A7M5-01,-11.507716,-11.074488,3.6753027,-2.120136,0.48603338,2.6615255,0.19862011,4.4416327,-3.933016,-7.1915293
TCGA-DD-A4NI-01,-12.266609,-10.20366,2.816119,-2.2423632,-0.42793426,1.8176241,0.9050228,-1.0527081,0.7301867,9.010193
TCGA-2Y-A9H8-01,-11.620016,-9.933782,3.2115984,-2.6738434,-1.9094615,4.26909,1.4483869,-8.265581,8.977892,-3.2449253
TCGA-2Y-A9GT-01,-12.443165,-8.308968,3.219432,-1.5882688,-0.09448463,2.3256552,1.2939221,6.174195,2.4549065,7.367053
TCGA-CC-5260-01,-13.238185,3.9117599,2.8099763,-1.1129086,1.5585438,3.4704866,1.762279,3.737728,8.558287,-4.52019
TCGA-DD-A1EL-11,-13.077643,-15.864203,2.2660437,-1.3491185,-0.54831415,1.4512187,1.4104631,-0.8791319,1.2167182,-5.9336524
TCGA-DD-A3A1-11,-10.633214,-18.473877,2.1882894,-0.9830035,-1.4494812,1.9732808,1.7655524,0.19918661,3.3864849,-6.9261465
TCGA-DD-A119-01,-9.881619,-12.12684,1.5911645,0.32022145,-1.7818785,2.2420013,2.0221574,-1.6995229,0.88425493,-6.719165
TCGA-FV-A2QR-01,-14.184854,-3.1104453,3.8427174,-2.0307055,0.04708936,3.148328,0.5681895,-0.23971744,-0.8017638,1.0346199
TCGA-G3-A25V-01,-14.986994,-0.5914212,3.0536726,-1.3364301,-0.2214478,2.6739333,0.6544282,15.515628,2.5634356,-0.30662808
TCGA-CC-A8HT-01,-16.678947,8.260116,4.4046316,-2.784556,1.4525737,3.5487106,0.34776407,21.635572,3.007301,-10.101592
TCGA-DD-AADL-01,-14.247109,-2.3056204,4.4222736,-1.5617402,2.2186105,4.0662203,0.8355872,6.71592,-5.7387886,-14.940765
TCGA-XR-A8TC-01,-11.771613,-7.1087537,3.2200487,-0.7412116,-0.5072719,2.5223494,1.7552905,-16.279902,11.187384,-7.449838
TCGA-CC-A7IJ-01,-13.665107,14.3617115,1.580828,0.003680274,-0.632849,2.7471468,2.4998345,-0.88419914,1.5325915,-1.2198051
TCGA-FV-A23B-11,-13.705519,-13.900838,2.4576702,-1.4165603,-0.63270885,2.1663013,1.1546735,-10.870995,16.018196,-16.40714
TCGA-5C-A9VH-01,-12.480871,-11.027195,2.7881045,-1.147902,-0.7529253,3.058757,1.9859291,-1.2009819,2.9523792,2.1513731
TCGA-DD-AADR-01,-12.148344,-4.914128,3.1174822,-1.4409164,0.16516107,2.0865963,1.330204,-2.485437,-4.7648654,4.197269
TCGA-2Y-A9HB-01,-12.454172,-2.1921885,2.5383782,-0.9342111,-0.3472093,2.6499598,1.5124441,-2.2814848,-2.249204,4.8745
TCGA-DD-AAE3-01,-10.619825,-10.19902,2.183735,-1.6742456,-0.81356686,1.9026045,0.76316667,-1.8851049,-5.025841,-2.6446273
TCGA-DD-A4NA-01,-13.656616,8.934933,2.8740811,-1.3294613,1.5836878,3.7756648,2.081165,1.2529517,7.1972427,-6.082763
TCGA-DD-AACI-01,-10.270029,-6.467428,2.0264926,-0.81807315,-0.043103755,1.9473342,1.4962964,-1.9472718,1.1756493,-0.40407118
TCGA-DD-AADU-01,-8.726961,-2.1603847,1.9829667,-1.5426971,-0.22316104,1.7146673,0.5352117,-14.122726,-5.458428,8.983162
TCGA-EP-A3RK-01,-14.362893,12.748701,3.154136,-1.5833242,0.19712806,2.566012,0.6935927,9.323393,0.6641105,7.191939
TCGA-CC-A5UD-01,-10.678834,4.9309707,2.1740928,-1.6965069,0.86232555,2.2477057,0.89772415,-9.227831,-2.9797437,1.1218475
TCGA-CC-A9FV-01,-11.606785,7.5157866,0.9257009,-0.35885972,-0.2345962,1.272202,0.96058494,6.7410417,4.106518,-10.133039
TCGA-DD-AAEE-01,-12.2309885,1.6264977,2.0352252,-0.87196094,-0.57987005,1.7028488,0.7530562,-3.487275,-8.422524,1.1036888
TCGA-ZS-A9CF-02,-14.64563,0.18736115,2.2993886,-0.8192429,-0.6938058,2.2360058,0.80621034,-0.7110242,2.1019385,0.40112796
TCGA-ZS-A9CF-01,-15.312026,0.6012421,3.0748851,-1.5181526,-0.62456495,2.1000602,1.1273842,-5.198886,-1.6500819,8.401902
TCGA-RC-A6M4-01,-9.275649,-1.6793458,2.8041725,-2.6863012,0.6798237,2.1859846,0.37938085,-22.68363,-0.0602906,15.677162
TCGA-G3-A7M8-01,-12.07122,-9.95945,2.1075115,-0.6137289,-1.1686542,1.8095999,1.6322563,-0.22476287,0.6949757,-6.5874696
TCGA-DD-AAVP-01,-9.667714,-1.9909319,0.64013,-0.57298136,-1.7717854,0.27806494,1.4758449,-4.586874,-1.8219063,-1.5583793
TCGA-UB-A7ME-01,-12.737073,-10.234201,2.902173,-1.465704,-0.03000551,3.4729145,2.2344031,-6.329922,-0.40570888,-4.6659446
TCGA-DD-A4NR-01,-15.607558,8.580033,4.538291,-4.0191145,0.9549269,3.5478055,0.066908605,5.6957645,9.800725,-6.019307
TCGA-G3-A25U-01,-11.095778,-9.245529,3.209434,-1.6618248,-0.14097059,1.8065329,1.1932607,-30.904707,-0.17100075,4.8967195
TCGA-DD-AAE6-01,-8.44433,-9.56331,4.434912,-2.5549064,1.6827819,2.7296906,-0.5133665,-12.733618,7.402404,-11.917556
TCGA-G3-AAV2-01,-9.105261,-0.2050434,1.7308826,-1.629704,-0.8314261,1.1128852,0.71680766,-6.5644946,1.4296317,6.251854
TCGA-BC-A10Z-11,-11.378908,-17.384512,2.4430714,-1.2527987,-0.58534634,2.2024024,1.2608045,-12.535116,14.687507,-15.92022
TCGA-ZP-A9CY-01,-14.467826,-8.685114,3.478119,-1.8402482,-0.016741443,3.3221273,0.9551401,-6.766544,5.83487,-1.0103701
TCGA-DD-A39Y-01,-12.618425,6.0395284,4.6083803,-3.2367482,1.7446445,3.6700244,-0.3130304,-2.827624,-1.2421448,-8.702506
TCGA-DD-A115-01,-15.577243,0.7102271,3.310189,-0.19899733,1.3299277,4.6422186,0.59372056,7.449316,2.8698256,-3.079841
