,0,11,12,16,19,20,29,0,8,10,12,13,23,25,27,1,5,27
TCGA-69-7978-01,-22.812307,-5.6458383,14.268653,-8.756481,10.208819,27.043205,-6.5425253,-0.33477744,0.82249445,-0.16388197,-0.49004367,1.7818617,-0.38543335,1.9155664,1.2142177,1.4110872,0.6749975,16.947674
TCGA-62-8399-01,-19.95282,-1.9134647,0.80183727,-10.869435,14.382925,23.589628,-9.740088,-0.86108005,0.7350932,-1.3580887,-0.43912157,1.814841,1.4519423,1.907366,0.8128501,-0.28389984,5.251809,-17.255127
TCGA-78-7539-01,-18.35599,-3.9158292,-0.91311115,-6.848655,-3.6753712,22.356287,-4.392712,0.56910473,-0.45322722,0.4038451,0.21059875,0.4717285,0.61299103,1.1982201,-0.13681693,-21.507729,-3.4136627,-29.005245
TCGA-73-4658-01,-22.716757,-2.546907,13.872743,-17.026829,5.8683443,25.292078,0.67370534,-0.9851144,0.31039882,1.2152476,-1.4038233,2.1631238,0.31454027,3.2225332,1.0953999,-8.78788,-5.5709944,1.4380327
TCGA-44-6775-01,-25.91539,-11.582457,13.395649,-4.3969593,-9.61395,32.974556,-1.0149103,-0.40197495,0.2642113,1.7943814,-1.1671861,1.2989868,-0.2948541,2.5490155,1.6287534,-1.8533384,-5.2946453,15.525608
TCGA-62-8397-01,-20.401222,1.7585573,-0.4536931,-11.8225565,-2.8950803,19.84186,-1.3800011,1.0982046,-0.32043028,-1.1434553,1.0738161,2.32781,2.6775289,2.0532515,0.10079585,-6.4785256,-24.724585,6.8614235
TCGA-53-A4EZ-01,-24.032032,-8.650586,-12.008586,16.138912,1.2823137,20.828142,-2.1039033,-0.85785866,-0.53569645,0.5399512,-0.79405516,0.88075155,-0.52979285,2.2977333,0.60262173,-6.3094544,0.69135875,27.14942
TCGA-50-7109-01,-24.172667,-8.227183,-12.189799,3.597694,7.1822305,25.172506,-4.3327856,0.26927143,-0.39495903,0.9012447,0.44116357,1.9529777,0.9161225,1.8795166,0.78326696,-5.7255163,9.205277,23.120571
TCGA-38-6178-01,-21.569685,-6.9685073,10.076006,-5.9112372,-9.044164,27.505335,-6.5953364,-0.8836501,0.4796505,2.286229,-1.6841648,1.5948219,-0.2892871,3.1468744,0.87615657,-9.230068,-18.401274,12.342155
TCGA-86-8056-01,-23.37648,-6.212626,-2.7722986,-7.328065,1.4086138,28.683922,-8.550242,0.48754248,-1.4020286,-0.7630117,-0.96115613,0.81760144,0.7201562,2.4890685,0.48067877,-13.120234,-6.533108,11.764072
TCGA-86-A4JF-01,-19.914566,-4.423166,7.160019,-5.888873,7.24974,21.525244,-3.1888356,-0.15080568,-0.37421006,0.029844206,0.09822656,2.4877083,0.8508388,2.9145176,0.051614102,0.06362622,2.2924063,25.334076
TCGA-69-7974-01,-22.610125,-2.3832693,4.3151956,-11.040239,8.004952,27.865759,-4.9212475,0.90460616,0.12408003,-0.03203592,-0.53367186,1.8016863,0.22542408,2.059507,1.539065,-5.3348,-7.0173807,10.509173
TCGA-86-A456-01,-22.725376,-8.580944,-1.2639648,-7.586668,5.1618595,27.520994,-1.8737966,1.2411511,-0.6876256,-0.5317789,0.17337294,1.778545,1.0763617,2.3747354,-0.53161025,1.1054996,-7.832329,12.8508215
TCGA-97-8547-01,-24.009956,-10.332178,18.706656,1.4950237,-13.37908,27.84572,2.2830431,-1.5205333,0.12315818,0.25579166,-0.8913447,1.7378032,0.37230077,2.6809113,0.8614557,0.6744289,-8.369088,21.918398
TCGA-NJ-A4YP-01,-20.567669,-5.26908,9.348016,6.6247416,10.420861,23.125282,-2.8385434,0.3490901,-1.3003738,1.0859462,0.26503602,2.7543814,-0.8775867,1.8183904,0.9968716,-12.276808,8.232393,7.591436
TCGA-05-4424-01,-26.225782,-5.9532027,4.1744447,-9.515538,1.0677416,30.395033,-6.478247,-0.7194075,0.37934077,0.0005795616,-1.5558134,0.44509214,1.5769536,3.2003388,-0.119245075,4.067908,0.29368562,-0.4351003
TCGA-97-A4M7-01,-28.507086,-18.420914,-8.290655,-3.04686,-6.1888537,34.069714,-8.179278,0.4459948,-1.187559,2.0134645,-2.0207443,1.4806774,-1.130277,3.0622995,1.904557,-3.1670856,-1.2113527,22.208052
TCGA-NJ-A55A-01,-27.243711,-11.543036,-14.0339,-12.5079975,-9.946494,34.469524,-7.1634517,0.81956244,-0.6511612,0.5005096,-2.174191,0.9775732,0.5867237,3.4547215,1.1703918,-8.394188,-4.674291,1.8659767
TCGA-78-7162-01,-23.75732,-7.4918375,-16.294441,-18.909521,17.645275,26.572256,-5.984555,0.74702585,-1.0462639,-0.46177834,-0.7059372,1.480321,1.0650843,2.2970028,0.77823585,1.8440944,-3.1958344,-8.982956
TCGA-38-4632-01,-22.45132,-8.723134,16.10563,-12.485363,7.0842314,20.120203,0.22693971,-0.15766574,0.80730045,1.3601177,-0.6635602,1.6700115,0.13772069,1.988823,0.46718222,-4.401074,-5.333166,1.8189367
TCGA-49-6761-01,-19.52655,-1.0246112,15.880692,-5.818547,5.0365944,20.873274,0.059278972,-0.5770204,-0.4040395,-0.9028684,-1.5037962,1.7443354,0.94193983,4.0087056,0.027974674,-13.734772,-6.0988383,6.1258593
TCGA-91-6828-01,-25.704983,-7.0177836,-8.629821,0.9680059,7.077982,25.867657,-13.976379,0.18117505,-2.242142,0.42171496,-1.6341301,0.15883766,0.6467814,2.798558,0.44177136,-2.6561646,14.423716,22.979248
TCGA-99-AA5R-01,-26.19425,-2.2787764,-11.705608,-13.6678,9.075215,31.887682,-4.9345813,1.9583982,-0.7984223,-1.6767106,0.53194195,2.5458393,1.9969618,3.3811111,-0.41391158,-1.3326911,-17.679585,9.412151
TCGA-55-7903-01,-19.452488,-5.18373,9.404531,-5.855519,11.169281,19.728376,-6.8053064,0.38863748,0.549773,0.6541287,0.696938,2.5432227,1.6390992,2.1791377,0.30987254,4.375041,1.872079,28.368576
TCGA-55-A492-01,-18.68539,-6.79227,-18.32882,-3.1707351,11.754335,20.403324,2.2693207,0.712718,-0.43625367,-2.182837,0.32148618,2.3988974,1.7624317,2.110664,0.511036,-8.405918,-7.890377,7.4118757
TCGA-55-8616-01,-21.714685,-6.431228,-4.1870093,-13.604337,-8.878849,27.0085,-4.4542413,-1.7163539,-0.57675105,-1.120975,-2.8825262,-0.40386632,0.8404562,3.3021371,1.0699894,-3.3973048,9.961365,10.179392
TCGA-86-7954-01,-24.57767,-12.350966,3.346801,0.14255215,-9.024797,30.5973,-9.82204,-1.9515204,-0.30505097,0.7697578,-2.5137513,0.69306886,-0.77566856,2.97113,1.5727347,-7.44136,-4.4550657,-8.785995
TCGA-05-4433-01,-20.806,-4.135957,4.018959,2.4642117,13.06439,26.680365,-9.838373,3.6234567,-3.5583768,0.8647414,-0.28472602,-0.13756031,-1.5043253,1.0615251,0.58596885,-8.9770355,7.5284634,17.415724
TCGA-69-8253-01,-19.216288,-3.2048123,-5.3027205,-6.2365637,13.953109,21.558432,-0.82679135,0.4944493,-1.0423384,-2.063845,0.33249843,2.5422351,2.1037557,3.1056707,-0.14288071,-10.230961,-1.3110465,7.626583
TCGA-86-8674-01,-15.695401,-8.416371,-5.7718472,4.012065,12.448714,14.477274,-0.33566433,0.035208464,0.2410266,0.0032601352,1.2068218,3.4644191,0.8552762,2.3423655,-0.03811234,-5.014774,2.109357,0.859244
TCGA-69-7765-01,-24.179926,-2.973901,11.492868,-14.155528,4.1198945,27.80406,-4.0493026,-0.54188514,0.4053591,0.15098886,-0.45468155,2.3162367,1.4113344,2.3595326,1.3969615,5.349006,-1.1020597,27.550098
TCGA-86-8672-01,-17.80568,-2.0740514,12.831108,3.4302256,16.823977,20.515772,-0.86220044,0.37670082,1.0276386,1.204184,1.0555779,2.9422953,-0.62537825,1.2290152,0.7494317,-1.6910092,12.746593,17.72617
TCGA-MP-A4T6-01,-20.608011,-7.9178867,-6.5186586,3.5044825,-14.6203165,27.954456,-6.3491654,-3.3008623,-0.4019013,4.209936,-3.2968602,0.4654648,-0.5193958,3.6940093,1.2689625,-13.285946,-10.295057,-12.061852
TCGA-97-7547-01,-20.490631,1.4595207,4.947456,-6.9029617,-7.740643,26.091354,-7.2741504,-0.40011504,-0.5782167,0.16458091,-1.3188272,0.5984853,1.0377117,2.9805665,-0.23101075,-6.0036016,-0.9894889,10.395643
TCGA-55-7911-01,-19.814018,-3.805288,5.68009,-3.8931046,13.430728,22.977146,-7.761229,0.6816242,-0.11845209,-1.0982832,0.5140397,1.9349794,2.2614594,1.7258885,0.49134237,-1.4671003,0.2405197,8.465723
TCGA-91-6835-01,-27.149157,-7.494172,1.0318297,-9.400846,-1.7816191,33.96721,-2.151185,0.13199781,-1.6199377,-0.5391219,-2.5049434,-0.55380243,0.39982423,2.9901474,1.2803444,-9.09333,-4.8278174,-4.5520625
TCGA-55-A48Z-01,-23.897432,-9.095974,11.167044,5.617451,-12.948285,31.06275,-0.4330022,-2.121107,0.33942646,0.62946445,-1.5525438,0.9555491,-1.0020417,2.307237,1.1824652,-4.647581,-11.581219,-4.116548
TCGA-50-5045-01,-27.338358,-11.569533,7.2551556,-12.446689,0.84548986,30.945305,3.9042106,-0.4217403,0.0600102,-0.797651,-0.91890913,2.2396805,1.2111607,3.141452,1.2498189,-2.610413,-13.263081,4.657026
TCGA-55-7913-01,-14.984767,-0.7816022,6.474418,20.395004,-1.6688704,20.834719,-6.030788,-0.4498601,-1.1024824,-0.4180322,-0.8348462,1.1021683,-0.77734643,2.269503,0.7114697,-11.84847,6.89892,-3.3402584
TCGA-86-8075-01,-24.168257,-10.610199,17.84369,-2.8769364,-10.054347,30.632809,1.9287637,-1.8202313,0.628805,0.6564025,-1.618963,1.5763286,-0.3773932,3.3770022,0.7125903,-9.049576,-8.388817,-5.7346272
TCGA-97-8177-01,-27.275927,-9.535769,5.636967,-7.7342134,-5.663308,31.503767,5.163158,-0.32906437,-0.62211645,0.35995802,-1.4075229,1.8335645,0.20328875,3.345058,1.3919805,-6.24181,-1.7309254,-1.4804019
TCGA-55-7907-01,-20.796408,-6.9936175,8.256142,-7.9066734,-2.7676675,26.830532,-3.9666238,-1.0204787,-0.8600635,0.04022323,-1.8527082,0.27993906,1.2674465,3.1796663,0.10409952,0.099383764,4.925889,18.55007
TCGA-44-8117-01,-20.269178,5.083678,7.429502,-12.449039,4.260409,20.336641,-1.5060474,-1.3374956,0.028374728,-0.17116939,-0.98454887,1.7514877,1.193413,3.080865,-1.15421,0.19655363,-5.6993127,14.732902
TCGA-86-8668-01,-24.124516,-5.010628,-3.275235,-9.615417,-4.19085,30.222515,-4.6541715,-2.3280513,0.08538387,1.9055036,-1.9800483,2.7147434,0.9400451,4.3910832,2.530144,-6.983476,-4.4642754,9.405472
TCGA-78-8660-01,-21.631474,-6.9541397,4.065349,-6.0587926,18.313467,22.6738,-5.9519362,0.5247398,0.034349322,-1.5081197,0.3630137,2.7412026,1.5707811,2.649964,-0.06383546,0.5045876,9.284365,22.815681
TCGA-05-4415-01,-13.978595,0.2064761,18.599125,10.524246,29.825226,17.383705,-1.1553537,1.6802268,2.1521313,3.9316902,2.4570768,4.1473083,-1.4323992,0.4685893,1.0892029,-5.963638,13.0831785,-2.343789
TCGA-75-6212-01,-24.013268,-5.3570523,1.0941635,-13.778391,0.2837347,24.690676,-0.41757527,-0.45720798,0.92901397,3.5554807,-0.086598784,3.7683566,1.0858915,3.3189878,1.970366,-4.17526,-20.605366,5.972603
TCGA-67-6215-01,-19.980362,-1.4027735,4.1255484,-4.174463,3.3887532,20.031685,-4.5984035,0.93858373,-1.1258836,-1.3558207,0.16341558,1.539064,2.5010812,2.9804637,-0.48366058,-10.611571,-6.036294,18.945635
TCGA-49-6742-01,-21.235754,-3.377329,10.645515,14.761926,12.579234,24.869062,0.9382164,1.6022267,-0.97901785,3.567394,-1.8582467,0.3177055,-0.95775807,2.4944289,2.3418126,-2.3987668,4.5539975,-21.225033
TCGA-69-7979-01,-20.690928,1.096589,2.9457932,-0.3144387,-7.1112013,24.445383,-0.4771944,-2.043363,0.14605944,-1.0947523,-1.827525,0.8139654,0.8209126,3.1030333,0.09264029,-15.724328,-3.6589391,-2.9609828
TCGA-69-7973-01,-25.685299,-1.6420187,-9.821939,10.154294,2.6790378,26.73534,-5.0077953,-1.2155789,-0.9732238,0.88995165,-0.88480365,1.2150987,-0.59112537,2.1378837,0.45634282,-13.992588,-6.1550646,13.354418
TCGA-73-7499-01,-24.765951,-16.071302,4.1612153,-0.7508714,-9.676209,29.494349,1.7245789,-1.6999998,0.10611689,-0.9971941,-3.10443,-0.7030047,0.57537353,3.723624,0.105519705,-8.011946,-5.274227,-5.3629065
TCGA-44-A47A-01,-23.765356,-1.2725395,2.7556968,1.9889531,-5.469701,26.016499,-3.3716476,-0.20329434,-1.8258306,0.17867756,-0.75268394,1.3892132,-0.07489909,2.591089,-0.25440288,-2.2477279,-2.2549756,18.085886
TCGA-78-8662-01,-12.747851,-2.367093,3.977656,-5.6742435,3.1994655,16.01896,-1.0878358,1.6009047,0.8822802,0.116068,1.2539023,3.0544271,0.5792042,1.6834134,1.1691159,-14.254929,7.5675073,-13.90424
TCGA-55-8085-01,-22.026394,-13.252426,-6.7291684,-0.084532306,13.437205,22.695017,-3.6493611,-1.4052298,-1.3953803,-1.302887,-1.0698245,1.561048,0.019188678,2.4553976,0.45834294,-0.5079537,-3.5121615,17.294607
TCGA-75-6206-01,-17.495249,-5.9235787,-7.7855134,-12.155431,12.169685,19.941782,-8.547345,0.21381201,-0.9309897,-1.4844725,0.45697683,2.336618,2.1254232,2.1085575,0.6426171,-3.8924115,-18.296515,25.218132
TCGA-50-5932-01,-17.90329,-1.3237954,-0.6085197,-9.666151,11.93332,18.40928,-8.753113,0.23731562,0.391649,-1.5602549,0.46664995,1.8732342,2.2502599,1.5234615,0.16920575,-14.174977,-14.402628,17.380219
TCGA-50-6594-01,-17.024157,-1.947402,20.736824,-1.3532224,-3.27629,23.696806,2.800168,-1.1511154,0.36987323,0.49234048,-1.6788033,1.3843657,-0.7333234,2.8756888,1.7921404,-6.6493335,-20.086971,-4.4254265
TCGA-49-AARQ-01,-19.770424,-17.37637,-2.2118373,15.382192,-9.7740345,27.19056,-1.4206027,-0.68498933,1.6159799,2.141551,0.22955412,2.7756171,-1.3521267,1.4234351,0.7743823,-16.396587,-13.922309,-13.550451
TCGA-55-7574-01,-26.797766,-5.9408026,-3.211957,-5.5444303,6.1774945,29.051897,-5.111976,0.46241006,-0.8005095,0.1028767,-0.66341084,1.7594575,1.2816387,2.986605,0.7442666,-6.3488855,-0.8103774,8.577621
TCGA-50-5066-01,-25.241022,-11.219318,13.863087,-9.515423,11.3877125,24.827414,-0.07251229,-0.34846252,1.3308764,0.9987294,-0.0759206,2.1348608,-0.5756818,1.7567943,1.5880054,4.990756,-5.2717333,14.704831
TCGA-86-A4P7-01,-25.92695,-6.2336106,-6.2548633,-6.9933605,-0.014294786,31.278618,-5.2141542,-0.96924865,-0.8853817,0.8984868,-2.3755004,1.4197931,0.51909083,4.0606737,1.4789176,-3.6402256,-5.670328,14.828808
TCGA-64-5779-01,-28.584843,-4.059332,-7.691297,14.805728,-1.5812056,31.983728,-8.025407,-2.9804206,0.6057258,1.2924937,-1.7113228,0.529373,-0.4219462,2.3629663,-0.386574,-7.8456197,8.625139,3.4203072
TCGA-55-8096-01,-26.384832,-12.045929,12.071438,4.609835,-15.545504,33.604996,-1.505277,-3.143967,-0.37789494,-0.07882942,-3.4864583,0.16194251,0.24450684,4.5293984,-0.52431804,-9.44422,-3.4122903,-0.4624463
TCGA-97-8175-01,-19.968527,-8.488975,16.635393,-0.00733231,6.363095,24.116686,-5.334241,0.4374651,0.42395067,-1.2687405,1.3142266,3.821684,1.0671498,2.306932,0.29368898,-1.437821,5.4518247,12.129948
TCGA-44-A4SS-01,-23.34929,-11.315073,14.446517,7.7681966,10.196875,26.88623,-9.005953,1.0556042,0.74088407,1.7531472,0.10540976,1.8598546,-0.8775931,1.7409858,0.9324795,-2.4158506,1.2563721,9.323665
TCGA-91-7771-01,-24.738176,-10.810871,-7.359999,1.6153822,10.484916,29.879433,-10.192015,1.5850718,-3.5670438,0.6834221,-1.8300283,-0.17861792,-0.8523561,1.9483064,1.3820004,-2.0834408,0.084996395,23.91973
TCGA-86-8278-01,-23.075945,-6.779279,11.172836,-0.7140577,-6.4671526,32.255844,-5.213424,-2.3351176,0.10467844,0.050359745,-1.8518332,1.6570168,0.723968,3.1263816,0.8516572,-8.861407,-3.5191267,16.247692
TCGA-55-8087-01,-22.667055,-1.986668,-6.341457,-6.3027554,-9.719314,25.905014,-7.8127637,0.25551236,-1.2301142,-1.1725972,-0.8437697,0.9628734,1.5178955,3.3498538,-0.9045751,-12.066742,-19.83526,14.977137
TCGA-MP-A4T8-01,-19.99276,-6.3333325,6.067324,5.568607,6.6982656,23.987772,-3.2727997,-0.8228085,-0.034755606,1.1311619,0.03713715,2.6771266,-0.74752796,2.0511017,0.06740082,-13.270964,5.5581436,27.99245
TCGA-L9-A5IP-01,-14.02209,5.5729804,20.54037,12.582251,15.724063,21.45597,-4.161025,1.7146038,2.8534706,2.1783745,2.7369027,3.711736,-0.7095778,0.16437364,0.70805675,-7.3615727,-2.1441848,-14.212152
TCGA-55-6979-01,-25.32871,-10.169715,12.166586,-5.1053305,-1.3379016,28.655947,-3.2867227,-0.5020341,-0.16875435,-0.111752674,-1.0325596,1.6259403,-0.2141873,2.874049,1.0515934,-7.528156,-12.575561,-14.009312
TCGA-69-7980-01,-24.330017,-10.406033,7.451811,-1.1011727,-5.064958,29.143244,-8.654173,-1.6079043,-0.8157429,-0.0009203511,-2.8999727,-0.18316443,-0.13994333,2.8156812,1.467325,-12.851229,-8.15869,-5.972771
TCGA-62-A472-01,-20.19763,-6.7806005,5.300485,-3.6600296,10.136017,23.58583,-7.141955,0.35443363,0.19005671,-0.85108227,0.9069929,2.318698,2.059202,1.9471638,-0.30887088,4.10371,-0.31019193,29.073116
TCGA-55-6642-01,-23.163101,-3.0592666,2.4896631,-0.03548895,3.874033,26.417242,-7.0926147,-1.2573261,-0.7824513,1.2820244,-1.0375714,1.2112488,-0.1490696,1.7994058,1.2918645,-5.100268,10.203044,16.526403
TCGA-86-7701-01,-27.129068,-6.964841,-6.8799944,9.708869,8.376807,28.530035,-10.328423,-0.36821452,-1.4895201,1.7889043,-1.6750823,0.4697751,-0.63011575,2.2404726,0.5308297,-3.8390388,6.814202,24.04542
TCGA-62-A46R-01,-20.512226,-6.31978,1.678254,-12.561674,-2.327411,23.365175,-2.634882,-0.5159215,-0.1386252,0.6963899,-0.9716838,0.6233915,0.9979862,2.3904433,0.13497378,-6.098996,-3.8307054,3.5557826
TCGA-62-A46V-01,-21.800549,-1.8337003,10.436107,-1.616827,-7.8847938,23.335213,-0.55740577,-0.71316946,0.97192746,2.0153434,0.8642829,3.6960762,1.7871203,2.636322,0.34405434,-0.944758,-6.694194,11.363543
TCGA-44-6146-01,-20.777115,-3.9093888,1.1183007,2.8657835,10.145358,22.504921,-12.29367,4.4076357,-3.4363666,0.8632813,0.6793521,0.6002296,-1.5647987,0.6720126,0.5443354,-4.2928953,-1.523579,32.364426
TCGA-55-7914-01,-21.388947,-2.8232627,4.6931715,-4.43276,-1.0174518,22.366945,-8.897253,0.48041618,-0.44546127,0.50267464,-0.6550642,1.2972581,1.2143202,2.5701566,0.36098915,-8.235298,-1.6686472,21.82199
TCGA-86-8669-01,-26.685148,-10.867157,-16.39784,6.359569,2.9788904,25.80871,-7.864902,-1.274936,-1.1224664,1.293578,-1.3354249,0.0161516,-1.51404,1.1530089,0.05672005,-2.355691,9.780187,26.286673
TCGA-49-AAQV-01,-23.751616,-11.644555,6.470066,3.521701,-11.944714,30.29649,1.5310493,-0.78820354,-0.8116178,-0.475052,-2.0564134,0.64849335,0.35946664,3.6974897,0.26082456,2.738701,-11.14588,8.577503
TCGA-78-7149-01,-20.545256,-10.753472,-11.772064,-3.2818496,11.229796,22.998629,0.65867907,-0.16630046,-0.9135741,-1.7363377,0.09879571,1.9254155,0.88464147,1.0206504,1.6283875,-12.1512165,-1.6961526,11.960454
TCGA-86-8055-01,-25.764277,-12.179418,22.14017,-3.0772383,-8.169562,31.113338,-3.7009802,-3.2933102,3.02887,2.490422,-2.3774698,1.5639286,0.3264998,3.5509567,1.0715708,-3.4685836,-4.122787,9.365956
TCGA-91-6829-01,-23.303188,-3.819747,13.829387,-4.7720084,1.0483534,28.571745,-5.5599236,-1.2758098,1.4913495,2.883059,-0.5380776,1.0076905,0.22191584,1.6584084,1.6430745,-8.346556,6.6393003,6.4247384
TCGA-78-7163-01,-14.281889,-12.194657,3.6485848,-3.0104523,-9.333743,18.349674,-10.254424,-1.7014081,1.1092961,4.5837235,-1.8847295,1.6890731,-0.035504844,3.344251,2.600106,-5.255236,-17.766087,29.752462
TCGA-62-8398-01,-20.301264,-3.3392916,14.026914,13.055934,15.582116,24.464788,-6.448037,2.8023267,-0.20885845,2.9055438,2.3848455,3.5350628,-2.6547177,-0.18211499,0.5845297,-2.5086195,-2.2694252,16.549862
TCGA-38-A44F-01,-28.379232,-18.800688,-5.0925307,-2.693826,1.8592254,35.156113,-4.6725535,2.1354275,-2.537526,-0.088239014,-1.2268131,1.0018624,-0.31102058,2.408831,0.87661755,1.6774415,-1.3714308,22.284523
TCGA-38-4631-01,-17.77672,-4.5260353,21.28348,20.427704,4.698409,22.743214,3.0413003,-0.9200195,0.3672825,5.2088113,-2.8874447,0.5280729,-3.2618248,2.0397663,2.1082873,-12.636989,11.99892,-30.681667
TCGA-L9-A7SV-01,-19.684315,-5.189616,-4.604053,-1.3978752,-1.6873704,19.500101,-7.2726808,-2.2495844,0.96469855,0.2882218,-1.1282959,-0.31135166,1.0476198,1.6920781,-0.43954462,-4.1358647,7.793408,0.3767964
TCGA-49-AAR2-01,-24.645731,-7.7615347,-12.438395,24.113794,7.6621437,21.78668,-2.1446671,0.699423,-0.1471251,0.03973976,1.0491495,1.7250923,-0.16088821,1.3327526,0.22127555,11.586964,-5.5152845,-2.7700567
TCGA-MP-A4SY-01,-24.970509,-9.353974,14.382001,-2.1875284,-2.1154702,29.49296,-3.2056742,-1.1878843,0.4865914,-0.5121484,-0.9547745,2.405159,0.47011617,2.6065216,0.7093841,-2.3016088,-5.7861013,22.847124
TCGA-44-6778-01,-29.651499,-1.995787,-12.420276,-1.5581446,17.59977,32.482048,-10.119936,-0.6278094,0.84105104,1.8150184,-0.12557943,2.148615,0.78868055,1.9471991,2.692925,7.245271,-0.9725664,4.2950497
TCGA-55-8510-01,-24.65368,-6.8152313,3.5966594,-10.730795,4.0397325,28.20575,-2.1660256,0.7635391,0.40635473,-0.72642064,-0.27426675,2.0643604,1.0540154,2.8620942,0.5071188,-7.563767,-8.965273,-3.1744056
TCGA-50-5946-02,-25.254955,-5.8696494,12.474707,-3.3951862,-7.2393894,28.528406,-7.1226163,-0.83953196,2.6298199,1.8359829,0.84486353,2.4420257,2.4250443,2.1721547,-0.27911308,4.605533,3.605129,-14.009363
TCGA-MP-A4TD-01,-28.642242,-10.129079,-11.22726,5.868027,4.7990913,29.87041,-5.2684155,-1.2725596,-0.46975023,0.6648295,-2.495531,0.39063013,-0.5429329,3.5017607,0.45879588,-9.862478,12.172395,0.81756496
TCGA-55-8205-01,-20.344114,-2.9238636,10.735701,-8.039203,15.709316,24.297512,-7.182696,0.18291588,0.71643233,-0.39380386,0.36792877,3.0163546,0.2818052,2.1780205,1.3428853,-5.443447,7.827644,0.13296083
TCGA-55-7573-01,-25.593607,-8.639693,-7.771943,-12.874347,-6.838029,32.54581,-4.246942,0.970138,-0.5543184,-0.31358534,-0.98476666,1.0996618,1.7897892,2.8899508,0.9404891,-6.1215787,-12.652351,10.155296
TCGA-MP-A4T4-01,-22.710234,-5.942583,5.7560287,-7.01038,-0.73343796,28.596157,-1.8591249,-0.8695893,-0.076138884,-0.36109146,-0.9787119,1.1738676,0.4204358,2.478141,0.34926495,-5.776516,-5.609043,-12.165327
TCGA-97-7941-01,-26.183416,-10.095261,-2.6616306,0.31584764,-3.2249303,33.285843,-8.347763,1.4570014,-2.372913,0.6242833,-1.7887877,0.31824648,-1.104828,2.6937892,1.1330885,-10.215649,-6.3511744,10.322133
TCGA-55-7994-01,-17.537458,0.1246346,10.435103,-2.120047,16.646893,19.98526,-9.155206,-1.2873443,1.7405187,-0.016516076,-0.1346039,1.41594,0.71671474,1.6893362,-0.8402402,-2.423553,10.940648,6.0481215
TCGA-50-6591-01,-21.36117,1.4128358,13.773631,17.733286,-9.982666,22.644032,-2.9208763,-4.5924263,2.9425433,6.430267,-2.609373,2.4223857,-1.1805426,3.4555743,2.1053722,-7.732403,14.33902,-21.926247
TCGA-49-6743-01,-21.88536,1.3054297,17.746738,3.4778278,5.976605,25.592556,-4.495771,-0.8458676,2.2609613,2.6511207,-0.059759032,1.6430142,0.032853503,1.5701697,-0.003492671,-8.512776,-5.9718113,-21.044416
TCGA-55-8206-01,-26.509932,-7.2233844,-9.349816,-16.789072,2.4466715,29.223333,-7.5210705,0.455567,-0.478037,-0.8798608,-0.8269251,1.2091261,1.5413151,3.4563844,-0.80120945,0.11282878,-13.500299,26.277603
TCGA-MP-A5C7-01,-19.84574,-6.111837,-20.071917,6.416186,5.361932,19.184507,-4.6626334,0.12093293,-2.0388346,-0.07863063,-0.27627915,1.0305629,-0.6464078,1.4099035,-0.5528834,-8.914476,9.676908,5.9620185
TCGA-49-AARE-01,-21.75807,-3.5349743,3.5850155,9.812487,-3.958721,26.127684,3.6846824,-1.9420631,1.5647743,-0.096316874,-1.836894,0.323564,-0.05210846,2.5307305,0.2469348,-11.098681,4.4805937,-23.006126
TCGA-86-7955-01,-11.667418,-0.50848234,8.203813,18.42034,9.791835,15.313244,-2.7572289,0.29641712,4.4387746,2.5969036,3.3123307,4.3366585,0.73822796,0.0030548582,-0.4807817,-10.8660345,24.06142,-13.1031475
TCGA-49-6744-01,-25.154543,-6.543459,6.858746,-12.736219,-0.9867724,29.569305,-1.275016,1.0153888,-0.5014706,0.6933179,-0.48884782,1.369381,0.76111287,2.1815765,1.2322495,-10.385323,-6.594309,-12.541938
TCGA-95-A4VN-01,-22.423492,-6.467128,3.5671842,-5.7978296,8.5570965,25.081545,-4.239592,-0.09271767,-0.2018474,-0.8283737,-0.6122203,1.7978423,0.6999701,2.408702,1.1109204,-5.8905435,-1.4235114,-7.736024
TCGA-55-7576-01,-21.955688,-3.0251718,13.491163,-11.6384735,5.449582,25.878958,-3.143229,-0.23527169,0.027693927,-0.633307,0.069484636,1.8433467,1.3440708,1.9624397,0.4081168,-2.3366473,0.7701356,8.814627
TCGA-53-7626-01,-23.341516,-1.211338,-3.0542834,-18.817356,6.202923,30.05734,-4.7355146,1.1786989,-1.0118281,-0.42938402,-1.207741,0.6328765,0.79904544,2.7225897,0.8719257,-6.121791,-7.390103,10.585527
TCGA-97-7546-01,-24.969595,-7.115588,-6.8118663,-19.32751,-1.9587033,31.347296,-1.3459044,-0.95775443,-0.98081845,0.72801036,-2.8299356,0.5782826,1.3112206,3.534753,2.3120978,-7.7467465,-14.542482,5.898659
TCGA-44-7672-01,-25.796913,-8.787665,8.57275,-9.265603,-0.882801,28.403582,-1.8239686,-0.35195336,-0.97553563,0.7167572,-1.6764296,0.65876436,0.14746521,1.8058037,1.2767903,-12.609578,-3.2072842,-22.784994
TCGA-62-A46O-01,-11.403045,1.5695258,16.746809,20.208782,10.289555,17.787445,-0.111318044,1.5325096,1.93939,1.9730488,2.355166,2.8819299,-1.869271,0.11662989,0.19032672,-10.30713,12.276199,-33.447056
TCGA-55-6984-01,-19.646994,-6.009877,7.141838,8.498198,6.5228906,24.397305,-4.646914,3.2401347,-1.7665045,0.7326101,1.0311968,2.8878076,-1.4324259,1.1547117,1.7119437,-12.962453,-4.596992,-5.440929
TCGA-97-8174-01,-25.17918,-5.531268,-15.611666,-11.166185,15.296932,27.513168,-10.204314,0.36890367,-0.92622024,-1.4230578,1.3743527,3.0995061,1.6705728,1.7320248,0.72064084,-0.9022665,-6.6598334,27.043268
TCGA-93-A4JO-01,-22.469467,-12.059696,-7.943269,-9.060155,2.7347841,30.684114,-7.318658,0.95766926,-0.31694257,-0.9966574,-0.74284464,1.5969174,0.7959059,2.7889338,0.80735636,1.8270296,-2.6787426,28.610947
TCGA-97-7937-01,-18.027098,-6.011433,8.177435,-7.8833365,-4.0554953,18.528318,-6.2070246,-1.2639873,0.97345847,1.0214553,-0.72708803,1.2030147,1.4236027,2.4808147,0.028566966,-6.513277,10.5669155,20.843613
TCGA-50-6597-01,-18.85652,-12.907139,0.83633685,-6.707994,-7.2891846,23.378054,3.7482932,-0.11035184,-1.0660186,-0.54148275,-1.4076055,0.09174563,0.6462871,2.5044405,0.13406077,-8.73209,-9.647831,14.927273
TCGA-99-8033-01,-18.66287,-1.6021599,11.062743,6.0519357,18.781498,22.68902,-2.22523,0.67104614,1.051732,0.44060788,2.0506454,4.143549,-0.5857565,1.3886453,0.93647474,-7.8519998,-3.2884037,-5.7235746
TCGA-55-7570-01,-22.595898,0.78963244,3.6498168,16.555113,12.667786,21.658838,-2.2380466,-0.30356994,1.8750283,1.2875566,0.8116197,2.78974,0.3277906,1.5299032,-0.10747977,4.7842546,5.390942,-4.2565837
TCGA-69-7764-01,-23.480114,-11.734079,-8.668736,-3.1361465,12.597841,21.61257,-13.534425,-0.27500916,-1.7164596,-0.44285616,-1.7154684,0.019195834,0.36035302,2.153469,0.6405943,-10.595213,-5.8978066,18.35915
TCGA-05-5715-01,-22.079077,-2.3938208,15.861534,-4.3991675,-4.694587,24.415182,1.018805,-2.117156,-1.2042013,0.3105904,-2.8513002,-0.5953484,0.7601133,3.3077643,-0.7270293,-15.772501,-1.0710748,6.8586464
TCGA-50-6590-01,-19.85451,6.06468,22.741383,-2.3910658,4.6244326,23.275536,-1.5722973,1.1380262,2.1711388,2.4294584,1.1995857,3.4064324,-1.3679223,0.81933725,1.1432291,0.7966165,-3.48183,-0.007903906
TCGA-86-7713-01,-20.141603,-8.134222,-12.387991,9.995847,12.003561,21.125933,-10.464593,0.9527677,-0.98563313,0.24117352,1.5969298,2.4657493,0.49974728,1.1978234,0.4037506,-19.12564,-8.105574,-18.82802
TCGA-S2-AA1A-01,-27.05575,-9.816884,-7.1500874,1.9999633,-1.8903334,31.675243,-5.87498,1.912008,-1.6177006,0.0847365,-0.25144866,1.2272968,-0.70034266,1.9260178,0.3542644,-4.5655,-11.019976,14.019465
TCGA-75-7027-01,-21.752365,-3.1500235,12.5113325,12.409149,12.578226,24.676662,-7.7210793,-0.37536255,-0.9315208,2.06877,-2.4383345,0.82185715,-2.5388029,2.472441,2.0199301,-14.707052,-0.90846044,7.7716274
TCGA-50-5049-01,-23.781342,-8.376032,5.824751,-15.775122,3.6699116,27.735352,-2.614484,-1.5386282,0.9135264,-0.26746044,-1.6789104,0.6985327,0.6490269,3.5237634,-0.31487995,-3.482584,4.786916,7.380819
TCGA-55-8505-01,-20.602188,-2.7080035,18.702572,15.523273,9.792331,24.718147,-1.4671485,0.45030534,0.38114643,2.1393776,-0.27251202,1.6766069,-2.1042469,1.3703429,1.8791616,0.05255335,12.678692,8.6678705
TCGA-49-AAR0-01,-28.364105,-12.032503,-15.178994,5.2217374,7.3594327,32.61412,0.74990267,-1.1641502,0.07042125,-1.5855343,-1.0887765,0.4742927,0.78283405,2.6930156,0.04883472,2.1136637,-3.9456913,16.998774
TCGA-MP-A4T9-01,-24.798136,-7.5799966,9.120965,-6.340263,0.34619454,30.571774,0.14282736,0.6886362,-1.2651712,-1.4338244,-1.6212074,1.0866915,0.879852,3.653571,0.60368794,-8.016445,-7.4109035,2.8603237
TCGA-95-7567-01,-16.93753,0.46387094,10.504002,-10.260069,3.1104338,20.490883,-3.0782409,0.021356234,-0.08841977,-0.089282036,0.33119965,1.7420149,1.3799512,1.2107359,1.0054619,2.693018,1.111282,23.20195
TCGA-86-8673-01,-16.618101,-7.274747,6.008296,7.1067867,4.76286,22.430649,1.6794326,-1.4022232,0.22012623,-0.025126375,-0.21597007,2.2848756,-0.20849144,2.3127656,1.1878529,3.9299884,3.654259,30.336573
TCGA-55-6543-01,-20.244576,-3.2005956,7.062977,-9.357088,1.2163656,25.485413,-5.7222805,-1.5131801,0.87083584,4.260598,-0.96528965,3.0475454,-0.4633232,3.3134172,1.5922314,-15.959705,-26.598259,-5.310077
TCGA-NJ-A7XG-01,-16.521439,-9.107027,-1.0097094,-2.7679842,-1.7858955,20.392809,-10.129037,0.37504253,0.27477616,2.2645476,0.50221175,2.2421236,0.85699415,2.0214267,-0.060475845,-2.977136,-14.0606165,35.287117
TCGA-86-8280-01,-26.897161,-10.678301,-3.7947319,-12.338535,-7.6618776,33.59867,-0.7896927,-1.8199706,-0.23561944,-2.0165684,-2.5748909,0.6211413,0.46209717,3.3486335,1.317533,-5.853383,-14.970194,2.5442488
TCGA-99-8028-01,-26.659878,-10.744906,0.81190014,-11.708574,0.34107974,30.372494,-0.115947,-0.33597037,-0.21494214,-0.6386996,-0.74565357,1.7678307,0.83434784,2.7603905,1.0209852,0.9043779,-13.951614,5.7241426
TCGA-55-7725-01,-20.440186,-6.8094373,-2.3919263,-12.36613,2.7882378,23.522964,-10.826227,1.915793,-1.2592504,0.50995547,-0.14287004,0.41738704,0.7539594,1.645884,0.42905587,-12.548904,-10.661291,11.608914
TCGA-64-5778-01,-20.43025,-18.556837,2.7553568,-11.506031,5.273309,23.45489,-1.7936954,0.04303112,0.01310216,-1.8314213,-0.5544582,1.2319647,0.93654287,2.6674144,0.5171169,-4.6232567,-3.4672568,12.823743
TCGA-86-8671-01,-26.060505,-9.107237,-2.2007976,-7.410867,0.8673364,31.87123,-3.522938,-0.029643029,-0.9056549,-0.33885032,-1.3302603,1.3022718,0.26376635,3.3074932,0.7192428,-0.83587176,0.46066684,7.4995174
TCGA-69-7763-01,-23.058764,-6.2349367,-3.637497,-12.735316,13.74508,25.613426,-6.0973954,1.0440208,-0.35442865,-0.79217374,-0.040911425,1.888222,2.1239748,2.667038,0.536083,0.82432526,-1.4471267,25.379087
TCGA-97-A4M1-01,-24.55451,-6.9305716,-15.481255,-11.301463,0.14159875,30.083883,0.098235436,1.177576,-1.4593883,-1.8368435,-1.0442549,1.1662261,1.8163561,3.4752717,-0.004591449,-3.7224853,-17.847075,7.4849668
TCGA-86-8359-01,-18.736467,-9.488301,4.910025,6.339915,5.6239424,24.260494,-10.472936,-1.0839278,-0.02428174,0.13914575,-0.8867414,1.2949241,-0.45819378,2.2585104,-0.040326983,-11.129165,1.7465152,21.789001
TCGA-05-4405-01,-24.06442,-2.1013608,6.6590266,-12.900878,-7.447485,27.566095,-1.2012181,-0.025979938,-0.5523712,1.0726815,-1.2843615,0.9690008,1.2414222,2.9307425,0.81247866,-6.9049077,-12.448812,13.61018
TCGA-62-A470-01,-24.941011,-13.256346,-19.10666,8.698225,11.734495,25.304636,-5.8217854,0.28679755,-0.8781775,-0.27704602,-0.879878,0.42394403,0.12581648,2.3411734,-0.34694576,-7.5287576,8.739578,5.798206
TCGA-49-4487-01,-23.423948,-5.697763,0.87640727,-1.3615597,8.760731,25.24829,1.0955946,0.21963005,-1.0250622,0.33523297,-0.36740535,1.8140671,0.44709253,2.0358808,1.3305532,-13.10615,0.144921,-12.242351
TCGA-44-6145-01,-20.718365,-5.0274754,8.578772,-2.9076145,16.439735,24.342716,-3.1040766,2.090653,0.27042627,0.46589315,1.1059176,2.964461,-0.099874765,1.6462115,0.7783418,-13.877153,-3.4801462,-3.4985063
TCGA-91-8499-01,-26.282663,-0.97659093,4.029372,16.491121,-1.6922249,26.72783,-1.632678,-1.7837754,2.3268101,0.70467675,-0.87698674,-0.012257051,-0.36808178,1.5341718,-0.776376,-7.081913,27.852234,-27.308962
TCGA-95-8494-01,-16.659027,-3.312696,12.402549,-5.570596,9.00929,18.210299,1.853275,-0.9051047,0.15631448,0.13411042,-0.85609096,1.8176571,-0.25198492,1.942654,0.42255875,-0.41517407,3.6402316,26.70199
TCGA-64-1681-01,-26.414055,-13.054374,-5.0508423,-13.073559,-10.949225,30.63932,1.8695759,0.52863264,-0.715674,-0.08031158,-1.5804698,0.24942327,0.5346054,2.6741447,0.58758646,-9.001132,-3.2134364,-42.222626
TCGA-55-A491-01,-23.505877,-7.318911,11.878147,6.4249377,-14.213547,29.364666,-3.8865626,-0.62919843,1.5701815,-0.36464363,0.0032684896,1.9549335,0.68925285,1.5616194,1.4230641,-5.5247235,2.1012065,-0.6699988
TCGA-75-6214-01,-17.403553,-0.15261804,30.307913,8.520492,-8.219551,23.135107,-7.272418,-1.5280675,1.0215038,0.28706336,-1.9496737,0.88985354,-0.40894508,2.975385,2.0486999,-11.380596,9.578146,-21.236118
TCGA-86-6851-01,-20.585663,-5.93942,6.6611505,-4.2752156,-1.4145994,27.84373,-12.091002,-1.228102,1.1273377,-1.3725866,-0.48787895,1.0455841,0.8986377,1.9652706,1.1666833,-13.6569395,-6.2352915,-12.821492
TCGA-91-6849-01,-19.796,-6.6195006,-9.841272,-8.672102,11.121849,22.610699,-2.0408561,0.34525996,-0.6180484,-2.3269181,-0.10427886,2.59158,1.4452013,3.219754,0.27999556,-8.644917,-9.437618,9.089944
TCGA-62-8402-01,-20.515497,-5.8815618,2.296227,16.835613,-5.7433195,25.273365,-10.460199,-2.823792,0.10171241,7.9298353,-1.3895904,2.7192535,-3.6900244,1.377388,2.4082432,-8.550265,21.82262,-10.978775
TCGA-78-7156-01,-17.201391,-5.512283,-18.931282,-9.2695465,19.187397,17.583467,-9.742367,0.6312507,-0.8322294,-1.8282939,1.1665069,2.8239622,1.3987867,0.48166913,1.924736,1.2752908,-18.843597,12.157931
TCGA-50-5941-01,-20.864662,-6.6001973,8.300153,-13.856918,6.511064,26.25422,-3.864469,0.7352277,0.6979459,-0.28509942,0.27362677,1.9503288,1.4066738,2.1061978,0.35387793,-13.710453,-20.581856,-9.656912
TCGA-62-A46Y-01,-23.184479,-8.493345,-3.4868588,-9.314801,1.1595478,29.1211,-3.1505888,-0.07021568,0.26421535,-1.5374354,-1.2811718,1.4260249,1.2993569,2.9741569,0.9300591,-4.149492,-9.534273,14.611756
TCGA-44-7660-01,-25.450228,-6.699185,6.290679,12.699925,-6.996984,27.643652,-3.4435742,-0.62427133,2.4594302,2.6037915,-1.1473603,0.60005033,-0.8738751,1.7566091,0.57823735,2.180387,-2.7221677,-4.629571
TCGA-MP-A4TF-01,-16.253532,1.036815,17.202257,15.13865,9.197199,21.743998,-8.541004,0.016408226,0.26877338,1.8896141,0.14678322,2.2699623,-1.1403229,1.3342118,1.3551214,-17.796757,12.070629,-28.566036
TCGA-49-6745-11,-24.165005,-10.506602,-19.825727,-27.389847,10.0179825,30.030935,-3.3508444,1.7335765,-1.3124282,0.16055982,-1.4789517,0.5136954,0.87120086,2.6451685,1.0126421,4.53481,-8.305297,14.0278845
TCGA-62-A471-01,-16.52617,-5.7973967,17.910065,20.11514,13.072839,18.30382,-3.1840217,1.6713423,0.5995488,2.6566043,0.90100497,2.1110048,-2.4623284,0.050256155,0.0888754,-4.9669166,20.241245,-2.8673315
TCGA-55-8513-01,-25.767675,-11.247123,-12.50018,-4.7698545,2.5037296,34.318684,-6.366636,1.9279807,-2.6721992,-0.35992506,-1.6078959,0.91008735,0.035804078,2.993179,1.4216702,-1.5854908,-0.7396491,6.076356
TCGA-05-5429-01,-21.635078,-10.905127,13.788625,10.724974,2.3585734,25.211342,-3.7130907,1.9369165,-2.9101205,1.8656471,-1.3132205,0.5991519,-2.4431374,1.7404392,1.6296502,-9.078022,6.0764346,24.866722
TCGA-78-7167-01,-18.630072,-10.721118,-15.74151,-6.98315,4.544863,23.068762,-10.356021,-1.4526845,-0.87063843,-1.2570289,-1.401007,0.6559648,1.0821227,1.7264862,1.5611366,-8.122618,-19.268261,3.9881043
TCGA-50-8459-01,-29.054146,-11.533683,8.222989,-2.4112434,-1.8078573,35.51926,-4.636343,0.3895086,-2.1524842,1.5649279,-1.9037527,1.0888889,-1.5731013,2.2480175,1.4453224,0.6895601,-2.7154644,27.954065
TCGA-93-8067-01,-21.31323,-11.775556,3.1035304,7.107574,13.29141,24.8548,-8.410604,-0.94536227,-1.0649041,-0.936439,-3.5863662,0.2022707,-1.4566993,3.7754972,1.8078275,-5.501364,8.350554,25.649178
TCGA-44-6776-01,-17.922619,-2.3032455,-11.154943,-9.754984,9.311756,20.302963,-3.6247826,-0.25456467,-1.2955635,-1.0535483,-1.116531,0.9800982,1.5690451,2.1589372,0.8553426,-15.010221,1.9140455,-7.6814666
TCGA-44-7667-01,-18.605522,7.8456674,-2.6005192,18.432709,3.8396137,20.394218,-2.7220306,-2.537343,1.3273671,4.5665126,0.20817311,2.558631,-1.0060625,1.000795,1.8534346,-10.483576,14.351924,-31.393469
TCGA-86-A4P8-01,-25.252142,-3.267735,-20.751488,-16.181465,11.786466,31.730524,-7.3534684,1.9375893,-1.5497262,-1.8603431,-0.33454666,2.1180997,1.6030039,3.428364,0.32927442,-1.1919314,-11.521453,5.7780585
TCGA-44-5643-01,-19.930735,-7.5617437,10.170701,1.4371734,0.29195946,21.806627,-5.6543164,0.75263315,0.87572676,0.897198,-0.41304404,2.1006396,0.17471656,2.4098709,0.19197191,1.4455966,10.794735,3.710248
TCGA-69-8255-01,-22.555649,-4.747125,0.25082615,17.1013,20.90556,19.273573,-9.739994,3.6433344,-1.0287265,1.9041469,1.4858232,1.7488186,-2.6416602,-0.19717568,1.4180299,6.861917,7.5635223,-9.202568
TCGA-49-4514-01,-18.894392,-10.104434,3.374262,5.709676,3.7312975,21.441198,1.1523981,0.7168875,-1.6348569,0.50436145,-2.0666647,0.28892523,-0.082687154,3.0248816,1.0272094,-9.617028,-0.99428207,-8.686528
TCGA-78-7154-01,-24.80732,-6.1110773,11.847482,7.822393,12.035709,24.636219,-6.0152054,2.4066477,-0.8319302,2.7057397,-1.0079671,0.42608526,-1.3524483,1.6915438,1.5715526,-2.6386921,16.545685,12.59749
TCGA-44-2655-11,-25.349293,-2.694215,-18.86251,-25.416752,7.475477,32.237675,-2.6417713,-0.91423684,-1.1285597,0.8747783,-2.586859,1.1922693,-0.576717,2.2409155,1.5868082,-0.8015836,-9.930767,2.9205372
TCGA-55-8507-01,-25.697449,-7.483894,-12.121282,6.011604,7.810933,27.50133,-3.0027103,-1.4349272,0.21027735,-0.32924291,-0.32453445,1.1698301,1.1602732,1.9762974,-0.051968183,-3.5447922,15.148476,-0.4464533
TCGA-95-A4VP-01,-26.720394,-6.4986725,-16.57783,10.608796,5.8230195,27.939226,-3.4113102,0.2629286,-1.6636465,0.3129665,-0.9152745,1.5788274,0.26335272,2.6434796,-0.09953691,-13.312074,1.685373,-8.416305
TCGA-50-6595-01,-20.218336,-1.1502111,25.516983,-6.59204,5.0521646,26.54881,0.057751693,0.020935664,0.9749108,2.3389304,-0.707109,2.123592,-1.020214,1.7531241,2.6034753,-13.132349,-12.21876,-8.378511
TCGA-78-7155-01,-14.3568325,6.3618464,7.2063146,3.5986478,3.0827522,16.272593,-7.5975294,-0.04147549,2.246288,0.85939217,0.73258096,1.1937622,0.38963923,0.14413595,0.25195375,-3.4808228,13.864976,-25.400343
TCGA-05-5428-01,-20.757204,-6.3752155,14.899928,-15.509952,4.780592,18.632341,2.0865822,-0.6306818,0.023878759,-0.4675229,-0.071720675,1.6639298,0.80272967,2.1443243,-0.38469213,-2.7026367,6.795235,12.569596
TCGA-44-5644-01,-19.433226,0.44678134,-4.676959,32.04904,-1.0628359,24.134731,-12.089265,-0.21217902,0.07954829,4.040953,-0.5832404,-0.77935493,-2.072821,-0.024363982,0.7733157,-17.31608,-3.2428977,6.97896
TCGA-55-6978-01,-24.126553,-7.902943,16.644238,-7.6533437,9.850708,27.577505,-8.143593,0.003032608,0.91116256,1.1137456,-0.37252355,2.7204123,-0.63861036,2.3038557,1.3484707,-5.7223725,6.91193,1.2515378
TCGA-NJ-A55R-01,-28.892578,-5.2515483,-12.882968,22.970108,4.892339,33.42493,-7.5209084,-0.5941028,0.015492983,1.0192629,-1.5500858,0.1838279,-1.0964851,1.8603339,0.8688957,-5.985778,13.27709,-12.460529
TCGA-91-6840-01,-22.584549,-7.7334123,-2.2526536,0.6502338,-6.9409666,29.707743,-7.488599,-2.079084,-0.41127676,-1.5933373,-3.3008175,-1.0128508,1.5993689,2.7373543,0.60291076,-5.0410337,-4.7532315,-4.598609
TCGA-55-8094-01,-18.184841,-2.9629927,-3.615403,30.713217,8.732809,21.06769,-7.748034,0.09927693,1.1838474,2.1332524,1.4429743,1.0156897,-0.62334484,0.3557474,0.24480882,-8.060404,25.707642,-9.47502
TCGA-44-7661-01,-24.319725,-1.677251,17.734772,-7.219514,15.046636,26.520658,-4.6715364,1.4530231,0.68463594,0.41113555,0.4140206,2.8511302,0.53414375,2.0800283,1.1322688,-11.463121,-4.49802,-3.5101156
TCGA-NJ-A4YF-01,-16.461525,2.012333,-5.467287,12.734812,-0.18321703,19.052534,-0.59526086,-1.5068619,0.74061334,0.5606349,0.17134972,2.7107801,-0.1275739,2.027377,0.27218154,-9.959906,-6.021355,-0.17611751
TCGA-67-6217-01,-22.908108,-5.357913,-6.5602355,-12.6766815,-5.3481646,27.974123,-3.434443,0.18378273,-0.16593489,-1.7944012,-1.1501385,1.2377123,2.8718984,3.4761412,1.1194572,-9.745863,-20.296896,9.467554
TCGA-86-A4D0-01,-26.389177,-6.704138,-13.542542,23.91524,6.577393,26.368456,-7.4552236,-0.55028796,-0.3887834,3.9729266,-1.1614932,0.28096628,-3.0650434,1.0791298,0.20413579,-4.6736465,20.414421,8.635031
TCGA-50-5939-01,-19.417345,-1.7465395,12.637488,-6.1796565,21.217525,23.64756,-2.28748,2.1113436,1.1182334,1.6616209,1.7795788,3.2957993,-0.17602333,1.0946926,0.75524443,-6.035593,0.25633925,3.0339456
TCGA-05-4410-01,-21.70653,-8.241784,1.9507009,-13.290027,-2.8267815,26.945034,-9.486789,0.3417175,-0.5747564,-0.20388223,-1.6713291,0.14442638,0.56323963,2.8146062,1.3578122,2.363132,4.707079,22.93182
TCGA-55-7816-01,-24.470524,1.4179331,2.0121536,-9.237898,3.3271785,31.722694,-6.567333,1.9062983,-0.055379845,1.368115,-0.23183683,2.3653262,0.7342422,2.509721,1.4277782,-2.8573198,-15.774075,3.2759318
TCGA-50-5051-01,-26.207224,-6.8163996,-12.2124,13.800709,1.771045,26.352934,0.67295957,0.2563319,-0.75428224,0.5614675,-1.1006026,0.5333774,0.41103762,2.0800056,1.0938745,-18.98269,15.730155,-8.431317
TCGA-86-8279-01,-20.554295,-6.6487517,8.47797,-7.8192253,-8.884109,24.579838,-0.0557848,-1.6346505,0.24238364,0.35439128,-1.1411259,2.0720875,0.5414581,3.4183795,0.15819606,0.16024463,-12.837406,12.512104
TCGA-55-6970-01,-20.306932,0.2178907,4.0852165,-4.423907,21.106789,23.195164,-4.4081326,1.481955,-0.09432487,-2.0290008,1.3196328,3.3163686,1.2413586,1.911794,1.470323,-13.211949,1.390843,-5.1135592
TCGA-49-4488-01,-20.36532,-4.0849805,9.84915,-14.518761,0.6849102,18.262554,3.0420914,-0.71112263,-0.19955915,-0.43269977,-1.2659706,0.97238547,0.82164496,3.0298185,-0.17320776,-9.043814,-10.382633,-18.218258
TCGA-97-7552-01,-25.913912,-12.078918,-3.6961212,-4.974511,6.7581544,33.594822,-11.352062,2.527663,-3.4499657,0.5115458,-1.6004485,-0.5519507,-0.46131283,1.9352068,0.76773876,-0.74209505,4.2382812,28.58972
TCGA-95-7947-01,-21.003185,-8.902703,-1.0385473,-3.4082792,3.818949,26.295774,-4.588549,0.82391924,-0.8748274,-0.66190225,-1.1759796,1.3676666,-0.4227686,2.7193723,1.5101435,-2.4630032,5.572138,19.457634
TCGA-05-4425-01,-23.934021,-1.3023336,14.223473,-5.094522,1.4095018,23.793636,-2.8251874,0.64645576,-1.0005615,0.011274455,-0.48404434,2.1506863,0.2204726,2.6239228,0.45621282,-16.87573,-12.273105,11.22468
TCGA-78-7633-01,-18.041645,-4.214359,-13.296875,-11.600838,20.39111,18.562624,-6.1900587,0.35472986,-0.63897294,-1.4540157,1.4953434,3.130045,1.7617285,1.3600351,0.6591923,-5.122563,-16.227829,12.329142
TCGA-80-5608-01,-23.428135,-7.363526,-10.054801,12.651986,5.8290443,24.769188,-7.3306084,-0.74769783,-2.1680558,-0.95393854,-1.9763077,0.20739979,-0.069936894,3.2670062,0.91208774,-18.560394,4.2322206,-9.972559
TCGA-64-5775-01,-16.734438,1.701379,28.592196,0.34233057,16.283274,16.379374,-4.291381,-1.1520604,3.2416854,1.9678466,0.015058419,2.3907278,-1.0082594,1.6335287,1.2506784,-25.056915,15.80092,-10.159575
TCGA-55-8508-01,-21.40354,-2.2049825,-2.689375,15.328528,0.15753163,27.171541,-5.736833,-1.1588718,0.6107126,-0.2953568,0.094496846,2.0467765,-0.72802234,1.9420035,0.9556084,-9.85553,10.529709,-3.041162
TCGA-55-7281-01,-21.5982,-8.354481,12.577344,-11.98669,-3.6348479,27.54302,2.1392343,0.41670796,-0.24147253,0.61629444,-0.32154006,1.6725035,1.6961367,2.3422506,1.0809422,-9.082982,-3.5988014,13.850322
TCGA-50-5930-11,-21.675356,-0.59998804,-13.92625,-27.661478,20.238695,23.908577,-3.6938179,2.0890002,-0.856345,-0.14698409,-0.21361522,1.705454,1.565429,2.633884,0.78252435,9.65523,-14.7739105,2.9854255
TCGA-J2-8194-01,-21.533867,-5.8953238,-5.760872,-7.0826335,8.470335,24.606281,-7.342267,-1.1782981,-0.520604,-0.59428877,-1.2269734,1.630355,0.7221438,2.792023,0.31758094,-11.367221,4.43472,-3.4047549
TCGA-78-7150-01,-16.459997,-0.58998704,23.996532,15.572746,12.75717,23.183994,2.1456199,1.2131859,1.2303212,4.2285657,0.46915844,1.6306325,-2.4703372,0.06471253,0.98043185,2.206603,16.559628,-10.11721
TCGA-44-A47G-01,-24.476463,-10.889712,3.5396452,-7.9669194,4.718048,28.627924,-2.804344,0.8446764,0.10534955,-0.9025382,-0.19038196,1.5095665,1.0792754,2.5146947,0.96274835,-2.066704,-2.4501445,6.643856
TCGA-99-8025-01,-22.341005,-8.536324,0.4966393,-5.358437,-6.7256203,27.136345,-0.6872641,-1.4011704,-0.017149862,-0.59473854,-1.4715542,1.3328981,0.26178396,2.8320038,0.7356274,-0.58942467,-8.143475,19.911852
TCGA-50-6592-01,-21.621935,-4.125644,22.460588,13.529894,9.658726,27.702215,-2.7729712,1.9821591,-0.20192093,2.392879,-0.1221541,1.9159021,-2.5799372,1.1605533,1.9790088,-15.724888,1.4519049,-26.71541
TCGA-97-7553-01,-25.44139,-6.4414105,-4.3029985,-17.679077,9.11467,30.558033,-3.9520395,1.629054,-0.83774203,0.50055283,-0.6332457,1.1829046,0.83595026,2.3121512,0.9729834,-3.7087846,-12.201206,7.9760537
TCGA-75-5125-01,-20.16777,-9.315615,13.051697,-8.521761,9.352896,23.4927,-3.1036255,-0.8465133,0.66851825,0.23508428,-0.63237315,2.0070941,0.17038637,2.0872092,1.4599447,-12.674759,-7.24945,0.9233979
TCGA-78-7147-01,-18.13063,-14.806513,1.7401345,-2.2665024,-10.242646,26.35293,0.6849773,-0.20834723,-0.09887591,1.2120153,-1.4998127,0.009668626,-0.03678525,1.9830794,1.2417539,-6.358192,8.54736,6.9385743
TCGA-99-8032-01,-29.023367,-6.0678167,-7.772031,16.547058,2.6993,32.985107,-3.9694476,-2.7495296,-0.5632159,1.0943563,-3.0601404,0.48139322,-1.2925603,2.701437,1.4542309,-7.424155,11.7805,19.476078
TCGA-78-8648-01,-27.820896,-3.4183955,2.0100648,-7.49263,7.4587646,30.030329,-2.0924845,-0.70482826,1.1654546,0.9838638,0.35324067,2.9362423,0.1953358,2.441358,0.70864993,-0.9460564,-4.6513486,1.5488427
TCGA-62-A46S-01,-23.867756,-8.699543,-12.003713,6.424317,10.806605,23.785982,-10.424738,0.8854293,-2.3661237,-1.0396181,-0.6164877,0.71016115,-0.22463618,2.0806317,0.6271053,-10.050294,4.667598,22.615902
TCGA-NJ-A55O-01,-20.844227,-1.9146781,-1.7079091,4.2706223,15.40178,24.266426,-4.599237,1.8686861,-2.0060415,-1.4544665,-0.036827974,1.6141317,0.6317444,2.2482455,0.61504716,-13.990169,-3.4264061,-28.440832
TCGA-44-6779-01,-14.647494,4.933951,21.64571,-4.4047184,17.79584,18.960594,-2.003778,1.0037699,-0.051423393,1.2167233,0.06037902,2.4875827,-0.6239096,1.7411808,0.91903096,-14.242556,-2.5434506,-30.879122
TCGA-97-7938-01,-22.793785,-5.369877,1.2401105,-15.399641,1.1885415,25.057413,-9.459416,1.29871,-0.3590147,0.40372545,-0.6402343,1.329922,0.7392872,2.3439882,0.7540128,-8.335215,-14.753889,9.699512
TCGA-MP-A4SW-01,-23.82735,-9.829958,3.1222932,-1.535222,-3.8676758,27.484735,-3.6934478,-1.6963148,-1.1337416,-0.5077297,-2.7112746,-0.27956948,-0.07908299,2.7797425,1.0595473,0.28551072,-1.6474808,25.739105
TCGA-49-AARN-01,-24.852554,-9.245606,8.277348,5.1716676,-5.7572355,31.390247,-5.405752,-0.21278095,0.33757758,-1.6551265,-0.9508437,2.0565612,1.8242896,3.3957248,1.0351117,-16.015621,-11.489826,-9.672087
TCGA-55-8097-01,-25.351496,-4.772574,-6.7169633,-11.020395,-6.2355585,27.432549,-8.00677,-0.17223932,-1.1521213,-1.3430477,-1.9773682,0.7059425,1.4565289,3.6888144,-0.015986856,-7.7855844,-17.313686,13.288978
TCGA-93-A4JQ-01,-27.024864,-14.565034,8.518316,0.932493,-1.5215244,32.250008,-7.5368466,-0.8784739,1.79011,-1.9702816,-1.7774929,1.1076388,1.5760335,2.8458903,1.6539259,-0.75826895,-0.15917665,12.94242
TCGA-55-8299-01,-24.137989,-4.0990834,6.924009,-4.34028,13.883808,26.752552,-5.3681965,0.18754175,0.41566896,0.16355781,1.0251286,4.0906806,0.47273234,2.5868757,0.5722869,-5.9107537,-12.789156,3.3830528
TCGA-4B-A93V-01,-22.440456,-2.9434793,-13.917872,19.266747,9.083995,21.616367,-1.7374302,-0.3103869,0.62286854,0.021083618,1.5335528,2.3860664,-0.17563386,1.0245616,0.57122976,-13.402273,-12.283838,5.301269
TCGA-05-4417-01,-25.99479,-0.78318644,-1.0100282,-1.2482933,3.6090343,27.789751,-4.410422,-0.667626,-1.7074403,1.1145723,-2.0764632,0.20899434,-0.03886857,2.796802,0.87518895,-12.027004,-3.681712,8.8584795
TCGA-78-7143-01,-21.2667,-10.622849,3.8906605,-1.7443485,-5.711996,28.001083,-1.5308177,-0.20242165,-0.142758,1.3256414,-1.3108529,1.3058515,1.0696052,2.9983218,1.299357,-11.360521,-15.437396,18.075634
TCGA-53-7624-01,-15.927786,2.1731458,20.535078,13.482452,3.9302616,22.049595,6.7163663,-0.21933888,2.8358467,1.8633682,0.29945567,1.2897043,-0.78824484,0.15039259,1.4459528,-4.061998,16.768879,-24.832113
TCGA-75-5147-01,-29.327868,-15.491333,12.2266445,3.7342696,-10.470475,33.758434,-1.9932096,-2.885348,0.5246147,-0.6428878,-3.8199253,-1.2921113,-0.022274956,3.4891398,0.4832886,-10.683367,1.3090135,-12.373923
TCGA-44-5645-01,-23.776392,-7.768951,-8.274495,-14.089398,-5.44527,30.447275,-6.941067,-0.4092826,-0.63151103,-1.5935876,-2.4424412,0.0586115,1.443668,3.3583126,0.61306757,-1.9069153,-12.824645,12.352226
TCGA-55-6971-01,-25.123516,-5.46624,-2.7074919,1.4659121,9.516388,30.665949,-7.508721,-0.30802393,-0.8339661,-0.3844554,0.029255558,2.8056948,1.0393636,3.4265833,-0.06821598,-8.071958,-4.819882,6.139009
TCGA-73-7498-01,-24.594551,-2.9402945,-14.363548,-10.503727,5.433759,26.581478,-6.231071,-0.12558815,-0.5631604,-2.3171635,-0.46513477,2.0884042,2.1605308,2.9593995,-0.078714594,-10.534138,-7.990858,-0.48537645
TCGA-49-AARO-01,-26.974321,-11.5897,5.72196,-3.484976,-5.3233047,32.66415,-0.44655955,-1.1578547,1.4000741,-0.8341771,-1.433576,1.2098031,0.13571855,2.831892,1.1151648,-9.491743,-17.699013,-26.742693
TCGA-05-4396-01,-17.94368,-6.1489224,-1.5616038,10.034214,15.663361,23.130373,-12.678691,1.1390402,-1.4963948,1.5815017,-0.4598603,-0.002748428,-0.5649689,0.75777453,1.5602921,-24.33733,15.927747,6.066802
TCGA-69-8254-01,-25.67964,-12.786668,-4.884045,-4.109706,2.56311,30.725592,-12.346419,1.9176223,-2.2877183,1.1982747,-1.4430553,1.1725173,-0.65621036,2.769882,1.6063974,-0.870307,-3.8503406,30.67616
TCGA-J2-A4AG-01,-22.376257,-7.00757,-0.7110538,-7.942206,-1.1197274,28.10979,-1.8890426,0.35794538,-1.0054358,-1.5099223,-0.53845024,1.4192276,1.5630096,3.049383,0.687852,-7.4699197,-3.00292,3.8044715
TCGA-50-5066-02,-25.431025,-7.1459413,2.3529153,-2.4456394,1.7675442,31.567612,-7.339427,-1.495571,1.947947,2.6476903,-1.3362094,1.3097327,0.5067135,2.2051227,2.299216,2.7248285,-0.42017156,12.701634
TCGA-78-7146-01,-14.865349,-1.5016568,23.647974,-0.5300212,8.615469,19.970966,-1.8699143,-0.49515653,3.3179214,2.7967782,0.25148702,0.9302083,-0.41918853,0.37774882,0.48076487,-12.994441,3.7024682,-7.477131
TCGA-97-7554-01,-23.078869,0.74458796,14.505113,-13.630841,2.971112,23.589478,-4.1740046,-1.1340408,0.52695024,2.0327995,-0.41669866,2.4469092,0.2693025,2.5722404,1.0213281,-1.5710822,-5.3717937,8.335284
TCGA-L9-A443-01,-24.786617,-13.824986,-1.3411398,-4.49169,-8.583948,29.758722,1.0148462,-1.049971,-0.25313896,1.4476372,-1.5478091,1.342674,0.56057143,3.273418,0.8852318,-8.043005,-11.3492985,9.940476
TCGA-55-6987-01,-24.49218,-8.397554,-0.7141759,-3.0753202,18.232504,26.84162,-7.8229766,-0.78383017,1.1606632,-1.3780129,-0.34259832,2.2325017,0.8596361,2.8311684,0.49382222,-2.6442184,2.4022849,1.656384
TCGA-78-7220-01,-18.681213,-2.568122e-05,14.745062,17.252415,13.412178,22.62699,-0.4911816,1.5689721,-0.03086393,4.4989386,-0.28535965,1.1948174,-2.395707,0.8528259,1.6043854,-10.78056,12.679665,-26.59808
TCGA-MN-A4N5-01,-20.855682,-7.9100447,6.691345,-2.2600517,5.8140655,27.56447,-1.9384224,-0.6035939,-0.6885441,-1.6504465,-0.8281305,1.2055913,0.84335166,2.9645598,-0.30811307,-1.0421435,-6.06194,30.522303
TCGA-78-7152-01,-18.403568,-4.236369,-0.53826267,-6.853507,8.154998,21.436398,-4.9326286,0.7898561,-1.1533335,-1.134169,-0.18318611,1.2828747,1.5121471,2.333821,0.7870975,-4.229249,-1.9490055,26.584637
TCGA-83-5908-01,-21.56415,-5.2955723,15.858311,-0.76362836,5.1724606,25.629362,-7.6620708,-1.1932352,1.1325282,0.35825077,-1.4289359,1.6456956,-1.1739696,2.692218,1.8262802,-8.834225,-9.186155,10.579388
TCGA-50-6593-01,-25.425991,-6.623471,7.4660573,-14.29018,-6.1849804,29.571264,2.253568,0.47715777,-0.105911724,0.94473785,-1.0964255,1.1376237,0.90655386,2.598164,0.4270286,-10.406439,-22.359688,-10.305401
TCGA-MP-A4TC-01,-21.762846,-4.1799355,18.84555,-5.5845466,2.9970727,24.971653,-4.3119884,-0.09888431,1.661543,0.6701344,0.7497669,3.3460789,0.30476028,2.0485058,0.6521372,4.023945,-7.552889,27.422865
TCGA-78-7542-01,-15.488568,-5.545905,23.09563,3.4307578,14.500149,19.166502,-8.036581,0.8634493,2.9431727,1.3085634,1.5830932,3.0113237,0.55077267,1.1506013,0.1375135,-11.393248,-0.9681414,3.4654136
TCGA-55-8615-01,-20.793255,-5.733919,-9.049166,17.717165,1.0188221,21.951715,-7.0035696,-0.9254953,-1.0831194,1.4599844,-0.948356,0.6604925,-1.9302603,1.2650187,2.17574,-16.705194,2.70522,18.735407
TCGA-55-A493-01,-21.327803,-2.4637933,18.241367,4.388597,4.373098,25.935503,-3.5546975,-1.1357188,2.3673186,-0.38697886,-0.39504075,1.6935186,-0.27756417,1.8842496,1.0100013,-3.3576777,0.07581823,3.5056434
TCGA-71-6725-01,-13.761369,2.502744,3.83184,-10.57012,-3.0241046,16.774649,-3.2477047,-0.1295334,0.4456647,1.7553746,0.30105707,2.1947818,1.906414,2.6024296,-0.67654806,-16.476513,-12.507425,-2.6749077
TCGA-78-7158-01,-22.431303,0.6346716,-1.4603511,-2.8707526,-2.657318,20.294514,-6.7095666,-0.26419106,-1.0782692,0.66971004,-0.3880687,0.55927664,0.17833027,1.2551875,1.0206106,-13.784306,-7.3900166,22.395172
TCGA-44-7659-01,-21.71303,-10.948109,-9.819346,-12.680396,-1.8954489,26.676662,-7.9025083,0.41394913,-0.86879975,-0.8117818,-1.5399487,0.46527538,1.5724887,2.7947104,1.668526,-6.897689,4.09781,18.38549
TCGA-05-5425-01,-20.270048,-8.7676735,6.883573,0.39894122,16.721067,22.604975,-9.260232,-0.039946824,-1.4921125,0.05125878,-1.7363055,0.6575019,-0.14436503,2.8729346,0.7104066,-5.396112,6.887626,14.530107
TCGA-64-1679-01,-23.459356,-2.7251484,23.701818,-6.9919863,-6.9136457,28.622805,-0.034495465,-0.8151078,1.4068066,1.4138879,-0.48062107,1.0858349,1.0994667,1.6894711,0.9103786,-6.732149,-10.743794,-16.18927
TCGA-55-8506-01,-17.274364,2.6807153,4.092875,-3.0790231,-0.5829619,20.941929,-0.52397025,-0.7583814,-0.16959924,0.86708355,-0.2584234,1.7115964,0.6436686,2.1088493,-0.04197656,-4.3793197,1.4896098,9.688353
TCGA-78-7166-01,-17.549774,-6.8553705,4.8716774,13.284636,15.828816,19.786419,0.069204964,1.8780596,-0.2777093,1.0938425,1.2960613,2.700405,-0.8814324,0.5497753,1.1543386,-9.993469,3.2721298,4.761804
TCGA-91-8496-01,-21.84372,-4.566308,-6.1317964,-19.372223,4.709651,24.653425,0.94259834,1.7594092,0.4144615,-1.2440019,0.27500647,2.4821472,3.126731,3.4136815,0.013030257,-9.399742,-14.384996,10.488877
TCGA-55-7283-01,-19.448309,-3.9028218,0.67024404,-16.139889,2.2148187,23.948637,-3.6291323,0.4365907,-1.5067225,-0.20495781,-1.9758343,-0.19906037,0.97375506,2.7883646,0.25694653,-5.2598076,-1.4591054,19.67234
TCGA-55-A4DG-01,-23.186066,-10.436134,-4.323936,-10.144586,1.4038149,26.368532,-11.817139,-0.33151463,-0.6223102,-0.986538,-0.37735212,1.6339201,1.1570107,2.9452302,0.3711492,1.3236269,-3.5641458,22.538246
TCGA-44-8119-01,-28.238031,0.91621125,-0.77731925,13.367831,0.78432417,32.21198,-4.6345825,-1.8284552,1.6748248,1.2289876,-0.3502033,1.8734233,0.067056365,2.027267,-0.15574472,2.6777887,2.959203,4.751925
TCGA-71-8520-01,-23.54715,-7.4333067,13.402968,3.1958501,-13.907578,25.667992,0.22477737,-3.612204,1.0538317,6.2618923,-2.1091657,2.4202602,-0.43376732,3.9271586,1.3677601,-6.450014,-4.3383465,17.832355
TCGA-44-A47B-01,-22.836374,-7.132522,-0.11263723,1.145991,3.0406635,25.582352,-7.604986,0.052277736,-1.5234567,-1.1428549,-0.05686683,1.2078063,1.3897914,2.27132,0.11767152,-5.1555104,4.167398,32.018513
TCGA-MP-A4T7-01,-20.5221,-2.5302625,0.74552953,5.2350755,15.712028,25.087906,-1.39097,3.1161263,-1.1951594,-1.4377965,1.1539022,3.083606,-0.07826535,1.7037996,1.5944332,-11.609978,-0.12896568,9.123262
TCGA-55-8203-01,-24.550219,-5.3804646,-4.9426756,10.470223,3.3030329,26.56339,-7.490593,-1.3972005,-1.5339462,0.48897627,-2.2097208,0.20394918,-1.0738506,2.5748005,0.60209084,-12.614833,2.9853752,13.054973
TCGA-64-5774-01,-21.401989,-3.2241964,-5.2245665,19.935541,-0.7527616,23.774183,-6.19613,-2.4125288,0.03499549,0.6115598,-0.6484916,0.5604496,-0.041525315,1.4742043,0.4549482,-16.285393,6.22816,2.253724
TCGA-50-5933-01,-19.039886,1.7585897,24.695656,-12.223798,9.1123085,21.936417,-2.7293954,-0.9483743,0.69315594,1.7528617,-0.86304855,1.3075501,-0.76336795,1.5873545,0.8011886,-6.1902843,-0.2311309,5.0718355
TCGA-50-5946-01,-18.5989,-3.4164476,7.2677536,5.2046084,-8.958613,22.760382,-11.044192,-2.2188122,1.3716084,0.5952403,-1.4271256,0.87592334,1.2440395,3.0478635,-0.50101036,-3.2167213,6.54098,-12.890249
TCGA-50-8460-01,-25.125774,-10.424441,-5.7887883,-15.668265,2.518265,27.853697,-3.7408338,0.9499015,-0.47439975,-0.8602552,-0.40589678,1.280677,1.8349538,2.2577982,0.96841115,-3.7201772,-8.050285,28.582865
TCGA-L9-A50W-01,-23.706535,-7.3201075,-3.3944077,-0.90743303,-8.173151,25.655832,-6.6063085,1.0258695,-1.3402469,0.0074250507,-0.11602588,1.1245465,0.3197214,1.8639107,-0.13118608,1.0282813,-14.522539,35.911045
TCGA-44-7662-01,-22.388556,-3.8919654,19.14239,-3.0510118,2.4266078,25.68179,-2.1311848,0.39407557,1.337616,2.384993,0.7444537,2.7079592,-0.058339722,1.374608,0.48143637,-4.3965955,0.9828784,13.387344
TCGA-97-A4M6-01,-25.422129,-12.8369875,-0.3733052,-4.7737947,-8.529858,31.438025,-2.3699045,-0.24268652,-0.5751098,-0.8266089,-1.3006653,0.8038331,0.075510785,2.7097766,-0.07262685,-4.719838,-9.401167,7.2614126
TCGA-44-7669-01,-28.351425,-2.126966,-11.938936,11.391919,11.622811,31.74251,-6.254163,-1.9600785,1.9281741,2.7119753,-0.31378686,2.1609097,-0.13597192,2.1445029,1.3357925,6.651812,15.908016,-7.2022686
TCGA-78-8640-01,-21.34339,-0.6711714,4.619853,8.354605,10.450386,20.29793,-2.7586634,-0.68190646,2.6253626,0.6408895,1.355981,2.6085687,0.40536383,0.9543698,-0.2287484,0.0013312614,16.038776,4.0562344
TCGA-50-5931-01,-21.559448,-3.2732015,9.505937,13.294017,-10.828688,28.473843,1.8922272,-0.92309535,1.8174529,2.100226,-1.3878273,1.5691938,-0.8167741,2.130029,0.5986597,-14.795078,17.070358,-45.77339
TCGA-93-7347-01,-27.764883,-7.081698,1.9950982,-12.947641,-2.2884238,30.660772,-2.943212,-0.5177879,-0.72329175,-1.887252,-1.3261396,1.453385,1.4363936,3.4537191,1.4910058,-9.141943,-11.919952,10.89586
TCGA-38-7271-01,-24.819609,-2.0408266,1.9553064,-17.386265,6.308874,28.42036,-1.8693649,0.48081723,-0.7708514,0.26328394,-1.1765585,1.2122444,1.1082926,2.7020426,1.3165084,-3.083297,-2.5461457,11.435404
TCGA-55-7724-01,-25.229586,-7.611846,9.576003,-13.333848,4.7475605,29.498869,-6.9660273,1.3795394,-0.78269315,-0.20862506,-1.6140591,0.3875565,1.1118648,2.8101766,0.9335819,-4.785828,-3.2493398,0.44608274
TCGA-73-A9RS-01,-15.071395,1.5657763,-3.0473204,11.906813,8.196391,18.567602,-4.8322787,1.0532624,-0.08198649,0.95971537,1.608739,3.1256871,-0.93061125,1.0730721,0.56053853,-6.448011,14.237991,-9.081552
TCGA-49-4512-01,-24.255163,-5.881093,6.0575624,-8.201855,-11.298292,26.66124,7.5288043,-0.861789,-0.07547803,1.9501951,-1.5161357,1.5342634,1.1608334,3.5604098,0.32633367,-7.853617,-17.276047,3.283544
TCGA-62-8395-01,-24.758307,-2.3877363,-9.2378435,-6.7908273,3.8283083,27.601326,-4.848944,-1.0615894,-1.996989,-0.831663,-1.5072436,0.9289494,0.47928652,2.807833,-0.52003795,-3.7912579,-7.542086,15.404216
TCGA-55-A57B-01,-24.26592,-4.9311113,2.1202955,-5.70309,1.9084282,30.769072,-5.2836723,-0.064571045,1.3842046,-1.0864855,-0.7869231,1.2695893,1.7837411,3.0113673,-0.07185033,-8.499508,0.99908227,-5.345876
TCGA-97-A4M5-01,-24.791986,-11.38632,-11.572395,-4.7796273,7.1652193,32.645138,-6.569298,0.4525385,-1.2161814,-0.44765145,-2.0079515,0.64396906,0.5332298,2.8865085,1.40616,-4.311051,0.49657935,20.410452
TCGA-J2-8192-01,-26.549465,-10.663292,16.14315,-8.135976,-10.594678,32.53324,-3.1088626,-3.807386,1.1848811,2.1506548,-3.646579,1.8149214,-0.28378895,4.6529627,1.9311438,-6.2660136,-0.8066228,-6.640851
TCGA-78-7535-01,-14.7160635,-5.0324903,5.2507105,-4.735249,3.7074678,20.296148,0.73350555,-0.23205844,-0.05580613,0.63695276,0.70868284,2.0335128,1.6893717,2.2191277,0.05346742,-2.71462,-11.084197,15.755852
TCGA-95-A4VK-01,-21.235197,-5.3848257,0.6745723,6.9563193,6.776047,24.550169,-3.5897486,-0.22505032,-0.88760674,-1.0943373,-1.040754,1.4570198,-0.10803182,2.322381,1.0335338,-19.322208,12.206625,-9.709494
TCGA-35-5375-01,-23.52022,-7.232273,12.447426,2.2729247,2.0996883,21.623161,-4.112954,-0.5346866,1.6962998,1.4842958,-0.60132754,1.3451593,-0.7238198,1.4603143,0.13830909,-0.6573282,12.22502,4.4325943
TCGA-91-6836-01,-17.401749,3.9118896,14.432727,3.4422388,2.9950688,18.305035,-0.050072126,-0.38712,-0.8172938,0.92859954,-0.9838795,0.5899353,-0.44433567,1.6925205,1.2329775,-16.433933,-20.463408,12.642882
TCGA-50-5933-11,-23.742744,-7.454255,-18.145765,-26.184057,13.90004,30.982075,-7.3902774,2.2465477,-1.5629352,-0.35291222,-1.3722793,0.6747466,1.0421299,2.6391935,0.8809303,10.042572,-12.962004,20.071396
TCGA-62-8394-01,-24.268452,-12.9278345,11.682896,3.0790746,-9.341788,27.262232,1.7360362,-0.9659704,-0.45508724,-1.0364813,-2.2806141,0.85913616,-0.23629548,3.6528895,0.6515236,-10.913389,-8.9988985,-4.2159495
TCGA-86-7711-01,-15.921079,0.10298813,19.591663,-1.9356275,12.079404,20.941322,-5.0591216,-0.073973544,2.9275465,3.8054376,0.7043393,1.7134002,-1.3986344,0.14140339,1.9450531,7.609312,3.4481094,-20.841318
TCGA-78-7160-01,-26.218037,-6.642847,4.1607714,-5.2390585,19.789879,26.029394,-5.184576,2.1357915,0.18714064,0.2787348,0.5201524,2.3010414,0.7023694,2.109407,0.46051604,0.713388,-2.3703854,17.345263
TCGA-55-6982-01,-23.304258,-9.0823145,16.440565,-4.6305766,-2.7582765,29.544687,2.3621802,-1.6716539,0.09687369,0.9876368,-2.5127792,1.0469741,-1.447753,2.9837284,1.7201967,-1.8077837,2.6929042,5.6416974
TCGA-55-6712-01,-20.552425,-5.7798634,15.468214,-12.629177,8.372741,25.2886,-3.8893766,0.34908664,0.022906704,1.2144014,-0.56106305,1.1342362,0.19292925,1.7689528,0.82101065,-2.5225596,1.8049833,12.20953
TCGA-55-7995-01,-24.515017,-6.961343,0.73071826,9.467117,-2.7667825,29.698137,-3.7091212,-0.55535764,1.9735103,0.55414367,0.053498816,2.0237412,-1.2974445,1.2228208,0.5653295,-7.7516794,5.178291,-8.954986
TCGA-69-A59K-01,-23.732615,-0.29073206,3.1909711,1.2949212,0.20315076,28.836134,-1.1001024,-1.16053,-0.81477857,-1.2617513,-1.3424295,0.337498,0.13704574,1.8387204,0.354176,-4.3048787,8.953646,-20.56621
TCGA-50-5936-01,-20.278025,-1.9942923,18.04416,3.973924,15.340011,22.276463,-1.7074101,3.1004314,0.40999615,2.3907247,1.7442043,3.360516,-0.8827817,0.62852675,1.6204795,-6.897364,9.491146,-1.3348403
TCGA-73-4676-01,-21.890135,-5.815751,16.341702,-12.494927,14.380703,20.427307,-0.308734,1.1364189,0.48486102,-0.15788294,-0.1028097,2.24648,1.0503252,2.3695478,0.08309789,-9.385571,4.171981,3.9954305
TCGA-86-6562-01,-21.789,-2.5700252,12.787534,-12.66059,0.56779486,24.86673,-2.8604298,-0.07915609,-0.08381898,-0.011521623,-0.648763,1.5204376,0.7916277,2.5768385,0.5845225,-12.146824,-11.694576,-0.37216553
TCGA-80-5611-01,-17.256138,-7.9716177,12.329574,6.6128397,3.1689625,21.370218,-1.2185576,-1.6558836,3.7532065,1.9290993,-0.8119469,0.62990665,-1.2402039,1.0718153,1.0772462,-5.33366,15.824535,-21.932564
TCGA-93-A4JP-01,-25.700968,-9.531267,-6.80421,-9.020498,6.1293507,33.25331,-4.145247,1.3273997,-0.504331,-2.0739222,-0.8117392,1.5456854,1.5385984,3.5909882,-0.15249464,0.5013228,-0.45058566,17.804853
TCGA-50-5935-01,-24.102955,-5.312532,4.0597935,-9.55723,-7.608511,27.07842,-1.4938577,-2.0035932,-1.0991526,-0.7869447,-3.2191048,-0.72935385,-0.38900778,2.9952645,0.8530926,-18.092194,-18.206812,-6.077442
TCGA-44-A479-01,-28.12541,-5.7459583,-6.432765,15.061532,-3.0041096,31.254843,-8.8778105,-1.2765462,0.483329,2.487455,-0.56530017,1.7783115,-0.6910408,2.3654664,0.35401464,-4.2524457,0.1763112,-3.124965
TCGA-67-4679-01,-25.051657,-8.320659,-12.868637,-16.525614,5.146807,28.322296,-7.998479,1.3822978,-0.57569903,0.4022506,-0.5923382,0.6835378,1.6038972,2.3490634,0.31814286,-14.74399,-7.2933936,14.403513
TCGA-44-8120-01,-20.079727,-4.457439,1.4028457,-15.126333,10.68509,25.474905,-5.5678053,-0.6969569,-0.24930371,-0.81788164,-0.42271253,2.7124803,1.2074337,3.1180272,-0.610611,-1.0123459,0.782273,15.4125185
TCGA-55-8089-01,-20.59351,-5.917154,14.076738,-5.06537,22.551336,24.611713,-7.4048734,1.7093023,0.5827525,0.5118093,1.5194596,3.8879473,-0.51289004,1.804408,1.0395489,-2.1802998,9.021235,15.364065
TCGA-MP-A4TA-01,-18.613873,-1.3760203,12.881615,21.143997,5.4313936,26.185663,-1.6446844,1.1979487,0.45146507,2.0110676,-0.33539665,1.8924057,-2.3314204,1.5948429,1.1559143,-5.502926,16.70112,-11.364176
TCGA-50-5072-01,-24.777405,-4.4226675,16.880812,11.883057,14.830088,28.87894,3.3711436,0.4902406,-0.2565329,3.1398726,-1.4247638,1.6993027,-0.88661385,2.2615538,2.6745968,-5.8518643,9.283676,-15.75378
TCGA-55-8091-01,-25.585238,-12.138482,7.5852056,-7.086336,-0.98434865,31.703665,-4.38889,-1.1130246,0.5218685,1.0442119,-1.7393916,1.8468277,-0.57786155,3.2248318,1.9079971,0.095813565,-14.076522,27.301607
TCGA-97-A4LX-01,-25.54538,-6.502258,-2.0077307,-10.611703,3.9771476,29.190266,-4.6414523,-0.9498857,-1.1336701,-1.115517,-1.5384918,1.1149787,0.51817095,3.0382934,-0.1289152,2.321196,-8.215923,12.757554
TCGA-55-6968-01,-25.165117,2.0625656,2.3282201,13.931682,2.419131,30.648918,-1.6770523,-2.0930505,1.4181604,1.561465,-0.2631251,1.1723316,-0.90640247,1.7663974,0.16396534,-4.76202,16.251286,-2.515215
TCGA-MP-A4TH-01,-23.447872,-5.8077946,-12.13461,-4.8222528,4.8706093,26.815365,-7.2473416,1.4321964,-1.0831462,-1.1363661,0.6903959,2.5610335,1.2791375,2.7677789,-0.39590725,-9.546721,-14.584976,-5.445783
TCGA-NJ-A4YQ-01,-21.055204,-0.36779648,4.636779,3.6438386,7.361761,26.10081,-2.790904,0.13118194,1.7942313,0.36174121,1.1807246,1.8173883,0.2048596,1.2840471,-0.82824737,-10.111323,-7.378368,-22.741507
TCGA-44-A4SU-01,-24.266525,-12.505563,3.2851717,1.9320663,-18.170935,32.128796,-6.0724273,-2.5989964,0.37302715,3.052812,-3.045308,1.5431974,-0.2397423,4.6576576,0.92478126,-8.3881035,-2.7081697,-8.767413
TCGA-49-4490-01,-22.187069,-12.779039,14.676024,-2.2833233,-16.144278,29.216259,5.394077,-1.8564887,0.6982855,-0.14396355,-2.2656922,-0.10721345,0.71913314,2.6655593,0.8141522,-7.039651,-3.070903,-16.923111
TCGA-97-A4M3-01,-20.465004,-0.2780784,-10.1572695,-1.3330759,12.123619,20.764385,-1.581943,0.22629744,-1.2795002,-1.687323,0.27763423,2.2284715,1.0802008,1.896882,0.141978,-14.890639,-4.229723,2.2937243
TCGA-J2-A4AD-01,-21.189663,-4.9018006,8.642961,4.3543935,-2.6172717,29.041811,-1.1061668,-0.8373722,2.1773784,-0.18296829,-1.1391864,0.91208804,1.2799606,3.3095329,-0.50804394,-7.322904,7.02108,-23.344313
TCGA-55-7227-01,-24.300732,-7.853007,7.310018,-13.870599,4.906672,27.969126,-7.2665653,0.57263994,0.21354643,0.29078424,0.25072193,1.6088837,1.9450186,2.0369275,0.54749614,1.8959969,-1.8513607,33.474873
TCGA-78-7153-01,-22.35561,-4.198066,-8.069123,10.184242,5.4451785,20.504244,-4.222616,0.0801034,-2.5519252,0.62438333,-2.3655427,-0.6950619,-0.9989234,1.5080305,1.3117664,-9.4393635,-1.8903855,23.95374
TCGA-50-5944-01,-23.869524,-4.494475,0.39826298,-20.056723,0.12997396,27.764568,-0.15633178,0.6159037,0.55569077,0.7979204,-0.7912592,1.4580554,1.2477443,2.3047214,0.26471078,-12.148723,-18.764397,-12.059904
TCGA-97-8172-01,-27.444084,-2.5581236,-12.159766,-7.2256675,-0.2767503,32.155895,-8.120931,-1.5706673,-1.289645,-1.0690298,-2.3403046,0.31152123,0.4231627,3.1231377,0.4159324,-11.741371,-6.9241242,16.707403
TCGA-97-8171-01,-20.335659,-2.8893943,-7.540202,3.8321726,-0.6709686,15.685339,-7.315509,1.158441,-1.9527639,0.27770185,1.0540591,1.8166503,-0.43823698,1.229408,0.21282406,-5.895046,-10.259222,29.647362
TCGA-69-7761-01,-22.606976,-8.1252165,11.882441,7.8950515,8.255898,28.540693,-13.662088,2.9525807,-2.1273112,1.9633211,0.106890574,0.79185027,-1.571519,0.7364111,0.30428877,-2.9371138,1.3202997,23.58619
TCGA-49-AARR-01,-28.88169,-14.997336,-19.842758,-11.5326185,-1.4411103,37.167553,-6.186595,0.43035337,-1.4625378,-0.9404699,-2.709972,0.49308205,0.76985186,4.1959343,1.565166,8.762083,-13.516689,-0.5672257
TCGA-L4-A4E6-01,-24.46649,-7.0635357,-11.979332,-13.605042,17.206816,29.257076,-6.644973,1.2276834,0.123976275,-1.7437247,0.20601192,2.9060545,2.1407092,3.0524309,1.1315205,2.1968179,-6.020326,18.97729
TCGA-55-A48Y-01,-18.858225,-5.458033,6.6657753,-0.4282204,16.296272,19.398394,-2.166641,1.0214119,-0.4396391,0.73438257,1.5464206,3.290027,-0.13550048,1.1969504,0.80794644,-7.7321477,9.225185,11.497047
TCGA-93-7348-01,-26.006397,-10.367396,1.6042877,0.9415719,-11.417725,32.403816,-3.116622,-1.68193,-0.5780064,3.7834685,-3.238537,0.7778056,-0.41468975,3.7432,2.2188437,-4.982047,-10.3616085,14.396234
TCGA-91-6847-01,-14.3181715,-4.3918853,15.442002,12.168476,-5.293533,19.148554,-5.2641945,-0.7215847,1.9587662,4.551153,0.66631114,3.4545653,-1.7110324,1.1490551,0.60263866,-20.453299,-5.7435884,3.7784624
TCGA-55-6980-01,-24.859186,-12.482443,12.603183,-13.31344,-8.214903,30.168554,0.03414274,-0.11023147,-0.29159528,-1.1963311,-1.2279392,2.151106,0.7870656,3.962793,0.40324277,3.8899958,-8.374784,7.570484
TCGA-86-7953-01,-24.486616,-8.089386,5.436376,3.4776459,-5.0297966,30.90686,-6.1415434,-0.7372559,-0.26726657,-0.050417256,-1.147265,1.5023698,-0.31003693,2.627019,0.7060295,-7.294486,-10.531466,2.7921958
TCGA-86-7714-01,-18.668497,-3.7562127,7.4461555,-12.647383,-1.9029794,25.229017,-9.417574,1.8207066,0.8545227,1.3090843,0.747676,2.0229557,1.4157597,1.6028091,0.46455145,-8.955355,-13.795872,18.487392
TCGA-44-6778-11,-25.191216,-4.6960936,-20.819956,-22.851822,18.869219,31.628666,-9.167967,1.9968126,-1.1896721,-0.1493112,-1.1501508,0.8870407,1.0306025,2.9483654,1.3681825,8.273651,-13.198347,6.668837
TCGA-86-8585-01,-19.643274,-6.7574005,4.874587,3.538496,12.791481,22.206734,-3.5217214,-0.12200016,2.4683626,0.06686573,1.0373011,2.5407922,-0.061456367,1.4821485,0.5420435,2.3787012,3.010588,0.8937001
TCGA-55-8511-01,-21.217438,1.3249489,8.624285,-5.170149,2.0276372,23.886642,-3.333093,-0.6194979,-0.31650597,0.1342531,-0.6407749,1.9097946,0.8038933,3.0958338,-0.22600067,1.0780467,1.1913263,4.422858
TCGA-55-8092-01,-17.69598,-5.0504584,5.6957903,11.762042,12.844059,22.269646,-11.127723,1.805934,0.89211553,1.3810322,1.9832246,2.569544,-1.376617,0.49323976,1.2280556,-10.364408,16.788784,12.157838
TCGA-62-A46U-01,-21.439344,-5.5267787,9.683256,1.5421793,0.38282695,26.232094,-2.341608,-0.15384424,0.0810239,-0.021470765,-0.26482263,0.5041167,-0.60896766,1.1085566,-0.06772983,-7.3245897,-3.7214544,9.204225
TCGA-55-8208-01,-27.818577,-10.689087,3.525811,-2.9963858,2.7785738,30.903015,-3.4563277,-1.5885265,1.2128426,-0.5085264,-1.4918337,1.1801624,0.007209404,2.8985395,1.1970187,-1.4573597,1.48864,-1.4980042
TCGA-91-A4BD-01,-20.049438,-13.748108,-12.838114,-15.588111,1.5468551,25.133287,-1.8306489,0.94474345,-1.2271552,-1.682945,-0.7768208,0.70560414,1.67505,2.4243438,0.7369207,1.0528067,-9.221216,29.710152
TCGA-78-7145-01,-21.17164,-4.907189,19.007513,-12.775686,-0.7632654,22.390331,2.59213,0.35167378,0.34645903,2.0792196,0.36621457,2.3900335,1.1076789,1.8620296,0.62964636,-14.105032,-11.053944,-4.148333
TCGA-97-8179-01,-23.596563,-6.1887097,-6.239368,-8.950717,12.9120455,22.634863,-5.6498957,0.06478911,-0.17106082,-1.9196081,-0.2825231,2.3714964,2.031908,3.0707948,0.34173325,-1.2150856,-5.3444395,12.495559
TCGA-86-8074-01,-24.375471,-10.309954,18.369186,-3.8175595,-8.904787,27.738995,0.19965744,-3.572211,1.6709409,5.4534564,-2.1632626,2.5044763,-1.4150314,3.9637353,1.9059824,-7.269898,-10.588932,3.1725817
TCGA-78-7540-01,-20.379644,-6.952872,4.1403933,6.5829926,4.0663443,26.373676,-3.720814,2.859277,-3.4170918,0.84383714,-0.69885993,0.09026252,-1.3830178,1.3753866,0.5421043,-9.227623,1.6725627,21.420769
TCGA-50-8457-01,-24.666384,-4.7079263,-8.172721,-14.49333,-5.0346346,30.936422,-5.0011888,-0.25378898,-0.9383823,-0.9535608,-1.6842033,0.6086109,1.0980514,3.202199,0.99168456,-10.422585,-14.857759,11.88567
TCGA-86-8073-01,-25.4538,-5.4462614,3.1980495,-8.5906515,3.325278,29.694124,-5.030253,-0.8503186,-0.16329637,-0.19296832,-1.4871076,1.5864514,0.78636855,3.8663576,-0.013637162,4.1990333,-7.996895,32.07602
TCGA-86-8076-01,-24.209843,-13.649683,-10.816804,-9.325456,5.0406294,29.870945,-6.3266144,-0.4601375,-0.7952276,-1.5976655,-1.5921562,1.3159372,0.9431309,3.0199926,1.3843726,-0.76621956,-8.760593,30.464046
TCGA-62-A46P-01,-18.965784,-3.9820485,-18.525246,10.775078,5.1098394,19.85039,-2.0384693,1.5859401,-2.5012898,0.040028524,0.91004986,2.480621,-0.012665614,1.9181224,0.2472866,-8.042594,4.801983,28.811878
TCGA-J2-A4AE-01,-22.890495,-11.864448,-11.134536,-6.001947,1.3047715,29.717958,-4.7978964,0.8555552,-1.477063,-1.833168,-1.5409974,0.55029184,1.3696824,3.2138617,0.93498904,-3.911152,-7.0682907,16.878452
TCGA-55-A490-01,-21.383003,-0.09422558,9.4736595,-1.8303444,-2.4283462,19.939264,-7.4267454,-0.54821783,1.1140592,0.87829906,0.841939,1.3789506,0.21258235,1.23268,-1.4043126,-12.932439,18.39523,1.3587968
TCGA-49-6745-01,-23.248304,-6.94142,14.5355625,-15.52787,13.426097,25.700222,-2.548726,0.95712364,-0.4325257,0.7126008,-0.71668875,1.5438467,0.46128887,2.1586063,1.3708227,2.4119234,4.971077,27.772648
TCGA-93-A4JN-01,-25.242907,-10.060036,-0.4547381,0.42809033,-1.717746,31.69154,-6.6389794,0.55992794,-0.59679943,-0.4738671,-0.15494058,2.3751798,0.91544616,3.1861992,-0.24056885,-1.0801507,-5.9824114,30.31817
TCGA-86-8054-01,-22.41097,-1.5646255,-4.615177,14.235355,8.601391,26.962063,-6.4719663,-3.1878338,2.5496078,4.7048287,0.2422956,2.6022458,-2.1271644,0.47561595,1.8229543,-8.8281,22.519287,11.751427
TCGA-55-A4DF-01,-29.862453,-11.038751,0.63884634,11.128954,0.676805,29.220871,-7.777611,-1.4668384,1.781785,-0.33869967,-1.1653404,0.2950042,-0.02990773,2.235807,0.6884309,-5.2241216,15.148502,-2.4102836
TCGA-75-5146-01,-23.899374,-13.352841,-10.830622,-15.723406,5.222458,25.937078,-2.2869244,0.5736846,-0.56445414,-1.4111974,-0.8542293,1.3729538,1.6841048,2.6669457,0.91371846,-3.025298,-0.75766546,0.024930624
TCGA-05-4384-01,-23.217552,-5.0200562,-9.614582,-8.510789,16.492409,26.177086,-6.4056168,0.3582634,-0.59344316,-2.042866,-0.11327447,2.0367398,2.3062801,2.1056604,0.9954458,-11.12784,-11.960603,4.907245
TCGA-55-8207-01,-25.301098,-8.50424,1.6128166,-17.358904,-0.28824142,31.441317,-6.2809553,-0.09959725,-0.63602084,-1.5894943,-0.54593974,1.6661528,2.174489,3.071317,-0.16142626,1.8970617,-14.907204,38.31355
TCGA-69-7760-01,-21.497385,-12.40645,19.10453,-0.19489764,-8.614226,26.121927,-2.2055814,-1.7515564,0.045857202,1.9315873,-2.187273,-0.012344737,-0.74116045,1.8766549,0.9300892,-5.56515,-13.119905,21.289305
TCGA-64-5815-01,-24.376942,-4.1662335,22.595898,-11.531722,6.421575,24.820566,-0.9547535,0.33028427,0.7182629,0.27883098,-0.20675492,2.8915644,1.663643,2.4878335,1.1082466,1.3648983,-1.4676651,19.1262
TCGA-55-8620-01,-24.540516,-0.6918069,-4.835439,21.433113,4.9009037,28.855259,-7.3141217,-0.399881,1.6624416,1.0864488,-0.005182013,0.8839039,-1.0101299,1.1943599,0.3767786,-3.8194728,28.32367,1.9296974
TCGA-49-AAR4-01,-23.58815,-16.695137,2.3971157,-2.8451598,-3.7275891,30.99406,-6.201642,-1.4567728,0.013206763,-1.1564076,-2.9088845,-0.20575026,0.7819726,3.7187545,0.9216192,-0.24157198,-1.5648679,-1.3795335
TCGA-55-7910-01,-20.763004,-1.7156194,-10.670698,15.295834,-1.0030204,22.618277,-1.0494109,-0.39617863,-0.49719977,1.7023412,0.49398708,1.7717515,-0.9485233,0.8744274,0.58844465,-8.105353,-6.9076304,-1.9488524
TCGA-55-8621-01,-27.888096,-10.296499,-9.048761,-11.744877,3.3850772,35.715775,-3.8285804,-0.12832543,-1.6349577,-0.6646136,-3.2347062,-0.30446693,0.5891001,3.471684,1.8139993,-4.282104,-3.1184208,5.669917
TCGA-55-6981-01,-20.871483,-7.9822555,10.059456,-9.029942,-1.5872948,25.863258,-3.7975075,0.6145777,0.30260533,-0.5517084,0.032499947,2.388539,0.7957541,2.979868,0.30088106,-13.261745,-8.039215,-13.376055
TCGA-MP-A4TJ-01,-26.733217,-12.513163,-13.082929,-1.6725023,0.47213927,33.699013,-6.7690444,-0.7488952,-1.9763327,-0.61219966,-2.8120654,0.42409447,-1.1980397,2.7276416,1.5432764,-11.68417,-3.1093857,-10.418932
TCGA-50-5942-01,-24.371733,-6.9845915,-7.1312795,-14.62814,-5.4048047,28.998947,-9.00466,1.2338977,-1.2174833,1.9626749,-1.6071346,1.2382768,0.77388877,2.9895296,1.3335342,-10.986755,-16.913624,12.993605
TCGA-78-7148-01,-20.768166,-4.800259,7.4476233,4.750526,19.66216,23.167229,-6.0030875,0.99615735,-0.6728825,1.2739475,0.13234867,2.1176195,0.09793097,0.65780586,2.7666874,-3.5473204,-6.358567,12.051492
TCGA-44-6144-11,-23.006899,-3.288828,-14.418705,-21.345993,22.579527,26.558636,-7.060854,2.3630555,-1.6558249,-0.675658,-0.2681095,1.6253335,1.6565298,3.1240077,0.78400624,3.9831288,-24.736992,-8.513039
TCGA-69-8453-01,-26.397097,-12.476836,-1.4285833,-8.041495,7.474626,32.64368,-5.217372,2.7164114,-2.0466478,-0.28810036,-0.7687727,1.6828266,0.25729766,2.5396845,1.1541013,-4.4260798,0.117787056,25.656141
TCGA-97-8176-01,-20.802887,-9.70416,3.4714227,5.950479,14.180326,25.896858,-4.668638,1.2243505,0.2406387,-0.99773955,0.42102313,2.3024538,0.54935294,1.5142301,2.0808845,-3.678813,2.0193837,6.76014
TCGA-78-8655-01,-19.72635,-2.2808368,8.805263,-12.247806,6.360709,23.282866,-2.440715,-0.0030704495,0.3577373,-0.4252015,0.31187817,2.3980787,0.83262455,1.9934608,0.092222005,0.2576732,-2.4667728,22.458126
TCGA-95-7948-01,-17.496637,-4.274341,1.0849556,-10.977675,-5.1540375,21.607534,0.13994579,-0.5071084,0.17662269,-0.29421765,-0.82421935,1.5392802,1.2490951,2.6957953,0.37979147,-7.672477,-13.406375,16.662107
TCGA-78-7161-01,-21.654116,-3.4099345,-14.9585705,11.719998,0.288183,25.665749,-10.033828,-0.7554173,-1.4197364,1.6315382,-1.1605977,0.33014858,0.39147514,1.6402625,0.18237971,-21.945578,10.968936,7.025336
TCGA-05-4427-01,-20.949024,-1.3419259,10.202454,-6.2506475,8.424714,20.888603,-7.5582247,-0.2880677,0.84845203,1.5710509,-0.2882701,0.7697284,0.48237273,1.3596753,0.51855624,-16.443628,1.0481888,-11.574642
TCGA-97-A4M2-01,-24.96073,-10.905863,-19.407078,-10.637549,9.4120455,32.26246,-6.852712,0.7579572,-1.3730669,-1.9778745,-1.3453754,1.2896986,1.1768363,3.3622694,0.74313843,2.7667866,-8.2079315,25.19932
TCGA-50-5068-01,-24.124937,-11.497765,0.9606969,-15.529416,0.14873584,27.100372,1.9878409,-0.34155637,-0.910463,-0.9459395,-1.4366742,0.90073454,0.63476413,2.9544172,0.8725548,-10.187017,-12.492384,9.78376
TCGA-44-6148-01,-28.258116,-14.286837,-17.096073,-10.878516,-4.995923,34.367126,-9.318814,0.11940036,-1.1242061,0.78728026,-3.0952332,0.9644832,0.092658326,4.1681776,2.6908555,2.4610062,-15.091214,18.657373
TCGA-78-7536-01,-18.166,-3.418703,-2.9089274,7.51646,4.497776,21.256697,-9.741356,0.38472107,0.6038901,2.1455228,1.6508538,1.9773564,-1.59606,0.035101384,-0.34540275,3.9062681,10.056033,-20.271168
TCGA-50-5044-01,-23.022644,-2.684356,12.281281,-3.8756435,8.191007,25.136013,1.7392144,1.4011321,0.6783357,1.387896,0.6389123,3.0011756,0.35461137,1.7069362,1.8213276,-10.4490795,-8.826336,6.8185773
TCGA-55-A48X-01,-25.853214,-9.4219265,-3.2275305,-9.24883,-3.1614902,32.069023,-5.234183,-0.011332196,-0.24651136,-1.3229057,-1.3039935,1.657766,1.4424236,3.2601373,0.82772,-3.417496,-4.0953107,9.346902
TCGA-55-A494-01,-18.242651,-2.3727937,4.115942,16.90855,-10.374927,21.46983,-4.06214,-1.7364558,-1.2345251,0.52762663,-2.5313952,-0.39091614,-0.155454,2.8401427,0.05908596,-15.838047,-3.194637,-0.20945048
TCGA-91-A4BC-01,-24.315235,-8.078299,-6.148242,11.513244,4.840266,28.082584,-8.835605,-0.7961769,0.37895536,2.3664935,-0.20432499,1.6404411,-1.6292032,1.4143729,1.7637577,2.3706822,6.186282,14.834164
TCGA-55-6986-01,-20.86107,-3.0648582,5.44958,-9.598947,5.4898815,25.78009,-4.018168,0.6337363,0.5321056,-1.8712944,0.26744252,3.0656528,1.7604271,3.259329,0.8189295,-4.044894,-8.650926,19.904547
TCGA-44-2665-11,-24.108618,-2.9799628,-12.107891,-22.680069,10.238282,29.381502,-1.642493,-1.001058,0.5343583,1.1282427,-1.4413388,2.592199,0.8876204,2.7805657,0.88220865,-0.8809629,-8.674098,5.0312285
TCGA-49-6767-01,-15.951619,-3.4769986,26.400782,-2.0552816,3.3672051,19.500921,0.76228034,-2.024014,0.44446683,1.1110042,-2.691253,0.24819195,-0.64151704,2.2489688,1.1751872,-9.5231495,-3.357991,-5.0082297
TCGA-67-6216-01,-20.475138,-6.075869,10.385593,-7.8995624,-2.1042168,25.528736,-4.6644073,-0.35691345,1.3401226,1.7176924,0.3128884,3.411849,1.3983197,2.7803335,1.56214,-17.075678,-11.514235,1.8854742
TCGA-50-5930-01,-20.735998,-3.3993578,8.458465,1.8125701,15.474353,22.511402,-2.3608289,-0.08757701,1.8201371,1.2619791,-0.16137728,1.5986979,-0.3791786,1.6713729,1.0967438,3.417596,5.144171,0.779601
TCGA-97-8552-01,-27.155495,-12.332803,-16.82929,-13.925137,-8.726583,35.62658,-2.255981,0.8946164,-0.9694686,-1.3466815,-1.6067756,0.75952184,1.556471,3.4885669,0.8985335,-5.1718755,-18.167597,5.3690314
TCGA-86-8281-01,-21.121607,-7.829234,-9.439981,-9.209003,12.425606,22.090544,-4.390884,-0.88663185,-0.91955596,-2.0101254,-0.2874889,2.2706478,1.663984,2.225479,0.41930202,-6.055424,2.2336257,17.221186
TCGA-95-8039-01,-25.434433,-13.986097,3.545405,-10.655155,5.316757,28.984665,-6.355608,0.021183135,0.32021093,-2.1003358,-0.95300233,1.0632625,2.3875449,2.7858791,0.9533216,-3.3196783,-0.88471586,18.931778
TCGA-55-8204-01,-22.927736,-10.263638,6.061206,-3.084013,-8.361694,29.452576,-2.7597866,-0.32026282,0.32860506,0.41083974,-1.3914784,1.5381705,-0.6034832,2.4979799,1.8926407,-3.70368,-6.352563,7.154042
TCGA-64-5781-01,-17.190067,0.6747622,18.991,4.725696,16.794237,20.160185,0.042748727,1.1130593,0.1228454,0.5306037,0.29364088,2.8186398,-0.6218399,2.3030815,0.8635369,-11.097325,-0.6070898,-4.4123945
TCGA-50-5932-11,-24.397833,-2.71551,-19.839825,-27.249592,17.490995,29.060492,-6.0163116,1.9755952,-1.3969922,0.12306516,-0.94562316,0.8861992,0.9731356,2.4502022,0.633361,7.813894,-12.160498,15.958237
TCGA-NJ-A4YI-01,-20.741846,-2.111598,4.798428,-2.0076184,-0.51354337,23.386883,-5.175229,-2.0430887,1.0677357,3.3556676,-0.42164737,2.673342,0.5879763,2.731379,1.8393114,-3.7933316,-4.11943,4.949827
TCGA-L9-A444-01,-21.387232,-3.8986793,2.7276208,-10.139271,0.8736019,24.621124,-2.3309782,-0.5283693,-0.19112328,-0.38924432,-0.09373322,0.9734584,-0.04682034,1.7261187,0.1850621,-0.21520765,-10.688916,7.223312
TCGA-MP-A4SV-01,-23.484406,-11.440693,-1.6160169,1.8007758,1.4078718,28.813015,-10.240484,-1.6916753,0.42197698,-0.6659833,-1.9103725,0.12867257,0.4235554,2.3442256,0.23672569,-5.507546,10.898699,14.741682
TCGA-55-8090-01,-24.20677,-7.9107604,6.518979,-7.7052636,2.2281291,29.139334,-5.2581663,-0.24060723,-0.23291005,-1.0983596,0.25661477,2.9091666,1.184599,2.6946902,0.2898163,0.92347664,0.7924616,32.580517
TCGA-95-7944-01,-16.803541,-2.1020567,10.519137,7.138687,18.17619,20.040472,-8.274209,1.7479143,-0.52699983,0.24266501,1.6601727,3.4689415,-0.53122836,1.6964408,0.63980514,-4.4926505,-2.499214,13.951107
TCGA-NJ-A4YG-01,-23.311852,-6.8494015,4.0613995,-6.5166154,3.027613,25.107887,-3.8064938,0.26278847,-1.0596952,-1.0822371,-0.6009198,1.7482392,1.9833145,3.3198798,-0.12022983,-3.354248,-7.249008,26.027117
TCGA-91-6830-01,-23.93985,-3.1543841,6.8933015,-2.1293654,8.2089405,32.03158,-1.4819324,0.6901018,0.5596311,-1.5401676,-0.2839736,2.067982,1.5042609,2.9213288,0.09064027,-10.575992,-6.0886536,-31.423658
TCGA-55-8512-01,-25.907452,-14.18974,-22.453094,-6.2507772,-1.2832911,34.029327,-7.3762765,1.0040125,-1.781552,-1.9045385,-2.4728003,0.7081697,1.6236837,4.4384804,2.1818554,5.555633,-9.816333,24.970852
TCGA-44-6777-01,-25.465462,0.8881757,16.607811,-16.56117,-1.0000049,28.487196,-0.23824966,0.17987418,0.074060336,0.24469791,-0.39783144,1.877942,1.3987415,2.1838784,1.2397394,-14.222496,-10.935511,-7.1517982
TCGA-55-6985-01,-25.861921,-10.107765,1.8765136,-9.510128,-6.556494,33.19539,-2.4063447,-1.1123515,-0.9881681,-0.83636916,-2.8651092,0.9733325,0.22266105,4.1533318,1.4740825,-10.487431,-15.589272,10.884415
TCGA-MP-A4TE-01,-21.041925,-4.376293,-11.247697,22.927908,9.997433,21.849628,-5.7643037,0.57908916,-1.1224804,2.0838978,-0.09890424,0.20234643,-2.0522554,0.47416547,-0.07296266,-11.984414,17.947872,6.3432455
TCGA-L4-A4E5-01,-19.732458,-1.971258,5.800971,0.47536945,-2.7696512,22.592783,-4.2514434,0.73376626,-0.04553612,-0.0964129,0.31028023,1.8775868,0.38837573,1.9029189,0.019613631,-9.52997,-6.5168147,-2.021208
TCGA-55-6969-01,-28.405966,-5.71445,-5.7014346,11.111047,1.0004963,28.699913,-5.8568025,-2.5450735,1.1486542,0.35514203,-1.3752857,0.91140467,-0.21587206,2.8365407,-0.13531756,0.6985759,15.381096,-19.970812
TCGA-55-7815-01,-24.007814,-8.994538,6.7146273,-1.6821845,8.967174,21.019043,-14.123348,-0.43273848,-0.98417234,2.3442092,-0.8179644,0.8316888,-1.4577657,1.145307,0.49389622,-1.6309698,7.139768,19.706886
TCGA-05-4390-01,-22.426146,0.033523627,-1.014385,9.743696,0.31758976,20.959152,-5.2730417,-0.8879909,-1.000679,2.7337883,-0.93852776,0.6329816,-1.7630417,1.6987786,0.22105035,-16.773668,11.484372,-1.3321301
TCGA-44-2668-11,-22.877426,-2.772391,-8.826389,-21.655855,18.333973,25.479092,-4.0805197,-0.92123556,0.15887682,1.27774,-1.0666026,2.8646894,1.4193903,3.3528123,0.45906067,10.9903345,-15.410623,22.10227
TCGA-78-7537-01,-21.130753,-5.578311,-5.290355,-2.3546207,7.6301208,21.529009,-5.093937,0.29938444,-0.82391626,-0.34609398,0.60639197,2.4884129,1.9545319,2.3651054,0.7597667,-5.618633,-13.438103,8.9099045
TCGA-55-7284-01,-25.863565,-8.357638,3.4604516,2.2789857,7.7656484,31.09063,-11.401226,1.5699239,-1.9648391,1.4101202,-1.4023712,-0.13606796,-1.9566585,1.6204889,1.3350956,-6.598018,4.0080166,17.166643
TCGA-55-8614-01,-26.82791,-11.23265,1.4111111,-0.6909609,-6.806545,30.19011,-6.354777,-0.34190938,0.21460277,0.6174952,-1.8449473,0.871793,-0.012649338,2.5555382,1.4047611,-0.39665493,10.773045,7.8973413
TCGA-95-7043-01,-20.519394,-2.1483588,-0.5244767,3.2841368,0.41043335,17.282906,-1.3859727,-1.0892857,0.6242394,-0.4264734,-1.0697353,1.0609429,0.6479595,2.82391,-0.71024853,-19.683195,1.5271045,-13.689635
TCGA-L9-A8F4-01,-23.095215,-2.996029,3.3591988,4.985502,0.30289903,28.748964,-3.503993,-0.35968226,0.97125816,-1.3751396,0.42337078,2.395463,1.0621903,1.9670875,-0.39009494,-0.78231674,-8.288307,2.6971138
TCGA-44-7670-01,-25.903877,-8.728491,3.2911115,7.0177665,-6.557147,31.985632,1.0806618,-1.3411986,-0.40759248,0.7331047,-4.257352,-1.394684,-0.13367958,3.6118248,0.4089933,-14.8674965,-1.8706006,-17.829458
TCGA-95-7039-01,-20.358616,-2.7000506,9.041214,-10.4675665,3.3537219,21.017721,0.099710055,-0.35728762,-0.3758881,-0.38856867,-1.0265132,1.6831392,0.7853943,3.521436,-0.2643992,-7.5812497,-5.243532,-2.1445756
TCGA-MP-A4TI-01,-23.981428,-8.169547,11.135458,-5.827642,14.296772,27.85273,-4.9556994,1.1290698,0.93700826,0.48690784,0.99504286,3.299418,0.20402259,2.005246,0.3127385,2.3867881,5.555631,24.271582
TCGA-O1-A52J-01,-23.21042,-4.7787104,-1.058253,-8.069025,-4.514644,26.33489,-4.8227067,-0.24080761,0.54303426,-1.2545389,-0.28212538,2.0549972,2.0864656,2.8459852,0.4116926,-9.12033,-2.4680245,-18.976591
TCGA-55-5899-01,-27.22341,-2.3141832,-2.5709403,17.41583,4.4477105,28.730879,-8.926361,-1.2403821,0.927733,3.0254145,-1.9947504,-0.33753622,-1.9713991,1.7293426,0.7766321,-6.702694,15.552919,-2.5220296
TCGA-55-7728-01,-24.008501,-5.128707,2.3168297,9.14048,5.474195,29.670055,-5.076982,3.3148544,-2.9941127,0.5678645,-0.15660149,0.6709117,-1.495405,1.4664857,0.5287955,-8.838646,-6.294682,3.3012059
TCGA-99-7458-01,-26.14403,-7.4720597,4.578901,-14.782314,-0.52010816,30.930506,-3.0159113,1.5139309,-0.53134674,0.2647644,-0.3464816,1.5750858,1.8138239,2.5932326,1.1709952,-5.2083507,-6.2579803,10.50214
TCGA-97-A4M0-01,-19.836334,-4.8924165,-1.9128472,-6.4089675,0.19029154,24.783737,-8.094175,0.40501663,-0.6054903,-1.1572901,0.2668117,1.4575241,1.5761224,2.1513968,0.13451116,-6.013851,-10.510411,18.578644
TCGA-91-6848-01,-25.873625,0.33183753,19.49791,1.8231055,14.592584,27.370436,-0.88038874,-1.5273453,2.421273,2.9543962,-1.080439,2.8413453,-1.4255054,2.801295,1.7119684,-0.98070174,8.440515,-6.350095
TCGA-50-5055-01,-27.461237,-13.510295,2.913146,-11.829895,-5.300932,32.533897,3.1198246,-0.35022196,-0.80573916,-1.2509202,-2.1824086,0.7956772,0.7645024,3.7062578,0.98739046,-7.9097013,-12.619867,5.6198316
TCGA-44-7671-01,-21.02481,-10.014134,-5.527224,-10.98413,10.065146,25.033125,-4.2488327,-0.07554915,0.49165988,-0.67401606,-0.50440216,1.5651834,1.3178307,2.1780608,1.1490687,-3.3078165,-12.072264,-7.7532744
TCGA-05-5423-01,-24.35745,-13.179978,5.127321,-20.039225,-1.1310602,26.374857,1.0473704,-0.7167696,-0.82229066,-0.37786257,-1.3366665,1.0943017,0.9905015,3.3908415,0.11635005,-0.73065335,-19.314342,-4.2188315
TCGA-55-8619-01,-25.830969,-6.4197526,-5.794795,-4.4861627,10.687632,31.501736,-4.0784516,3.026486,-2.2593186,-0.7906851,-0.13472034,1.3914062,-0.14057326,2.2043579,0.6191984,-1.1026455,-3.717676,11.726442
TCGA-49-AAR3-01,-21.96693,-2.994007,16.438068,-1.2265943,7.2456083,26.503069,-5.0779486,0.14937751,1.2792523,1.2451473,0.383859,2.7615745,-1.0530995,1.6995364,1.362586,1.75959,-5.726169,7.928381
TCGA-55-8514-01,-17.58292,-6.5421247,-1.1773607,-2.211983,-5.8756313,24.902845,-3.8577244,-1.3871977,0.43275684,-0.7006786,-0.41718012,1.4567645,1.1471344,2.9011655,-0.7127225,-8.615139,6.49207,-4.1159654
TCGA-91-8497-01,-28.104862,-8.009502,-19.200203,-1.7656772,-1.2601953,35.626545,-5.387225,-0.36593333,-2.5643826,-0.4497883,-2.7742467,-0.5123798,-0.51245594,2.936043,0.9624028,-8.591023,-6.032308,14.44506
TCGA-49-AAR9-01,-14.078866,0.3440739,30.2395,12.125846,2.7849479,18.728436,-0.43642813,0.16544046,1.8856468,4.210042,0.4802502,2.7890365,-1.6772692,1.2247957,0.7694852,-0.41933495,3.40648,-46.76753
TCGA-44-6774-01,-26.16752,-0.63166,9.092925,-4.1262584,-3.7449305,28.82317,-1.3911014,-1.1182526,-0.0009290613,3.1030812,-2.0414662,1.1871771,-0.50617135,2.8426445,1.3709059,-14.870142,-9.731907,-4.976814
TCGA-55-8301-01,-23.684834,-5.9643593,4.464232,-7.909784,6.6061196,28.211615,-2.7768104,-0.97402143,-0.5071763,-0.9315576,-1.7215123,0.98257196,0.26299065,3.149456,0.9675317,4.0503516,0.79175967,18.331535
TCGA-95-7562-01,-20.670843,-9.756627,9.6719475,-1.0784789,-0.30775055,24.817093,-5.163474,-2.0645268,0.29452842,0.77897716,-1.2593721,1.3867214,-0.47520652,2.5675864,1.1049181,-1.8186663,-0.76257783,24.110289
TCGA-55-6983-01,-27.179836,-11.627277,-14.020442,1.9312465,4.171079,32.20277,-5.050888,0.27227482,-1.5342466,0.20405576,-1.4807361,1.4005436,-0.102112845,3.529312,0.8127579,-7.5104585,1.8040873,19.501661
TCGA-53-7813-01,-19.960941,-7.0892673,-10.556261,10.383314,-4.631161,21.457281,-8.478972,-0.65898,-0.69193566,0.8663932,-0.57912153,1.0821612,0.019825868,2.0980136,0.5732267,-11.169388,-6.3160176,5.7608485
TCGA-MN-A4N1-01,-21.536623,-8.00834,9.795101,3.0188563,-5.1809764,25.292202,-2.6967485,-1.0869187,0.12926392,-0.21910612,-0.009004839,2.3829074,0.9534223,2.4861414,-0.45748022,-0.025240727,-2.2834637,29.940285
TCGA-78-7159-01,-23.976606,-3.7165804,-7.800997,12.284043,-0.46407422,26.158787,-6.099352,-0.9707487,-0.82339925,0.9434758,-0.8626287,0.5140555,-0.15844272,1.5727843,0.7846674,-18.717678,13.195078,0.31110933
TCGA-50-6673-01,-24.17462,-6.3984685,12.725406,-0.5538389,-7.151221,30.464563,-4.869283,-2.0007098,0.008022299,-1.2260861,-3.2063196,-0.8135999,0.64533716,3.248309,0.6735857,-17.068874,2.144625,-11.381865
TCGA-75-7025-01,-28.768496,-16.1524,-8.487769,-8.705816,-9.51814,37.35037,-5.7576065,-1.3356681,-0.1506586,-0.73491937,-3.128559,0.8649754,1.2407062,4.720741,1.2709764,-2.724787,-11.273984,23.031189
TCGA-55-7726-01,-19.429579,1.6659551,26.17227,-5.2255144,-1.4450805,23.353794,-2.4752457,-0.29741815,1.0805744,2.0377707,-0.6631957,2.1330838,-0.2702146,1.8929398,1.7156777,-6.769083,-7.7968426,-0.49133596
TCGA-L9-A743-01,-26.760187,-13.128659,1.6319144,-9.564379,2.5687287,31.532534,-5.10233,0.72546476,-0.20386714,-0.9841208,-1.0404034,1.611769,0.7549554,2.8312774,0.8450031,6.877128,-5.1601524,23.521593
TCGA-86-8358-01,-26.979153,0.37342805,-3.8754392,20.849842,3.7202408,31.11157,-2.0532763,-1.5826119,1.1223966,1.9613584,-0.17513123,0.420257,-1.5057417,0.7128277,-0.039002392,-4.880784,15.1608,12.743782
TCGA-55-6972-01,-14.146502,-10.783232,-13.322387,-7.085534,10.474708,14.407416,-3.2896283,-0.6894765,-2.1578078,-3.2505903,-1.3225464,1.182076,1.7818153,2.1518974,0.95948726,2.4313717,-20.081783,21.688953
TCGA-55-7727-01,-21.350838,-11.595821,6.5970235,-12.004683,7.186737,23.187902,-8.871482,0.8434428,-0.6813083,-1.3526483,0.2355814,1.7234803,2.398462,2.5450673,0.07811799,-2.6356225,-1.8751076,24.286476
TCGA-91-6831-01,-23.531935,0.61399716,-0.80482495,9.415624,0.45697275,26.59926,-4.3242006,-1.546978,0.4861229,1.6650815,-0.5773265,1.1719284,0.09605367,1.836269,0.80296266,-7.8438573,13.576532,2.1637611
TCGA-MN-A4N4-01,-20.33005,-1.708496,13.214752,2.45316,-6.672523,26.209444,-5.0708656,-0.463028,2.0758986,1.1149317,0.3518822,2.1108267,-1.0085797,1.3142256,0.5607572,-3.811417,5.7722445,6.3448725
TCGA-55-8302-01,-20.65557,-6.592144,14.490088,0.52184,10.036508,23.323462,-2.3499339,0.8023261,0.8698897,0.58858615,1.376751,3.0182097,0.01536364,1.1530236,0.33717135,-3.5983305,-0.57104856,13.021245
TCGA-MP-A4TK-01,-25.462679,-6.207887,16.564888,-4.510077,0.26804587,31.096506,-1.3600354,-0.30044037,1.5165967,-0.6831863,-0.40519902,2.5370314,1.2252276,3.1325119,0.9556058,0.072694235,-0.4910534,4.7249494
