,6,13,25,27,28,10,23,24
TCGA-90-7769-01,-13.805518,-22.28335,-7.1432776,-2.8130448,-10.375689,1.9005991,-17.336624,0.5739433
TCGA-77-A5G1-01,-12.782231,17.559574,-13.97221,-2.9941754,-10.08048,1.237761,-8.118806,8.062257
TCGA-77-A5G3-01,-17.460972,-22.400991,-3.1213727,-2.4572682,-13.726172,2.4402153,-16.404707,-1.373044
TCGA-56-8201-01,-11.495733,14.620852,-0.6434293,-2.371968,-9.113786,1.1899344,-15.295933,-4.016219
TCGA-43-7656-01,-14.946828,10.579236,3.1290827,-6.8162227,-12.565149,0.41237715,-0.44778013,2.2304683
TCGA-85-8481-01,-13.443501,8.336345,-2.7978878,-5.7353897,-11.408277,0.9728896,-7.6312647,8.375843
TCGA-56-A4ZK-01,-17.24192,-12.008073,-3.1450515,-5.583251,-10.17021,2.1697567,-17.224688,-3.2823336
TCGA-77-8156-01,-15.159808,-4.861729,-3.6307049,-5.1703696,-11.066397,0.9146548,-11.057303,10.218092
TCGA-43-A475-01,-15.358895,-1.6536114,5.963689,-3.9223008,-10.427456,2.44264,-14.72831,11.462782
TCGA-58-A46N-01,-15.136945,-25.402548,-0.43419874,-6.0701466,-11.678786,2.837065,-24.407349,-5.559883
TCGA-63-A5MW-01,-15.556785,-6.7724957,10.87812,-3.1912205,-16.298416,0.0038297102,-15.023061,-17.848234
TCGA-85-8479-01,-13.5152445,-4.3983054,-0.3976822,-7.6686826,-12.321262,1.8905411,-19.459532,-9.393143
TCGA-68-8251-01,-13.133,5.3992186,1.5922223,-3.3756814,-10.415124,1.5040519,-16.076712,-13.67893
TCGA-34-7107-01,-15.112451,-11.092408,-1.6678231,-7.0980678,-13.114387,2.8043044,-13.402155,4.809218
TCGA-39-5040-01,-10.331683,16.262691,-8.737313,0.5057631,-9.777324,2.8377333,-13.776353,10.485985
TCGA-63-A5M9-01,-14.396294,-6.887763,1.1028624,-1.4040166,-10.96942,1.5337831,-4.0014496,10.0373955
TCGA-92-8063-01,-13.547373,2.1965308,-6.664507,-5.4956403,-10.208299,0.66116965,-9.043936,11.145332
TCGA-NC-A5HR-01,-14.562739,-6.514333,6.3339105,-2.0317345,-11.1116905,3.1818097,-15.407389,-2.091737
TCGA-96-7544-01,-15.992101,-1.7039673,4.4747458,-3.985575,-10.59922,2.6702487,-21.485228,-14.459131
TCGA-37-A5EM-01,-15.343243,-6.3109603,-1.775297,-0.7532689,-12.37772,0.41493785,-3.280954,8.051018
TCGA-63-6202-01,-8.875078,27.648163,-11.381037,6.643318,-6.093601,1.6696616,-16.400167,9.0344925
TCGA-98-A53I-01,-17.148981,-11.972707,6.313619,-2.8724136,-13.178327,1.8627865,-15.219773,-0.49910158
TCGA-58-8391-01,-13.402913,-8.224648,-0.21366857,-8.776972,-10.19172,1.8643426,-10.920789,-8.009637
TCGA-85-8580-01,-17.238808,-8.634792,-11.7773695,-0.345827,-11.887282,2.1220934,-6.985026,-0.094295934
TCGA-92-7340-01,-14.852844,6.885697,-2.0778878,-3.592401,-10.583022,1.1257731,-12.2206,-7.8073473
TCGA-85-8287-01,-16.443077,10.319495,4.4199123,-6.585874,-14.643064,1.0482862,-12.508715,1.8543768
TCGA-56-8622-01,-14.408323,6.8624845,-13.56391,-5.176414,-11.886091,1.1598487,-16.428625,-5.0467405
TCGA-22-5471-01,-17.858326,-10.310903,1.3725705,-1.8336068,-12.071021,3.1345174,-19.196602,-0.36532408
TCGA-85-A4QQ-01,-14.03626,1.420814,-3.9035091,-5.826395,-10.11994,2.5650516,-16.497332,-1.3832736
TCGA-22-5480-01,-14.039641,9.761079,0.69053054,1.205648,-11.669733,2.44648,-18.358534,-17.66123
TCGA-58-8388-01,-14.481172,15.529398,1.8994706,-2.873741,-14.242046,1.8210057,-12.693991,-5.158234
TCGA-63-7022-01,-15.954989,5.8803134,2.0038252,-5.2671566,-11.162717,1.7558557,-3.6625562,-4.5735426
TCGA-85-8584-01,-13.761336,25.475237,-4.1718903,3.2996738,-9.271707,1.9907804,-12.17459,9.557262
TCGA-77-8128-01,-13.993178,-22.06589,-2.721342,-4.0058155,-13.552987,2.0465279,-21.778328,-9.814878
TCGA-85-7699-01,-14.874439,4.056828,4.661483,-1.4967358,-13.2229395,0.7274145,-20.57794,-15.032942
TCGA-33-AAS8-01,-13.225814,-8.768333,-6.9353743,-5.123912,-10.95529,3.2987003,-7.769897,13.062326
TCGA-56-8626-01,-16.307478,7.9148164,-7.1320753,-6.658862,-13.260829,2.5208921,-8.111278,9.335263
TCGA-43-6773-01,-15.411246,9.874132,-3.8716843,-6.7820697,-10.586213,1.9634191,-9.118347,5.9765673
TCGA-77-A5G8-01,-15.498514,-8.13731,-6.5159016,-9.334951,-11.49463,1.9295404,-18.374191,1.9076846
TCGA-85-8355-01,-19.081842,-1.7246122,2.7385778,-5.738621,-12.026569,2.276914,-9.962828,9.311968
TCGA-22-4593-01,-14.609754,-3.2013822,-2.1982772,-6.3656125,-12.268142,0.18848057,-27.450794,-18.201647
TCGA-85-7843-01,-16.58821,-3.3777728,1.2977197,-7.540493,-11.911294,2.4427507,-19.21951,-21.465385
TCGA-NC-A5HE-01,-15.322902,2.630352,3.9604766,1.0171682,-10.787286,1.6270844,-14.122388,4.386423
TCGA-85-A50M-01,-11.348395,21.058838,-8.458097,1.9309888,-9.45849,1.62618,-14.341575,13.753274
TCGA-NC-A5HI-01,-15.527291,-3.882584,-0.6175897,-8.213997,-10.703885,2.1433067,-12.385092,-6.9260254
TCGA-77-8009-01,-11.974795,-17.335829,4.3741474,-3.1401196,-10.338434,2.020387,-19.746876,-7.2202506
TCGA-43-A56U-01,-20.359629,13.087681,6.7277117,-4.918505,-11.662145,3.1020133,-6.9634533,1.1840332
TCGA-68-A59J-01,-17.55387,-3.9292438,-4.245058,-1.8272818,-10.715376,2.0856001,-5.357492,10.249727
TCGA-34-5236-01,-16.53011,-10.252127,-8.271182,-2.69571,-10.382094,1.0310676,-11.431356,24.904676
TCGA-56-7223-01,-12.62756,-13.972657,-3.874128,5.852035,-11.093844,-0.15279119,-15.08198,18.468945
TCGA-21-5783-01,-14.685828,-3.5032713,-1.8045189,1.4112148,-13.307143,0.7350424,-11.094497,3.0707548
TCGA-85-7950-01,-14.87448,3.3996608,8.297444,-3.9522765,-12.296652,2.2004743,-10.237652,-6.7534165
TCGA-77-8153-01,-13.788375,-20.766363,-1.5234445,-8.679973,-11.777466,1.707928,-9.053371,-5.2535725
TCGA-L3-A4E7-01,-15.1697855,17.533054,-5.153819,-8.073186,-11.727328,2.4675965,-9.393742,3.2948325
TCGA-90-A59Q-01,-16.08204,14.55195,7.005698,1.4748263,-11.161007,0.5820705,-5.3800836,11.550377
TCGA-94-7557-01,-13.780781,6.6594872,-8.619047,-6.4423046,-9.642059,1.0909108,-3.5829058,10.801123
TCGA-96-7545-01,-14.966839,5.725815,-9.988185,-3.115212,-10.59791,2.095322,-11.375136,8.012705
TCGA-85-6798-01,-12.281344,-21.137081,-5.830249,-5.740694,-11.663338,1.780127,-13.020826,4.235668
TCGA-98-7454-01,-12.507704,28.337,-8.288071,1.4204327,-8.297073,1.4519676,-13.100257,2.6208687
TCGA-56-8083-01,-15.989329,-4.5891805,0.61577415,0.57805794,-14.906993,-0.89521986,11.982519,-6.55497
TCGA-85-7696-01,-17.641378,-9.323899,1.5642238,-3.4183078,-14.236648,1.8113587,-11.556382,11.601957
TCGA-77-A5G6-01,-15.142749,-2.5353162,1.272079,-7.8543806,-12.8847,1.7731649,-13.149682,-3.6101649
TCGA-90-A4ED-01,-16.132034,2.8156211,-0.01043497,-12.980648,-16.113653,1.5512551,-12.443647,-2.7245126
TCGA-56-A4BX-01,-15.848771,-24.490839,-2.1135821,-6.790669,-14.604053,1.8985137,-27.486792,-12.473247
TCGA-NC-A5HG-01,-11.646613,-6.730578,-6.6823087,-5.722557,-10.906534,0.8925573,-27.15029,-25.991089
TCGA-37-5819-01,-15.633952,8.810944,-10.786951,10.210584,-9.151382,-0.23198418,-8.476122,19.423683
TCGA-77-6843-01,-14.703612,-16.773245,-4.906533,-0.28228322,-11.030284,2.851581,-13.818533,17.100058
TCGA-77-8130-01,-13.830274,7.5668674,-9.527338,-5.16078,-11.3031,1.6153117,-19.295685,-8.843643
TCGA-34-5928-01,-13.011098,3.7066746,1.2727289,0.07470401,-10.836356,0.76783556,-12.658333,8.847273
TCGA-22-A5C4-01,-14.340501,7.6741414,0.20089759,-5.1920667,-12.268543,1.614514,-25.51848,-10.172159
TCGA-33-A5GW-01,-15.430551,-11.004769,-5.739674,-5.080146,-8.999666,2.1338596,-14.024436,6.3104024
TCGA-94-8035-01,-15.706763,-4.5667324,-10.943705,-2.1901252,-9.538499,2.4065323,-3.638421,-2.79723
TCGA-94-A5I4-01,-15.513105,-7.5601153,-7.0533724,-6.6005826,-13.000751,2.862225,-14.885965,-0.20476086
TCGA-94-7943-01,-15.149736,10.175134,-7.4026833,-2.107334,-10.883719,2.4338353,-13.847135,1.7257886
TCGA-85-A53L-01,-14.156304,0.56587887,0.6801949,-3.9327393,-13.162984,2.3659668,-14.134215,3.942055
TCGA-98-A53C-01,-14.765533,28.654036,-3.8381414,-3.0712433,-11.352748,1.560772,-3.7475924,10.059192
TCGA-56-A4ZJ-01,-15.206489,21.416248,-4.2971115,-5.6080875,-10.713313,2.192111,2.7369552,8.834492
TCGA-77-8145-01,-16.223534,-4.1702847,-2.594249,-7.8843193,-12.690263,0.20523107,-8.529144,-2.800868
TCGA-O2-A52W-01,-15.817055,3.3477833,-3.62177,-9.4657755,-12.431547,2.8267102,-15.193645,-0.40883744
TCGA-63-A5MV-01,-18.25728,-4.1231837,6.0364494,-6.304418,-14.232442,1.3199272,-9.07729,-2.175871
TCGA-34-5231-01,-16.904781,-7.558359,-4.4296155,-4.5717344,-11.420458,2.3778214,-26.849022,-32.203083
TCGA-33-AASD-01,-13.447487,-14.684005,-0.87022305,-9.0402155,-11.155124,2.2670286,-12.13978,26.794666
TCGA-77-8140-01,-13.787236,5.246779,-6.7034116,-10.140544,-11.494511,2.0027456,4.643449,-7.334507
TCGA-39-5019-01,-18.55093,-5.2632465,-1.7284815,-3.5881102,-12.145045,2.304473,-15.496717,15.5120945
TCGA-22-5478-01,-13.678082,9.161895,3.1397145,-6.879691,-10.733494,2.394877,-6.4267707,0.15973692
TCGA-90-7964-01,-13.793466,16.794287,-9.833756,-6.2250066,-9.464723,2.2926543,-9.6434555,9.844654
TCGA-68-8250-01,-15.078018,16.048897,0.115847245,-8.143213,-11.086991,2.5120974,-17.274063,0.17788313
TCGA-56-8504-01,-15.04567,-1.8996408,-1.4958644,-10.363671,-10.560203,2.0056794,-15.949377,0.22633253
TCGA-NC-A5HP-01,-14.852025,-5.71215,-0.11588977,-7.7427588,-13.633378,1.40932,-10.861079,1.8141975
TCGA-58-8393-01,-15.366876,13.778575,-2.1095915,-3.0255883,-8.229087,3.0387387,-8.296684,5.860115
TCGA-63-A5MS-01,-16.049736,9.612619,-1.179639,-9.001622,-13.9071,0.87799543,-15.028489,-1.6712596
TCGA-56-7823-01,-14.588839,-22.246313,-8.836263,-2.3861868,-11.315611,1.6748393,-12.861311,-16.601349
TCGA-63-A5MP-01,-17.156902,-3.2274277,-3.4924405,-3.230726,-12.446384,2.0379412,-17.74133,-2.6758578
TCGA-85-8072-01,-14.200916,6.3711634,-8.626629,-7.1966906,-10.425301,1.3272297,-13.333629,1.9417852
TCGA-77-A5GH-01,-14.015546,14.372784,3.8451908,-7.187591,-11.143939,1.4544257,-14.972559,-3.741934
TCGA-85-A510-01,-13.769477,19.350965,-11.348883,6.8835487,-8.325367,1.5265346,-5.642514,5.0810485
TCGA-52-7622-01,-16.419804,6.440332,-9.511993,-2.2053356,-9.09915,2.3463323,-5.986374,2.9120803
TCGA-77-7337-01,-14.156383,-1.0122486,-1.3437884,-3.8568892,-10.272439,1.0902774,-14.804472,-10.73765
TCGA-37-A5EN-01,-18.296024,-19.06378,-0.31809616,0.5026353,-13.93976,2.3564372,-16.715832,-0.22398992
TCGA-77-8148-01,-16.670687,-19.39838,-4.8623767,-2.3401117,-13.883118,1.5086623,-15.557364,-9.809693
TCGA-18-5592-01,-13.663461,-13.310636,0.8327966,-7.5125194,-9.828431,2.3642778,-15.457944,-7.6789436
TCGA-92-7341-01,-14.293159,-19.940506,-3.986233,-2.425027,-10.955062,2.6173456,-10.04191,12.468697
TCGA-34-A5IX-01,-11.545991,9.285209,-11.900274,-1.1488427,-9.889862,1.7202381,-11.218716,-1.2860094
TCGA-56-8623-01,-15.888079,35.45298,-5.2358975,-2.495677,-9.46448,2.9631557,-4.6486797,14.356945
TCGA-63-A5MI-01,-13.24693,1.4023631,-2.1435876,-9.805549,-10.9630785,1.557737,-19.183578,-11.967396
TCGA-34-8454-01,-15.7274885,15.218656,0.28644013,-6.5473237,-9.903514,2.1813014,5.6355114,-0.7340464
TCGA-77-8146-01,-12.856717,20.432713,-9.078713,-5.063292,-10.33751,2.1236393,-12.121191,2.7178478
TCGA-56-7582-01,-15.211979,-17.753319,-1.4304967,-1.3541068,-9.451623,1.9644201,-16.46358,-4.663826
TCGA-56-8309-01,-14.607841,19.074667,3.6074712,-6.456172,-12.054547,2.2926974,-11.844705,5.14069
TCGA-63-7021-01,-17.71662,-6.2712517,-7.8046646,-4.5903187,-11.5450325,2.5816765,-8.047307,4.919027
TCGA-85-8352-01,-9.178685,-2.187863,-1.39405,0.8625558,-11.7933655,0.6749951,-20.454168,-9.990272
TCGA-85-7698-01,-17.748291,-12.012038,0.5518904,-1.9141351,-13.069503,2.0753105,-16.142076,-1.7522712
TCGA-77-8139-01,-13.462123,0.3825257,-1.8568888,-10.054629,-12.218226,0.29838097,-9.648737,-8.458394
TCGA-98-8020-01,-13.407834,7.6067376,-15.654287,-4.7970243,-9.105276,1.417296,-4.884931,-11.193201
TCGA-85-8052-01,-14.536288,-9.175686,-8.536909,-1.6387563,-10.774643,1.8593065,-9.43618,11.185705
TCGA-77-7142-01,-13.970233,2.2708178,-4.3899174,-1.4207504,-11.623091,2.7025056,-7.9744635,-6.1795163
TCGA-NC-A5HK-01,-11.349843,5.789067,1.7156272,0.60924894,-10.856256,0.34577358,-4.923627,6.602496
TCGA-58-8387-01,-15.792798,-3.008605,-2.5583594,-4.4173803,-11.384709,1.0584161,-13.844292,-1.595499
TCGA-43-7658-01,-16.087599,7.6335135,3.4541893,8.565506,-12.99606,2.1776817,-13.310822,1.5953419
TCGA-43-6143-01,-15.11315,-2.0358043,-5.509998,-3.1977623,-11.102655,1.3402969,-11.748993,3.7383132
TCGA-56-8305-01,-16.913857,-10.5853,-12.053718,-2.2164247,-12.342289,1.6596441,-8.331309,14.736384
TCGA-85-6560-01,-10.518984,10.429017,-2.7126966,2.6948953,-9.814832,1.2152811,-12.352711,10.287411
TCGA-98-8022-01,-17.705803,11.1129465,-7.6070695,-4.9980407,-14.15265,1.1711102,-8.642826,0.7800103
TCGA-43-5668-01,-11.186264,20.905602,-10.471384,3.7178254,-7.0940228,1.6944399,-11.650188,3.8131878
TCGA-21-5786-01,-15.406427,-2.6024518,-2.3226683,-4.060145,-13.399838,1.4396573,-17.390282,6.7166076
TCGA-34-8456-01,-16.461334,-13.168153,-0.45677406,-5.221832,-13.202717,3.3740551,-7.9663973,-5.787916
TCGA-56-7222-01,-10.588704,15.359363,-12.163378,-4.7073283,-10.929603,1.2813979,-18.742601,-17.333118
TCGA-52-7812-01,-9.787592,26.918674,-11.397179,8.080225,-6.4611683,1.8641413,-14.772391,1.0796767
TCGA-94-8490-01,-16.228449,-24.11722,-2.7500787,-4.726591,-12.222104,1.689728,-25.609507,-13.619232
TCGA-22-5482-01,-14.764514,-15.005959,-4.87187,-6.037045,-11.167129,2.3793056,-12.630925,1.5263684
TCGA-21-5782-01,-19.395666,-2.267495,5.2012877,-5.5545645,-13.521161,1.532903,-6.4518356,-2.989086
TCGA-77-8008-01,-15.288764,6.867302,-6.4696155,-7.5437098,-11.847702,1.0349126,-6.212129,11.721336
TCGA-22-4609-01,-17.456175,6.6671042,-9.203774,-2.9806247,-11.384852,2.016464,-12.526826,-4.1819644
TCGA-43-8115-01,-16.080738,-0.94769526,3.5658042,-2.7454417,-13.607931,1.8476485,-8.631372,-1.7687492
TCGA-85-7697-01,-20.041235,-7.18071,-0.7792954,-3.4377465,-12.480824,2.0773163,-7.641514,2.263464
TCGA-85-A4CN-01,-15.901488,-19.83614,0.5903797,-4.7001305,-12.738474,1.0806739,-12.61146,-2.8613262
TCGA-O2-A52N-01,-15.416772,4.090832,-5.6157455,-6.775816,-12.625762,1.064658,-9.14794,12.011501
TCGA-46-6026-01,-17.33774,-12.170578,-2.9319572,-2.3077831,-13.847358,2.5570061,-16.992538,-31.280909
TCGA-85-7710-01,-11.743289,11.142777,-2.6167824,-2.637535,-8.61593,1.8537437,-12.344578,-6.766892
TCGA-85-8664-01,-11.784819,2.726314,4.8601937,-4.356591,-12.851678,0.18028307,-17.918877,-6.9017143
TCGA-43-A474-01,-13.159022,-20.264133,-6.007989,-8.545173,-11.222367,2.0392346,-16.908854,-11.817856
TCGA-96-A4JL-01,-16.007832,13.257798,11.8923645,-0.90949935,-9.57731,3.1410995,-16.177313,-6.139157
TCGA-NC-A5HO-01,-15.531087,-8.049618,5.185848,-5.0281835,-11.12932,1.8910842,-5.456973,-1.6771376
TCGA-77-8133-01,-17.959429,-11.000384,4.920887,-2.3178017,-14.35464,2.145933,-17.682419,-7.653519
TCGA-22-5473-01,-14.199639,-8.1251135,-7.3203945,-5.824326,-9.9845705,1.3847536,-19.77679,2.9787662
TCGA-33-AASI-01,-12.74292,14.332767,1.295113,-0.6075203,-10.016936,0.94832563,-14.481535,-0.35799915
TCGA-98-A53B-01,-16.58181,11.783393,-3.1916628,-8.467372,-14.634326,1.1130154,-8.367064,4.9787517
TCGA-43-6647-01,-13.913144,8.613917,-0.13770209,-5.0970616,-11.749426,1.2775497,0.55339533,4.99255
TCGA-56-5898-01,-15.937919,1.45169,-12.274222,-5.678001,-11.343894,2.3526094,-15.269038,5.51237
TCGA-77-6842-01,-13.155303,14.670398,0.9534642,-4.068472,-9.472733,1.9398987,-6.7550488,0.1878833
TCGA-34-8455-01,-12.781752,15.718716,-6.503205,-6.938425,-10.610708,2.2410905,-9.676394,-0.48729938
TCGA-43-A56V-01,-17.411697,-1.1734071,-5.9924455,-7.0267043,-12.374363,0.7532403,-13.390596,4.4703617
TCGA-77-8154-01,-15.082553,-3.818672,-4.9696274,-8.466311,-13.386902,2.1762323,-12.360907,-15.0638275
TCGA-77-8138-01,-13.46622,18.168291,-4.589984,-6.7754273,-10.804652,0.3565309,-5.3142953,5.823459
TCGA-22-5491-01,-18.624395,-14.475246,2.2317543,-1.3865253,-10.390777,3.2065845,-23.10615,-11.546042
TCGA-85-A4CL-01,-17.630276,-12.866043,3.057193,1.1363763,-13.367471,1.8005034,-12.884536,7.31658
TCGA-39-5022-01,-17.83343,6.2209125,-0.59465134,-0.6144338,-10.933434,1.4183731,-12.125654,7.381072
TCGA-63-A5MR-01,-15.48659,-2.9235423,-5.9732113,-3.6225147,-10.972837,2.1203182,-3.4156961,0.73834115
TCGA-77-7139-01,-16.197308,-22.228563,-5.4726806,1.8634534,-12.640082,2.0086253,-24.459421,-7.3986616
TCGA-37-A5EL-01,-13.44453,-6.8324018,8.394882,-5.8111706,-13.7589445,1.2486819,-23.405811,-18.394806
TCGA-58-8392-01,-17.26953,-16.761131,-7.9130735,-8.757492,-12.329833,3.2224355,-7.699942,8.154148
TCGA-22-5479-01,-17.380749,-7.935643,1.3775423,-7.031567,-9.6941395,3.3340843,-18.501055,-11.088386
TCGA-63-A5MT-01,-12.85838,15.916336,-3.5023522,-7.873034,-11.574831,0.36725453,-15.81086,-6.674831
TCGA-70-6722-01,-11.023377,20.684889,-12.353458,1.1010264,-9.096742,0.95258003,-12.232323,19.958254
TCGA-85-8071-01,-15.319472,-12.851025,2.2073205,-13.547235,-12.953775,1.8120719,-25.104082,-26.857891
TCGA-58-A46K-01,-15.351771,-13.400475,2.4969313,-4.287518,-10.881013,2.465159,-17.370003,12.383859
TCGA-94-A5I6-01,-15.901756,-17.261694,-7.582829,-3.5597684,-11.891585,1.5776595,-5.1797996,20.116253
TCGA-56-A4BY-01,-15.883441,-1.9205656,1.4150779,-4.903567,-9.682256,2.9716122,-14.229223,19.221989
TCGA-85-8049-01,-18.942633,4.041244,3.949717,-1.9782714,-10.716237,2.2760735,-13.123268,1.6886333
TCGA-33-6738-01,-14.737131,2.984298,-8.673142,-1.3704945,-9.224513,2.861586,-11.407356,14.178873
TCGA-56-A4BW-01,-16.332535,2.5491707,6.547237,-7.3743396,-14.064042,1.467571,-14.966342,2.3566196
TCGA-56-8308-01,-16.568096,-9.889052,-6.2169857,-8.1357975,-11.86256,1.6990393,-18.704544,-8.675556
TCGA-63-7020-01,-15.675736,14.31524,-2.8604078,-5.0127587,-10.556453,2.6530533,-9.929772,-1.8885708
TCGA-33-AASJ-01,-14.083734,-17.632011,-2.2952387,-6.998333,-11.613703,2.5211065,-23.436096,-11.686689
TCGA-85-8353-01,-15.057511,6.2224607,-3.230505,-2.4549365,-12.16714,1.9024693,-16.316742,-0.6580117
TCGA-85-8070-01,-12.0885315,-12.153731,-3.9043841,-8.746471,-9.681417,2.213044,-19.15386,12.72921
TCGA-NC-A5HQ-01,-18.930233,-0.7651963,-1.0809124,-7.554812,-13.077492,2.113664,-19.332172,-12.169939
TCGA-98-A53A-01,-14.9620075,-8.528948,1.2685378,-8.559156,-13.886867,2.0230036,-20.303934,-4.5278196
TCGA-85-8276-01,-15.917628,-1.3602536,-1.4928259,-3.1036677,-12.691886,1.6870804,-16.44744,-2.2833657
TCGA-LA-A446-01,-15.610288,-7.329247,-10.110737,-6.157062,-10.453227,2.4957752,-12.001542,9.311964
TCGA-NC-A5HT-01,-13.695903,-1.546725,-1.3506048,-11.853516,-14.347026,1.005885,-23.475811,-24.909817
TCGA-58-8386-01,-14.191028,15.525154,-14.052259,-5.6543283,-11.294236,2.2126875,-13.455585,-6.2608323
TCGA-77-A5GF-01,-16.106586,-15.861518,2.5236826,-3.7806342,-13.085044,1.7157413,-20.25367,-5.675697
TCGA-56-7731-01,-16.926046,16.659143,-5.251422,-4.822587,-11.317994,1.6160729,5.8000283,-1.8221822
TCGA-56-8304-01,-15.718242,-4.2962956,-7.447832,-5.8742337,-10.322206,1.6695684,-1.3467225,-3.83663
TCGA-63-A5MN-01,-12.785779,25.041025,-2.4186723,2.1242785,-8.035268,1.5343727,-2.8050508,7.675441
TCGA-96-8169-01,-14.80932,15.98874,0.832824,-8.557435,-10.465001,2.0524595,-11.015161,1.5442986
TCGA-NC-A5HJ-01,-14.670119,30.39136,-7.126729,0.9638683,-10.617541,2.961298,-4.405652,11.211496
TCGA-85-A4PA-01,-14.219697,28.278675,-2.3095644,0.079147175,-10.971623,2.740035,-5.564919,18.700043
TCGA-98-8023-01,-13.8798895,10.768656,5.4340324,-5.088017,-10.479489,1.8834804,-11.124085,0.09232776
TCGA-56-8625-01,-16.140944,5.3581986,2.7454147,1.5715648,-12.153953,1.3548112,-9.414392,-0.6106649
TCGA-43-6770-01,-15.70094,-8.2056055,-6.422509,-6.6037507,-11.392289,1.8643476,-6.5041504,14.040214
TCGA-60-2703-01,-12.145897,5.5888314,-4.8556223,-3.7529643,-10.369216,1.5370945,-2.7568302,2.4833286
TCGA-77-A5GB-01,-13.913606,7.383127,-8.035227,-7.7106338,-10.827942,1.3557612,-12.3500805,4.224474
TCGA-90-A4EE-01,-14.863307,12.695369,3.9562933,-1.6155397,-11.66413,2.049391,-16.504599,-7.214728
TCGA-34-5929-01,-14.341599,-2.356987,-0.10486911,-2.477529,-14.208331,0.91277647,24.263872,-17.524237
TCGA-96-8170-01,-18.710064,11.501478,-1.3950529,-6.0691714,-11.211174,2.383289,-5.334928,-2.1157756
TCGA-22-5483-01,-12.454335,2.5974889,-1.8913056,5.20334,-9.479013,1.1627269,-17.451567,14.050119
TCGA-56-8629-01,-15.164266,-3.170901,1.7384157,-2.7081335,-11.992703,1.8056488,-12.47186,12.234602
TCGA-63-A5MG-01,-16.877094,11.315006,0.036350027,-6.890198,-11.93617,2.3518,-15.77586,-7.350059
TCGA-77-7140-01,-12.886395,-21.918278,-8.370953,-2.4802918,-8.39037,1.6197593,-13.00915,-4.925501
TCGA-77-7465-01,-14.172369,5.152211,5.3562164,1.768156,-11.231967,2.8232517,-14.568137,-16.008335
TCGA-94-8491-01,-15.159564,7.8640323,-3.126603,-4.054037,-11.467484,3.0457258,-17.251587,-6.807384
TCGA-43-7657-01,-12.894939,-11.73526,6.4691525,-5.6127305,-13.014289,2.2848344,4.3826823,16.411564
TCGA-NC-A5HF-01,-16.672686,-3.0819948,-7.147243,-10.595733,-12.322912,2.2513433,-6.291154,11.7954855
TCGA-63-A5MB-01,-16.64519,-11.373469,-0.7256937,-0.7757353,-13.372378,2.3887088,-14.16935,3.4963076
TCGA-77-7138-01,-11.452125,6.460935,-10.516043,0.5501514,-8.607259,1.5391253,-7.552665,17.440653
TCGA-68-A59I-01,-17.493732,2.269394,9.451623,-7.994183,-14.250299,1.5348823,-5.3788733,-0.22628935
TCGA-77-8131-01,-16.334196,16.311432,-11.1006775,-4.4445777,-10.150117,2.0448809,-6.6784825,10.466386
TCGA-94-A4VJ-01,-15.483388,-0.96136075,2.3471594,-5.105982,-12.288529,0.41923186,-20.795563,-10.250805
TCGA-56-A5DR-01,-14.418406,0.4880173,-8.263255,-6.7885847,-9.390353,0.7850216,-1.893421,16.210953
TCGA-34-5927-01,-15.33993,-8.104413,1.2076894,1.8508222,-13.201226,0.33668506,3.677599,-21.035078
TCGA-60-2697-01,-16.466234,29.065758,-6.057398,-0.40370932,-10.311346,1.8570157,-5.395051,12.774793
TCGA-85-7844-01,-14.635626,0.124815665,2.685095,-6.1929255,-11.263401,2.2596345,-9.8454895,3.40782
TCGA-68-7756-01,-14.060143,10.910378,-12.013069,-2.463643,-9.819464,2.1407058,-9.648665,1.5951197
TCGA-85-A4JC-01,-17.463682,3.4319744,0.74634224,-7.173115,-11.993276,2.0661814,-3.1320462,8.554324
TCGA-77-8007-01,-8.939886,26.173351,-4.9703536,7.066938,-6.137006,1.9469782,-13.043147,5.3916025
TCGA-98-8021-01,-16.852932,-2.2725532,2.5738504,-3.5164533,-13.769129,2.7610426,-7.7798047,-5.9005046
TCGA-58-A46J-01,-15.477447,11.205537,-5.4639635,-7.098357,-11.950618,2.4533758,-7.076115,3.8982148
TCGA-22-5472-01,-15.830888,18.492926,-6.083591,-4.019414,-9.957704,3.2770321,-18.204903,-2.124591
TCGA-NC-A5HN-01,-14.211184,-19.48648,-9.007689,-7.3360915,-11.302859,2.1431818,-25.766645,-33.70265
TCGA-34-5239-01,-14.817736,8.515171,5.8879867,-4.8092875,-12.258628,1.3128163,-21.18767,-18.099833
TCGA-92-8064-01,-16.116621,-4.421044,0.27004027,-7.6671643,-10.883256,1.2864767,-15.947994,-2.7316353
TCGA-85-A50Z-01,-12.755141,11.046251,-3.4996648,-7.4937425,-8.084509,1.6389015,-11.010732,5.031977
TCGA-77-7463-01,-14.23957,-2.1115544,-11.314345,-10.923902,-7.826768,2.7987192,-2.3935795,-1.4013875
TCGA-O2-A52V-01,-17.025675,-5.679289,-0.82324994,-5.32675,-12.030693,2.3945856,-11.34607,5.3572655
TCGA-21-5784-01,-18.751963,13.776843,-0.24212037,-7.321454,-10.788835,2.739898,1.0131011,-0.3473069
TCGA-85-6175-01,-14.741532,15.607957,-5.85157,-1.1016396,-11.273152,1.0289887,-11.471827,7.045303
TCGA-39-5024-01,-17.021938,6.221178,1.8516113,-2.9400387,-10.456276,2.33167,-8.608578,5.5825415
TCGA-52-7810-01,-12.363042,-3.7154384,-4.462566,-7.1352415,-11.015929,2.7925193,5.317358,-3.0096045
TCGA-85-A4QR-01,-13.686046,-8.752047,-2.8982337,-11.070607,-13.122148,3.4382217,-16.547817,-12.285435
TCGA-LA-A7SW-01,-14.476962,-6.0212407,-8.297811,2.7569425,-11.229883,0.6365872,-10.692181,27.58042
TCGA-90-7767-01,-13.647397,3.3806562,4.673911,3.3396807,-12.244161,1.9879776,-21.711803,-16.825724
TCGA-90-6837-01,-14.59495,6.144085,-5.4155674,-6.138893,-11.624232,1.7238547,0.33311188,15.327156
TCGA-77-8150-01,-15.380228,-9.962,-5.776685,-7.452206,-12.578547,1.663549,-13.530321,6.5285363
TCGA-51-6867-01,-14.418494,-4.3352304,-0.48811245,-2.6886778,-9.60123,2.7620103,-8.331183,12.032508
TCGA-33-A4WN-01,-15.820463,-10.144917,-9.3701935,-3.8729565,-9.771118,1.8315654,-14.318106,9.1289015
TCGA-NK-A5CT-01,-11.535085,16.504343,-8.752081,-2.246694,-8.917979,1.3497697,-13.450208,-4.7522063
TCGA-85-8288-01,-13.848565,1.979219,7.621219,-5.0051455,-13.035152,1.1419015,-21.224737,-24.714474
TCGA-85-8351-01,-11.58038,18.706837,-10.379633,-3.1997862,-8.58145,1.9954472,-18.968412,-5.704612
TCGA-43-5670-01,-13.7614565,0.8179035,-2.247621,-5.2386856,-13.13051,2.229155,-11.554554,10.168274
TCGA-60-2709-01,-16.470135,3.6117687,-7.2132835,-3.519192,-10.705359,1.5011059,-11.153085,12.833044
TCGA-98-A53D-01,-13.365174,34.145714,-8.596858,-2.085287,-11.162201,1.502505,-4.1552577,14.581848
TCGA-85-8666-01,-15.014558,-5.956145,-5.001379,-4.6086345,-10.667211,1.0111492,-13.530466,-0.18607207
TCGA-56-8503-01,-17.047054,4.588401,1.1250325,-3.1659782,-12.273396,1.1921877,-0.8272987,4.9551024
TCGA-NK-A5CX-01,-16.244415,10.046676,1.0493675,-9.148791,-13.056067,1.1880783,-11.482511,-2.4424546
TCGA-56-7221-01,-17.283619,-9.615616,-11.311441,-4.9994545,-10.052705,3.0946255,-4.6367,-10.102222
TCGA-63-A5ML-01,-14.532632,-8.108848,5.7325726,-4.811288,-12.295902,1.0778474,-12.842878,9.860027
TCGA-22-5477-01,-14.4839,-10.757637,-0.974574,-2.3996954,-9.775334,3.6190865,-25.13394,-6.3433495
TCGA-98-A538-01,-12.711131,0.7504046,-1.3557726,-11.894451,-9.990254,-0.20407704,-11.614447,-7.8761024
TCGA-98-A53H-01,-19.777105,18.38635,4.2616987,-2.9549289,-11.030623,2.9707353,-0.73782885,7.8499274
TCGA-XC-AA0X-01,-19.372051,-0.18023132,-5.4111533,-2.4166498,-11.094019,2.6487153,-11.368607,4.552552
TCGA-98-A53J-01,-17.872297,-15.020469,-1.2603223,-4.4279904,-11.840867,2.287861,-11.345619,6.0229435
TCGA-77-8143-01,-12.742288,5.9608517,-16.991703,-5.5627785,-7.4365463,1.049251,-0.5068853,0.15405254
TCGA-85-6561-01,-16.508371,-2.752249,-6.429227,-5.2297263,-10.721193,1.0518281,-13.6878395,6.378791
TCGA-77-6845-01,-12.963871,-8.2458315,-8.949992,-7.998962,-10.654065,2.328688,-7.0344334,30.410845
TCGA-56-7730-01,-15.791654,-16.037071,-7.602313,-2.3457108,-13.228847,2.4906926,-15.649401,14.467081
TCGA-56-7579-01,-14.427711,-14.955704,-15.434679,-5.8686476,-9.327392,1.9894482,-5.614882,-4.471062
TCGA-58-A46M-01,-13.764097,-14.804997,4.2873898,-6.021322,-10.56667,1.3675182,-18.811768,2.5622506
TCGA-77-7338-01,-16.3637,-5.3523927,-9.433506,-2.7823074,-10.174468,1.7083958,-8.630245,3.7273934
TCGA-85-8582-01,-16.144213,5.318394,2.0777771,-10.307698,-13.860208,0.8178931,-13.662159,-3.6387384
TCGA-63-A5MH-01,-14.056129,-3.666196,3.307813,-4.9080405,-13.664632,2.63977,-30.965391,-15.589367
TCGA-34-5234-01,-17.671041,20.205853,-4.9622726,0.9098658,-8.357109,2.6357265,-3.9736166,3.9423373
TCGA-63-A5MJ-01,-14.161297,-16.595308,0.68534815,-2.7542057,-11.098426,1.9403231,-16.192324,-3.2793648
TCGA-22-4605-01,-18.22792,5.4591203,-8.822325,-2.6334786,-8.076576,2.3754365,-5.7576704,-0.6122599
TCGA-56-8624-01,-15.613746,16.317944,-3.567136,-6.8897862,-12.421523,2.4553804,-4.3307457,10.5455475
TCGA-94-7033-01,-15.8715315,3.7625117,-5.1810703,-6.9221277,-11.182419,2.126514,-13.103708,-4.338347
TCGA-85-A513-01,-13.207717,33.352505,-7.878861,2.589021,-9.577053,1.8900158,-8.664067,5.7733426
TCGA-60-2704-01,-16.409647,8.305743,-4.891471,-5.040852,-12.202863,1.7427706,-7.067214,1.3816478
TCGA-56-7822-01,-16.380152,5.2764583,-6.557016,-9.008212,-10.814825,1.5837027,-12.616766,-9.049472
TCGA-56-A62T-01,-14.982431,-9.913968,0.38420886,-4.7009897,-10.529387,1.5774866,-16.207172,5.9252267
TCGA-85-A4JB-01,-16.56626,-4.1297708,-1.6184802,-7.614654,-13.259612,1.5851593,-10.709371,20.469868
TCGA-56-A49D-01,-15.348371,14.837274,-10.147188,-6.7718434,-11.731191,0.5586173,-2.7557244,10.339676
TCGA-77-A5FZ-01,-14.404952,36.923862,-7.896382,2.2037585,-9.125347,2.1740456,-4.65415,15.4977455
TCGA-58-8390-01,-15.054862,1.5932965,-0.20142983,-5.283839,-13.022435,1.930283,-10.166028,0.40273696
TCGA-34-5232-01,-18.434433,2.6114483,5.2472444,-5.157307,-10.609813,2.5601256,-16.619078,-4.710019
TCGA-43-8118-01,-15.046273,4.5832953,-12.215851,-4.0352225,-9.715337,2.5182233,-6.734852,1.7491629
TCGA-68-7757-01,-16.233946,3.32274,2.2509823,-8.1193495,-13.944616,1.402869,-12.735039,-3.254024
TCGA-92-8065-01,-16.970074,-1.0758339,-0.06557821,-1.3078915,-10.598822,1.7421778,-9.521999,-3.2898076
TCGA-52-7811-01,-16.268276,3.4924045,-10.247433,-6.316043,-10.063614,2.312727,0.20822704,10.488053
TCGA-77-8136-01,-15.421601,8.618945,4.3228774,-4.88862,-11.044391,0.5382752,-7.1519613,4.6743493
TCGA-22-5474-01,-17.06276,-5.326562,2.417399,-1.5792477,-11.420356,2.1665244,-18.045994,-3.8848326
TCGA-33-4587-01,-13.033216,4.860105,-0.18407808,0.86912185,-11.604781,0.5582739,9.425589,8.419336
TCGA-39-5027-01,-15.310008,-14.361381,-8.543489,-5.0005026,-10.540811,3.3208969,-10.790468,8.938875
TCGA-22-5492-01,-14.151065,16.896738,-0.99389756,-7.4276366,-9.913065,1.8941703,-11.950121,-1.0867169
TCGA-22-5485-01,-12.408977,-3.9215996,-11.682182,-4.261902,-8.083974,1.9045607,-6.298381,4.2831006
TCGA-MF-A522-01,-12.815104,-16.766745,-5.6664834,-2.2097344,-8.92032,0.7873603,-16.981377,9.278944
TCGA-56-8628-01,-16.501755,12.788566,-3.173402,-8.575537,-14.125146,2.7637105,-12.068264,3.2716038
TCGA-77-7141-01,-16.317728,-10.4335165,1.1272545,0.3749908,-11.377221,3.0932052,-17.777733,-4.6958504
TCGA-90-7766-01,-16.793669,6.55632,0.41710895,-5.0392284,-8.461631,2.6283922,-5.1450205,-9.4054985
TCGA-O2-A52Q-01,-10.661443,17.796667,-6.911047,7.5231743,-6.359203,0.4971423,-8.331987,5.366875
TCGA-22-5489-01,-15.458293,10.88366,-0.14519359,-0.21505503,-13.18054,1.8948423,-11.768728,6.2365823
TCGA-70-6723-01,-13.754052,-20.412981,-1.3548487,-9.5754175,-11.32477,2.3572495,-19.004416,6.8433137
TCGA-NC-A5HD-01,-13.640326,-7.97368,3.667196,-5.223234,-11.369999,0.9351175,-17.6118,9.808193
TCGA-NC-A5HM-01,-14.321747,5.760081,0.28487778,-2.9281871,-11.374948,2.1150668,-19.18614,-7.221156
TCGA-46-6025-01,-11.731898,-0.7107402,-2.036321,-7.9927807,-9.288547,2.637889,-15.966289,9.47691
TCGA-56-5897-01,-16.217487,2.4782171,0.0017391592,-5.7589955,-9.6417,1.7251701,-5.142761,5.6100364
TCGA-52-7809-01,-16.55701,6.77909,-5.935297,-0.18234532,-14.029201,2.2641528,-15.592423,-2.960801
TCGA-85-8048-01,-16.355558,21.416435,-2.7589123,-4.486313,-12.201023,2.2004733,-8.9610405,10.368526
TCGA-43-8116-01,-13.438434,9.828468,-0.17622645,-6.065399,-10.454281,2.07436,-14.247131,-2.5983076
TCGA-68-7755-01,-14.398822,-19.68221,-2.7449434,-0.9960529,-9.663527,1.7457529,-9.926797,6.680995
TCGA-NC-A5HH-01,-12.560289,-4.6244283,1.8185282,-6.083086,-14.173651,0.93149936,-5.669893,0.36685342
TCGA-22-5481-01,-11.5847,10.940899,1.2785311,4.338292,-10.255982,1.0352321,-6.133732,3.6696303
TCGA-21-5787-01,-12.7418,21.163942,-8.487689,5.7374363,-7.106693,1.2752475,-12.104463,13.254343
TCGA-85-8350-01,-18.255556,2.9257689,0.5694549,-6.399024,-14.999244,2.4912739,-12.122374,2.9941146
TCGA-NC-A5HL-01,-13.7910385,-3.8787053,0.24621518,-7.0505285,-11.464898,2.726605,-12.474037,15.1428175
TCGA-43-6771-01,-12.039956,6.8299747,-9.068035,-1.1776394,-8.888625,1.3711959,-14.671086,7.431489
TCGA-77-A5G7-01,-14.406713,-3.0667627,-10.178045,-4.4754367,-10.560894,2.7962353,-16.518557,-11.339725
TCGA-33-AASB-01,-12.39486,9.206871,-13.298443,6.3051004,-8.6412525,0.74408937,-17.509262,11.295914
TCGA-85-A511-01,-17.154215,-7.5018234,1.4385654,-6.2689166,-13.682484,0.9910994,-12.239963,10.628053
TCGA-NK-A7XE-01,-14.452321,-1.539513,0.96569777,-4.0824013,-11.796462,1.6130742,-9.575262,8.913811
TCGA-56-6545-01,-14.507572,11.042039,-0.97764945,-4.1278715,-11.205597,1.3618909,-14.780109,-7.8263187
TCGA-56-8307-01,-12.372907,5.386227,3.5763981,-0.70816845,-9.48524,1.5669484,-5.3694534,-4.896123
TCGA-NK-A5CR-01,-11.829073,-7.898287,-10.501762,-9.226934,-9.00356,1.0757902,-17.774075,5.753008
TCGA-63-A5MM-01,-12.457461,15.691327,-0.4705267,-0.1566041,-9.277017,2.1787035,-13.944517,-2.0136812
TCGA-77-6844-01,-15.768489,4.6418853,-0.6841085,-10.486834,-11.71894,2.5687501,-3.7454104,-9.349685
TCGA-56-8082-01,-13.387601,3.4762712,-1.528117,-7.7919583,-10.227658,2.739101,-11.904633,-20.44987
TCGA-98-A539-01,-14.278838,1.6357429,-13.232122,-7.141573,-10.556347,1.5428472,-9.045351,10.240743
TCGA-O2-A52S-01,-13.653052,-11.654683,4.7708488,-2.250129,-11.50667,1.6410673,-6.572135,10.119595
TCGA-L3-A524-01,-14.169139,-17.895662,2.0276623,0.031030731,-12.885153,1.9921627,-8.5179615,1.332225
TCGA-85-A5B5-01,-16.110432,-17.383331,-0.86746323,-6.7046275,-13.580165,1.5957329,-18.175909,-2.3388047
TCGA-58-A46L-01,-18.59423,-9.71553,3.3180294,-1.9449388,-13.023631,2.7167408,-18.956018,-5.556868
TCGA-77-8144-01,-12.126174,-6.653358,-8.147006,-3.4860005,-8.467924,1.0041723,-15.567201,0.67130846
TCGA-J1-A4AH-01,-16.122173,-23.377815,-0.2618373,-0.9455752,-14.534402,1.8601806,-14.720867,6.341516
TCGA-56-7580-01,-14.235393,-2.288486,4.621291,-7.783655,-11.335441,1.0600432,-9.9753895,-4.218361
TCGA-63-A5MY-01,-12.38696,-8.980375,-11.196634,-8.978823,-10.897519,2.2169962,-11.718701,10.121714
TCGA-33-AASL-01,-16.752625,-19.801964,2.95774,-0.393052,-11.838471,2.744438,-9.275486,6.9732876
TCGA-85-A512-01,-16.67635,-11.467982,-1.1516832,-3.7618947,-13.537187,2.5908072,-22.691263,-2.8981228
TCGA-85-8354-01,-12.906952,-15.116575,-8.895196,-6.7258663,-9.973505,2.0306203,-17.146692,-2.734017
TCGA-O2-A5IB-01,-10.729075,7.7459407,0.45066428,3.565654,-9.909856,0.68531245,-12.279789,-2.056999
TCGA-77-7335-01,-16.060816,-2.2961926,3.6012874,-0.23970024,-10.232686,1.4828969,-11.6584635,-9.336471
