,1,4,20,21,22,24,25,28,29,5,6,7,8,13,14,15,17,18,19,22,25,0,3,8,11,12,16,18,19,20,29
TCGA-FX-A48G-01,1.6685412,7.836916,-17.418364,-19.369837,-21.030695,10.9487505,24.260517,-28.727613,1.257559,-2.740565,3.1292002,-1.5564865,2.588568,2.873109,2.230421,-2.906382,3.8340104,-3.282786,2.6629965,1.4912453,4.2524815,9.888823,0.022962809,-23.708605,0.067416236,-13.2390175,7.942582,1.6348493,19.969093,7.2275124,8.820595
TCGA-HB-A3YV-01,8.059139,21.127645,-5.123259,-32.64248,-11.982376,29.690908,-18.20593,4.1481743,-11.377957,-5.337259,6.6366754,-4.2769594,3.3267655,5.602412,2.3348374,-2.8094058,5.4831986,-5.5220113,4.3257136,2.7873569,4.18471,-14.832001,13.690595,12.79899,-13.171633,15.791254,-1.1633914,15.23586,6.61601,7.229409,9.307512
TCGA-DX-AATS-01,0.39117387,15.260604,11.581336,-35.41707,-11.943473,21.717216,-9.151226,-0.091841206,-24.007915,-5.4553924,6.9133515,-4.0598054,4.0814753,4.882142,3.0394871,-3.6124885,6.09469,-5.001921,4.451992,5.4826407,4.881564,-16.189728,3.1443741,15.841292,-2.646628,18.232773,12.698093,0.37733775,13.32097,-3.6294744,-0.35010564
TCGA-FX-A3NJ-01,16.06634,13.58089,-4.829142,-20.611238,-12.426927,14.422976,25.234617,-15.936363,30.782265,-1.3996354,1.0868727,-0.30885503,1.0620438,1.5386474,1.547274,-1.8131725,1.427857,-1.8973453,0.6267298,0.18403558,2.207841,-3.4364357,19.694439,-10.812488,-10.391407,-0.3817152,-17.102188,-26.151974,6.777404,27.020262,10.863632
TCGA-DX-A1L2-01,15.731379,14.836131,-15.123493,-24.865662,-10.422658,25.466461,-13.146001,1.4417958,0.22105463,-2.6054175,4.208768,-1.5287938,2.8844545,3.0473273,1.7807547,-1.7697488,3.6495051,-3.5108151,1.71922,1.3169317,1.937751,-13.674621,10.553879,2.2483408,-6.816995,13.994154,-0.63191104,3.2191691,4.5333414,3.333533,4.7927413
TCGA-3B-A9HX-01,4.709039,16.3276,-13.810461,-28.671282,-17.167143,12.2885895,5.3423924,-6.7067165,4.77797,-3.3459074,3.424864,-1.829709,2.7582319,3.2051477,2.4255362,-3.1373408,4.036192,-3.4149451,2.1735456,1.1736065,4.0757346,-7.5607824,2.2433605,-13.112559,2.2572446,7.043575,15.458595,-10.406377,16.748981,2.9429014,5.0719576
TCGA-WK-A8XX-01,7.583515,12.453424,-1.1050273,-24.638163,-16.591515,12.27097,22.500784,-17.17608,22.73127,-1.6342484,1.1139458,-0.6586393,1.5256833,1.1547022,1.4723423,-2.151103,1.8940372,-2.2899709,0.81784576,0.70634544,2.2053428,-10.265214,10.219841,-10.246968,-14.699225,16.318663,-10.10212,-3.4416926,9.158056,10.945927,12.7457285
TCGA-DX-A3LS-01,8.93514,13.092022,-7.644747,-33.098972,-10.822446,22.252493,-2.586381,5.999929,4.6108193,-2.886802,4.2347674,-1.6548615,3.3590899,2.3241165,1.7568924,-2.0026135,4.1923833,-3.4872596,2.395621,2.7513719,2.422311,-5.171188,9.02183,-6.0532312,-4.1414256,5.987217,14.589206,-8.447974,7.393749,1.085055,10.831423
TCGA-DX-A3UD-01,11.051376,14.406873,-5.8418345,-16.04465,-18.333914,6.2189493,27.295757,-22.674608,17.541155,-1.2822921,1.0339993,-0.48867124,1.3739814,0.91775584,1.2657433,-1.8504078,1.6520063,-1.9453064,0.8518609,0.80709547,1.9620527,-11.553051,6.860759,-13.787619,-16.720207,13.63144,-4.001582,-13.141142,2.5831182,21.521225,16.961235
TCGA-3B-A9I0-01,10.359816,12.94798,-9.041089,-19.007975,-18.79262,9.439009,28.521582,-21.010702,24.200869,-1.5096688,1.0145043,-0.6714707,1.4544611,1.014671,1.2929341,-1.989878,1.8266553,-2.172818,0.91871744,0.69594043,2.0373344,-9.503901,12.997799,-8.547763,-10.819643,11.0514345,-1.4731383,-15.459062,7.1181803,13.84856,14.721519
TCGA-DX-A8BM-01,-4.9247437,15.751197,-15.525765,-29.977856,-15.409117,25.078815,-1.4066777,-3.360909,-7.9513035,-3.3649027,3.690678,-2.4503617,2.6602092,2.8418565,1.8205453,-2.492194,4.2011895,-3.603215,2.62166,1.796769,2.8607795,-11.719276,12.650469,9.899134,-5.9494987,8.551888,9.496048,-0.9096204,7.6607084,-2.2168844,1.6965256
TCGA-DX-A6BE-01,10.343251,14.418487,-1.8312348,-34.838093,-10.499738,24.548557,1.1227541,-0.8401861,17.435204,-2.9405136,3.077789,-1.9844389,2.2806785,2.4574785,1.7677925,-2.3805223,3.6347072,-3.243266,1.7490532,1.2792933,2.3085163,-12.816775,17.749498,-14.393321,-11.18222,11.088347,-2.0756102,0.012602335,7.2694526,2.1532686,7.0833273
TCGA-DX-A8BP-01,7.8689523,9.336507,7.246612,-30.537779,-6.617836,13.721485,11.164267,-0.06600116,6.5017676,-1.9362156,2.74487,-0.8411969,2.7521827,1.3550667,1.6457566,-2.307544,3.2846828,-2.2402723,1.5524328,2.0140636,2.6458638,-16.125414,13.057137,-10.07965,-15.0002985,15.334663,10.927191,12.744315,12.449117,-6.9739127,8.889169
TCGA-MO-A47P-01,8.9104395,10.493289,-17.883852,-28.22149,-18.913185,16.901047,13.344849,-2.9234715,20.805386,-1.6087518,1.4345167,-0.72528416,1.8672782,1.1934308,1.2638016,-1.8949488,2.3008745,-2.2656283,1.199813,0.18094698,2.1245732,-4.2166333,16.105398,-8.846324,2.643373,-0.4420655,1.2666094,-10.597936,18.034782,15.45382,9.374239
TCGA-WK-A8XO-01,3.7503738,11.146027,1.7851654,-33.83564,-12.625487,18.888649,1.1970525,-3.2472992,7.354321,-2.9047866,4.141495,-1.4459794,3.3792398,2.1461062,1.8883593,-2.1331751,4.057113,-3.0681913,2.1615388,2.877449,2.9175358,-7.2051883,7.669827,-7.05949,-5.5202603,9.631194,12.252988,-2.256881,8.432792,-1.9238113,10.464214
TCGA-IS-A3KA-01,-2.7321854,10.473645,-11.373604,-26.744493,-23.101906,7.1516333,28.37635,-15.154518,-2.7827263,-2.6370432,1.7839926,-1.7086594,2.0957024,1.7199349,1.3263439,-2.27874,3.0858965,-2.9768946,1.4565833,-0.39933312,2.1365747,-10.417601,-5.4124346,-12.004822,2.0336022,7.0345554,14.810464,-2.7816138,15.896768,2.4959934,9.769394
TCGA-DX-A6BA-01,4.262947,17.692507,1.5789196,-24.563587,-17.659996,14.058911,12.533176,-16.4856,14.96046,-2.1585813,2.693524,-0.48645973,1.8919017,2.7824016,2.9358213,-3.166563,2.7520654,-2.9176319,1.3442276,1.9635658,4.135448,-2.455126,3.6593392,-1.2231795,-5.733883,8.01763,9.280517,-11.514283,14.773494,13.3036,19.003931
TCGA-3B-A9HU-01,15.213624,13.030299,-9.852267,-24.795643,-19.204891,11.011686,26.549328,-13.187236,36.56252,-1.4115516,0.8676382,-0.41518632,1.6117638,0.7874142,1.1709452,-1.8147551,1.8000917,-2.1431847,0.7680625,0.25931942,1.897515,-4.1232753,11.734366,-13.621807,-5.566467,4.1018,3.2582788,-22.083296,12.458966,14.296168,13.925573
TCGA-X6-A8C7-01,-0.108970605,22.874428,2.6094463,-30.930988,-5.5957665,20.360243,-2.646534,-0.15081881,-40.876667,-4.0781717,3.3045206,-3.6335683,1.0390509,3.529305,1.6477072,-2.5729544,3.0618887,-4.0739274,0.872703,0.5912024,1.5620726,-8.834412,1.2596276,-19.089731,6.265285,0.40746602,10.289103,-22.103569,24.442627,-3.2387512,2.19505
TCGA-DX-A1KW-01,0.59588534,16.83147,-13.56587,-26.343943,-12.426442,28.095894,-19.965607,-5.0024166,-10.268339,-3.5438654,5.4279943,-1.8944331,3.7937522,4.3963137,2.717331,-2.4154975,4.8680496,-4.435344,2.7138188,0.69282496,3.3335693,-17.452084,6.905256,16.713413,-8.356971,14.524384,6.165366,21.045925,5.902447,-0.5369772,5.709944
TCGA-HB-A5W3-01,8.628908,12.559898,-2.0830586,-25.390285,-22.619932,10.122387,17.044249,-19.483438,22.14623,-1.8664907,1.8399098,-0.36660194,1.6473147,2.0368965,2.3744173,-2.7020187,2.207824,-2.6121716,0.909246,1.210638,3.3628023,-1.0718359,4.3243117,-7.6828976,-7.977859,3.9626703,6.1865907,-8.323403,9.637034,16.747696,16.93399
TCGA-DX-AB2W-01,-6.3044596,6.096645,-0.23240452,-28.076738,-13.054076,12.805632,8.282078,-11.687399,-4.095905,-2.7253795,3.7453978,-1.5672494,3.0451975,1.9329561,2.1883118,-3.053797,4.0814137,-2.9872048,1.8723522,3.0719185,3.038534,-10.755606,3.0928156,-5.3689876,-5.2551503,11.246237,19.490105,-8.150348,6.285957,-1.0612148,6.6545134
TCGA-QQ-A8VF-01,7.0188894,14.321589,5.1280813,-30.78991,-6.62004,17.303282,2.6345682,-0.8754606,-3.7229025,-2.562523,2.1584694,-1.8471873,1.616887,1.8734423,1.781423,-2.6998687,2.973778,-2.7682445,0.89627916,1.2385713,1.8159026,-11.529629,10.139679,3.8293927,-13.647818,17.079542,10.228247,20.087254,13.287861,-9.900282,8.551174
TCGA-MB-A8JL-01,4.582152,16.123987,-4.874497,-31.206995,-7.096487,23.416925,-3.025969,5.6369004,-16.429136,-2.819421,3.2760198,-2.2114122,2.1955209,2.326252,1.8446709,-2.5856485,3.7990944,-3.7198277,1.2501371,1.0497602,1.4507239,-9.499781,-8.085646,15.163703,-3.9142678,15.870344,15.020821,5.6338816,20.29034,-2.0745928,17.20667
TCGA-FX-A2QS-01,3.4331648,19.404453,-9.438702,-35.81854,-13.109197,26.187956,-25.271877,13.45359,-3.6040182,-3.4264956,5.1806197,-2.2629278,3.5688956,3.3758297,1.8635523,-2.0049481,4.670285,-4.1222787,3.1074018,2.7850332,2.9434094,-16.503223,-6.190753,19.30693,-1.2159835,14.156414,16.157562,14.257253,15.09274,-1.4091285,11.935716
TCGA-X6-A7WD-01,10.867789,17.928015,2.570039,-25.88938,-13.025865,13.918455,12.735671,-16.34087,-3.71178,-1.8617984,2.489886,-0.632278,2.5301883,1.825254,2.337673,-2.840666,3.1637108,-2.8387694,1.8753191,2.12805,3.8658655,-8.86412,0.10998011,-0.7245322,-4.5984383,12.872733,13.675178,-13.447638,11.992515,11.06374,14.254551
TCGA-IE-A4EH-01,9.971465,9.063861,-19.22433,-19.768507,-22.896528,8.528992,16.594913,-26.223906,-9.838805,-2.6076121,3.553464,-0.88196355,2.691027,2.965245,2.9734168,-3.312506,3.643869,-3.0947802,1.8046305,1.574935,4.1542,-3.1779006,-3.0529044,-29.619753,-4.549995,-1.4931992,3.2162335,9.659284,13.218849,11.791487,13.59931
TCGA-DX-AB30-01,-0.11115166,24.229675,7.145202,-39.01224,-4.5325994,28.706861,-13.234186,3.6488836,-19.837303,-4.555782,5.354685,-3.7030468,3.4135451,5.2600994,2.9530663,-3.7079985,5.41411,-4.2297025,4.2361193,2.9862983,5.9821,-6.0950713,-15.78272,27.25653,-4.5389423,10.54378,21.542782,2.3891513,22.39168,-5.5215735,12.142939
TCGA-DX-A1KX-01,7.3641667,12.782607,-11.8366785,-27.331652,-15.520381,21.54247,-3.03759,-3.948443,1.0652057,-3.3966315,4.703967,-1.7527753,3.5583947,3.7847455,2.26974,-2.229084,4.485877,-3.777289,3.1381094,1.6304437,3.7640278,-7.864408,8.222387,3.1245346,0.0677381,4.617263,9.0331545,0.23064792,4.3424854,5.118805,5.083125
TCGA-JV-A5VE-01,6.0687904,14.7387085,-16.814608,-26.279577,-17.47924,13.094875,15.6474695,-7.660942,5.2359767,-3.4223042,4.082392,-1.9675299,2.9978096,3.1952167,2.51363,-3.0986538,4.2787857,-3.3575356,2.2588222,1.9363021,3.8550558,0.19460453,-0.7140657,-23.831049,0.024022143,-2.4297566,14.421873,0.020636683,11.97105,12.471594,14.385428
TCGA-DX-AB3C-01,-4.1837387,20.201464,4.206956,-25.188095,-4.96546,17.197266,8.018604,-9.533205,-49.02013,-3.3950028,2.5890372,-3.6142905,0.72792053,2.187035,1.2192956,-2.603595,3.0161784,-4.1945033,0.11640774,0.55360115,0.08913558,-7.7798753,1.1676399,-16.51453,-0.5255193,8.635211,-3.682542,-11.568596,24.916283,-2.746195,-2.8077285
TCGA-N1-A6IA-01,6.300186,15.944125,0.074132286,-33.52958,-11.508862,19.424635,-0.6999375,1.7897825,-10.645717,-4.2363133,5.956056,-2.797936,3.9232175,4.198459,2.4173052,-2.7108617,5.038263,-3.798452,3.875915,4.4742556,4.8387165,-9.890602,-2.626202,-9.370711,1.8388062,9.757425,17.715096,16.979498,17.559902,-3.7572634,5.7948866
TCGA-QC-A6FX-01,4.2293634,9.314863,1.8069232,-30.814354,-12.04339,19.304749,3.9581184,-7.9537954,-8.808,-2.4761188,3.720427,-1.9702848,2.589316,1.7706103,0.8011371,-1.4205353,3.2515285,-2.7923234,2.2195244,3.8088427,1.8072948,-12.712429,5.355176,1.2043339,-14.50488,19.588512,13.660264,3.252257,5.714257,-2.7619874,6.6609926
TCGA-DX-A1L4-01,7.620811,11.288293,-1.5538744,-33.470993,-10.324512,21.431866,-0.3482673,-3.5893235,8.94745,-2.9038181,4.0621276,-1.8994501,3.288992,2.1130095,1.7475487,-2.195705,4.24937,-3.3893125,2.3002896,3.1330462,2.4082315,-11.078329,17.20608,-18.225336,-12.245427,6.2824535,6.8062906,-13.971945,7.7389517,3.8266222,8.318112
TCGA-DX-A8BK-01,-5.162098,5.6280956,-13.279471,-26.438875,-18.864548,13.837529,9.710916,-12.670326,3.4305587,-3.679566,4.865488,-2.6990705,3.4691155,2.942742,1.170797,-1.826566,4.2239347,-3.083901,3.8439837,4.981984,3.9196393,-16.775055,7.7918963,-0.9636608,2.3191857,6.9330716,12.128136,-11.115334,13.120221,-3.3149602,-1.2186544
TCGA-DX-A6YR-01,13.736209,14.554503,-4.1718626,-28.638681,-11.092097,22.788088,-4.833726,-1.7346864,-9.813319,-2.8139977,4.288125,-1.9642959,2.736083,3.1270077,1.2961735,-1.5736122,3.680743,-3.5245702,2.4326468,1.7460186,2.1757004,-11.271496,7.307754,6.7406363,-8.135287,15.713425,13.041018,2.2902827,3.717127,3.1796277,8.268631
TCGA-DX-A7ET-01,1.769716,7.3812294,-4.3609304,-28.442759,-14.590296,12.556981,14.645606,-6.8649015,9.338118,-3.1580167,4.645059,-1.9895475,3.7874568,2.254795,1.7668751,-2.1269894,4.7527237,-3.7283273,2.9337292,3.5256531,2.7900996,-19.400497,5.172685,-4.8144293,-13.365406,12.587486,14.4347,-3.335851,9.105785,-3.450322,6.204771
TCGA-X6-A7WA-01,10.441268,13.318391,0.86024696,-24.661188,-16.687124,12.7420435,23.180721,-17.95824,22.885164,-1.5130339,1.2297109,-0.70357543,1.4255484,1.3160052,1.4712783,-2.0573902,1.8561767,-2.2055845,1.2037014,1.2125438,2.4791021,-2.361362,6.015238,0.033370182,-7.03148,6.943496,8.941846,-21.136549,5.5382776,15.341154,18.025867
TCGA-DX-AB2T-01,14.114878,12.219064,-15.03711,-31.203337,-13.360297,21.554344,0.7425795,5.7134247,7.3240314,-2.6381326,3.791351,-1.6329123,3.08165,2.24,1.4224553,-1.7482346,4.050526,-3.453328,2.5226994,1.8418537,2.1336634,-15.422452,13.248829,6.1196694,1.3414338,10.314259,9.76595,-6.0284815,10.156783,3.2513344,5.3942795
TCGA-FX-A3TO-01,2.9801774,13.129575,-0.33581868,-26.852304,-1.6378548,19.9891,0.6911624,-15.976827,-21.429176,-4.2895784,4.2963114,-3.5788405,2.1677964,3.5613058,2.2001374,-3.284033,4.187149,-3.8188481,2.465102,3.548619,3.155367,-10.283257,2.2477765,-0.25008422,-1.4524629,8.820875,12.773607,-6.861039,9.726386,-8.100201,-2.6239433
TCGA-DX-A1L0-01,7.712436,19.989614,-11.609915,-26.414984,-9.237836,28.347586,-15.643696,-4.5973253,-9.7502775,-4.2277746,4.2701936,-3.216477,2.3529832,4.2049756,1.9239142,-2.4521499,4.2139688,-4.183684,3.005165,1.2579557,3.2987294,-17.95595,5.0458198,22.454649,-9.086028,14.705665,5.9673376,17.087406,8.502656,-3.0314,5.5069985
TCGA-DX-AB32-01,7.790308,9.924619,-14.89513,-28.254333,-16.171068,18.87096,7.3439035,-0.28782174,17.655855,-1.7722846,1.9758711,-1.1634917,2.4472613,1.0409318,1.0286751,-1.872627,3.2773983,-2.5119767,1.963561,0.7600661,2.063117,-9.068329,17.13309,0.6699565,-11.4358,8.236301,7.3202558,-5.6866617,9.105452,-0.5946344,4.4083996
TCGA-DX-A7EF-01,7.0152807,10.454146,2.5990472,-32.79607,-6.5398636,19.202646,-4.2856092,-3.365675,-29.645634,-3.3903055,2.877828,-2.3353984,1.8968283,2.632157,2.4890444,-3.5234373,3.4913754,-3.295753,0.9985381,1.3800772,2.5402355,-11.22953,3.7936573,9.956355,-9.104865,15.793371,22.778944,1.8540232,10.459161,-7.9709578,3.6046274
TCGA-DX-A48O-01,15.255417,10.821666,-8.147117,-14.968343,-19.734167,7.7789645,28.465637,-25.601992,24.365736,-1.6297088,1.2131078,-0.7269617,1.3237042,1.5485219,1.4619858,-1.9765748,1.8393501,-2.2582233,1.1342429,0.5951373,2.440259,-4.216296,13.735971,-11.353383,-3.2293773,6.548896,-8.035702,-15.01427,11.985129,23.411732,15.791443
TCGA-DX-A23T-01,0.94779307,6.53652,-12.21188,-28.697289,-16.020826,19.535458,3.7181726,-5.5611014,15.94024,-3.3777883,4.8364096,-1.6731176,4.1226597,2.778029,2.446704,-2.4524355,5.0723753,-4.1019907,2.692243,2.3869023,2.9964616,-8.259922,14.838468,-15.014464,-0.20844002,1.7599128,11.503817,-24.227522,9.5294075,4.4171343,7.578155
TCGA-IE-A4EI-01,2.706334,16.09031,3.0976882,-26.788742,-19.350124,14.379498,18.17186,-18.595919,9.344714,-2.100457,1.7391741,-0.80106246,1.9622551,1.9851581,2.3875434,-2.9612103,2.5740263,-3.1402965,1.3607545,1.2439022,3.5281155,-8.3473625,9.334769,-0.72436744,-5.4399266,11.246413,2.2966497,-7.836607,12.432464,19.142262,15.65133
TCGA-KF-A41W-01,3.66008,13.491538,3.346789,-34.06532,-13.985805,13.583252,3.5754375,-3.7649302,-7.323666,-5.176419,6.5740447,-3.644889,4.0283813,4.5157638,2.7529266,-3.4819233,5.5501094,-4.046278,4.1731853,5.8585224,5.5975103,-9.566696,-2.0410192,-4.9060655,0.9465522,5.8255997,20.993053,5.3197575,17.412605,-10.610559,3.9674888
TCGA-DX-A3UE-01,6.669027,15.603779,0.1686792,-19.641634,-13.927026,11.280398,22.661585,-26.740067,-1.262658,-1.7729686,1.5514462,-0.8699936,1.6378881,1.686909,1.8230155,-2.4071245,2.21299,-2.5560992,1.4165914,1.3247129,2.9255054,0.011733427,12.052479,6.8987474,-6.021461,6.009323,10.047638,-24.071291,11.227857,21.56068,11.089
TCGA-FX-A76Y-01,18.109867,11.679352,-20.36802,-23.997272,-18.251377,13.184826,15.530302,-16.80146,8.569064,-1.5569515,1.3911983,-0.7607028,1.474177,1.5319909,1.2951919,-1.7719088,2.0085614,-2.123783,1.2572495,0.3691231,2.2886481,5.018759,6.772283,-27.046951,5.01051,-11.801161,6.7896347,-18.305403,13.768547,25.693426,12.367157
TCGA-QQ-A5V9-01,-2.4545865,8.570979,-1.2911274,-28.924793,-18.681072,17.862507,5.457807,-11.822741,-0.8037519,-3.6841924,4.5411587,-2.3388677,3.3482838,3.2696795,2.2503464,-2.7303798,4.728186,-3.8011365,3.0072749,2.5460217,3.6766949,-16.773201,10.061395,1.7921356,-11.034632,14.721392,4.8516293,4.079686,4.667264,-3.2712777,7.806571
TCGA-DX-A8BT-01,9.814449,9.44414,-11.850522,-26.779018,-16.565277,21.270788,-0.11537763,-3.4494276,-6.912456,-2.4486659,3.8623524,-2.1166337,2.6836815,1.882465,0.9634126,-1.6649389,3.7791376,-3.6701272,1.9884343,2.88922,1.0993861,-5.3003564,10.698618,3.4318805,-5.28505,8.953516,11.239381,-2.6699038,5.8376064,4.772555,10.097472
TCGA-DX-A7ES-01,9.188303,13.014262,-9.124576,-28.959028,-16.71221,20.224924,6.702389,-11.129168,25.392334,-3.5228386,3.0553577,-2.0434864,2.2628603,3.2881672,2.4876087,-3.1014626,3.8174906,-3.5671947,1.6118227,0.28422397,3.2935889,-4.9688516,13.013796,-8.819605,-3.763919,3.2345014,8.9390545,-10.393671,8.93599,8.53035,12.539518
TCGA-DX-A3M2-01,-1.2394109,8.012961,-8.967561,-23.080626,-13.515363,17.119926,9.463409,-11.56397,11.117698,-3.2714458,4.644937,-2.3114996,3.4030285,2.5573597,1.5716964,-2.010913,4.37329,-3.7495883,2.8257263,3.9490273,2.482122,-12.27488,15.534342,-10.647319,-11.10806,8.284218,7.4683623,-9.4217615,5.0597825,0.52551854,6.733052
TCGA-DX-A8BV-01,13.410007,16.856987,-17.03432,-24.97208,-10.772786,23.285475,-4.898348,-2.216827,-9.984478,-3.0206778,3.3260233,-1.760079,2.2983394,3.0918465,2.340795,-2.853254,3.6232884,-3.3157244,1.7015074,1.1932516,2.8874183,-10.36223,19.355434,7.6902113,-14.133838,8.960813,2.0129197,1.875839,8.629804,4.441351,2.8351672
TCGA-DX-A6Z2-01,17.266012,13.714423,-10.764029,-26.018898,-17.589006,11.329058,20.905363,-10.516175,30.489185,-1.3209546,1.2105634,-0.11965474,1.8303746,0.7934442,1.5106446,-2.0744483,1.9337231,-2.112464,0.6714394,0.8233598,2.2290368,-6.0291777,9.7720585,-17.137812,-2.9007752,4.239961,2.2877457,-20.325645,7.735033,16.2854,12.475208
TCGA-QC-AA9N-01,-9.261612,14.950729,-4.614434,-31.652517,-15.966755,19.425333,-2.559305,-4.401654,-11.770255,-4.2504873,3.8307211,-3.201881,2.386676,3.8526928,2.348647,-3.127457,4.575539,-4.2951064,2.7035186,1.0410612,3.428436,-10.178024,8.980059,3.7309196,-8.899896,6.307043,16.026808,-0.95739937,7.695764,2.0327098,13.9334755
TCGA-DX-A6BG-01,12.246654,14.720903,-4.7651343,-33.52556,-7.1213994,22.472307,-0.30963704,8.825371,4.671718,-3.3526137,4.726985,-2.3682256,3.375931,2.6330993,1.5449449,-2.0943105,4.2879467,-3.363811,3.1110325,4.3700857,3.1355023,-10.528786,14.728768,-16.475542,-9.703567,5.1827207,2.169382,-9.088871,8.045513,5.8041043,9.166173
TCGA-PC-A5DL-01,11.473841,17.066809,-0.6693222,-22.014292,-16.995157,12.94206,26.587137,-18.740469,28.1764,-1.7856704,1.3516304,-0.6643035,1.3294715,1.887706,1.8837613,-2.2953527,1.8990355,-2.4483972,0.9814847,0.69680774,2.80215,-4.1285205,12.341128,-16.744215,-12.483525,5.1442513,-9.624413,-19.996098,2.6674984,23.742207,16.155678
TCGA-X6-A8C3-01,12.474762,9.302563,0.61020523,-32.486557,-2.0143254,19.546831,-0.3573632,1.5244819,-9.134352,-1.7643673,2.7219286,-0.9546025,2.898563,1.0512732,1.483037,-2.3630977,3.5089571,-2.3490908,1.8730363,2.294089,2.5615606,-13.97221,-4.117318,-2.50164,-4.8431306,18.178291,22.681158,-13.455343,8.741,-2.7970526,8.883259
TCGA-HB-A2OT-01,-7.780305,14.31961,-5.6624146,-36.03524,-10.673858,20.01249,-6.247608,-0.83997154,-11.413169,-3.3953557,4.0235205,-2.4421482,3.2871177,2.6704142,1.8491281,-2.7621696,4.517837,-3.2786934,2.8651357,3.0639298,3.692889,-12.463363,9.641893,-9.657872,0.30520704,5.4408126,17.624712,-13.429739,10.276661,1.2381049,4.2123575
TCGA-DX-A1L3-01,11.362253,9.566791,-12.157295,-25.296522,-12.2948065,20.66316,-5.642061,-5.0452933,1.6707374,-2.3271728,4.0372763,-1.4718567,2.9660401,2.132268,0.96342605,-1.1880918,3.5558712,-3.207521,2.328571,2.6596706,1.8442658,-13.3826065,3.9034739,-7.0241957,-2.1743445,10.155205,13.478544,-5.6267233,5.0931,2.4344423,7.798364
TCGA-3B-A9HO-01,3.0358295,7.3343916,-14.252857,-23.500324,-15.034116,20.005981,4.481181,-8.326487,17.146317,-2.3541734,3.0428772,-1.7310816,2.451541,1.5251263,1.0845727,-1.7960101,3.6151562,-3.2726207,1.8790375,1.8005723,1.3018249,-13.894918,15.618239,-6.129059,-12.562474,12.620694,3.0855837,2.6713634,5.08019,-0.65058124,7.0691004
TCGA-DX-A3UC-01,6.364394,17.326948,-2.913055,-23.728933,-17.9554,12.500362,17.235455,-19.540478,19.36766,-1.9738533,1.4807644,-0.9954969,1.8054111,1.6693937,1.944263,-2.6812236,2.366778,-2.9495287,1.6404026,1.6238943,3.2248213,1.8256838,8.815194,0.04816954,1.6215057,5.173191,4.648428,-20.322767,12.544091,16.565445,14.606028
TCGA-Z4-A8JB-01,15.035923,16.403507,4.1135807,-36.65883,-4.7555895,23.160963,-0.21291801,7.4735327,-12.814299,-3.618342,5.4716864,-2.2561276,3.816504,3.3133285,1.9360542,-2.1190019,4.5100274,-3.4057558,3.5735176,4.572698,3.923829,-4.0826983,10.445248,-3.8176303,-0.43619677,5.73061,10.023849,-9.376942,15.419343,3.1240332,7.1592116
TCGA-HS-A5N7-01,0.4658685,16.471605,-2.2252028,-27.614176,-20.913202,14.47642,16.852175,-17.48344,14.336339,-2.3550425,2.030658,-1.3283497,2.068677,2.1272101,2.2082372,-3.0184982,2.9541283,-3.25627,1.9909819,1.9509797,3.7659962,-4.257814,1.2782853,1.6384932,-0.16793235,8.034555,9.338577,-16.966755,13.334228,9.195292,14.490176
TCGA-IE-A3OV-01,15.801518,13.6731205,-0.13471548,-24.551086,-13.123563,14.538096,20.067385,-16.709145,27.036722,-1.9914575,1.5187454,-0.9144019,1.6230984,1.8373761,1.9962238,-2.6623638,2.3094862,-2.7843053,1.2481362,1.1916956,3.0056849,-13.065753,8.283295,3.8437085,-11.768823,12.8838825,5.305897,-8.081861,5.1090274,12.447648,15.058378
TCGA-DX-AB2E-01,-3.2579064,7.6518106,-7.362068,-29.675594,-4.0951257,13.778065,-1.7738625,2.880049,-7.6626515,-1.3447102,2.1849644,-0.8758026,2.555142,0.34137934,0.6582545,-1.4292564,2.8266106,-1.8709043,1.7441517,2.1210625,1.8229469,-17.185883,6.467932,-4.410548,-12.232429,16.430481,14.163843,7.7212486,12.812092,-7.8684225,11.0321865
TCGA-MJ-A68J-01,14.47619,8.853851,-3.1164174,-31.938044,-18.974508,17.670553,5.7851477,-3.240624,5.917392,-2.1743417,2.5355225,-1.2074012,1.9990125,1.8390242,1.25768,-1.6769319,2.811859,-2.4609368,1.3998024,0.9872069,1.8991642,-11.3794985,9.261716,-6.9953256,-9.138185,8.024413,14.864789,-16.61509,6.766716,3.4264057,9.331234
TCGA-DX-A8BL-01,10.873313,10.77867,-6.2269154,-28.639183,-8.976319,17.999935,7.174803,1.3256884,7.4867024,-4.196417,3.983759,-3.4476078,2.4156768,3.4522948,1.4694288,-2.4276736,4.2285256,-3.7736883,3.3587635,2.9276433,3.4822128,-16.864933,7.3220973,-1.2328702,-5.370032,16.717524,8.343585,0.60751975,11.480435,-3.7055404,-5.13613
TCGA-DX-A8BH-01,2.6863146,6.240514,-1.5269517,-30.75303,-6.8000903,14.930316,1.1865685,-2.5104592,-1.966823,-2.541183,2.1843128,-1.6828481,2.0603063,1.9048808,1.4034269,-2.1035292,3.2911808,-2.8425643,1.7409606,0.18472932,2.297288,-17.540668,11.520231,-10.488164,-8.764352,15.67486,4.599578,-1.8422048,12.071568,-4.9143243,1.4882408
TCGA-PT-A8TR-01,7.2902327,14.078251,-9.354359,-26.244669,-15.300637,22.094753,-7.3139596,-12.653999,-18.704369,-4.483016,3.917098,-2.993822,2.003384,4.4584227,2.4236345,-2.6936252,3.9921432,-4.453249,2.0130978,-0.5977032,2.992435,-7.2063527,-4.4031587,8.647987,0.5896018,10.818136,5.9520774,12.437132,21.630167,4.3838778,11.146644
TCGA-K1-A3PN-02,1.7282591,15.487371,0.23208822,-23.060484,-19.755459,12.270218,16.508095,-21.007303,10.173095,-2.1543953,1.8855301,-0.966436,1.643753,2.4105604,2.331292,-2.822915,2.3589447,-2.9178045,1.6050379,1.6355048,3.7293305,-0.0767238,2.295384,-2.0038898,-1.2521205,6.22797,7.6279345,-13.448776,9.974654,15.228046,15.600409
TCGA-DX-AB2X-01,-3.8282936,4.3081355,0.27233467,-31.697004,-10.944481,17.454056,-0.56465346,-8.92751,-18.375803,-2.6120133,3.1774616,-2.4513335,2.2097929,1.4234664,1.2293645,-2.3931453,3.6653025,-3.309881,1.5012016,3.0900888,1.1415405,-11.692635,-4.7875295,5.974537,-4.820995,20.97319,25.455254,8.335313,12.461444,-6.9134417,9.171572
TCGA-HB-A3L4-01,10.107518,16.293232,-24.291327,-16.898935,-12.83761,11.892658,11.592276,-25.15077,-15.7418165,-2.5569906,2.6967523,-1.5502977,2.7299185,2.416907,2.2257295,-3.1280782,3.722154,-3.475163,2.3488395,1.2426069,3.722835,-1.6194775,-6.882914,-9.484637,8.668184,-6.1903095,9.438768,5.168887,19.402754,11.078404,1.2159748
TCGA-DX-A3U6-01,5.510101,10.931857,-4.9077497,-32.39508,-14.676579,19.965918,5.8374786,1.5651226,28.353619,-3.0930896,3.8453805,-1.8514003,3.2592516,2.0967743,1.9510944,-2.4581468,4.5441647,-3.7477696,2.2824256,2.0603561,2.4493165,-8.713295,13.890739,-19.791573,-4.952952,3.8905368,11.049661,-18.902708,8.819562,1.86648,10.934955
TCGA-QQ-A5VD-01,5.2318797,12.100671,12.075752,-30.711203,-15.859632,17.101088,16.435741,-17.966007,10.770785,-3.5193152,4.044595,-2.178263,2.732706,3.5924888,2.4991674,-3.1169393,4.004219,-3.2960212,2.3722677,2.5788763,4.224191,-11.182645,15.365368,-5.6567316,-13.956234,10.848431,2.8838842,5.193756,14.67629,3.288664,10.842184
TCGA-QC-A7B5-01,3.3361342,9.967147,4.0905085,-32.698032,-10.530551,17.795362,6.6243668,-6.3052683,-9.516876,-3.4630837,4.0706143,-2.5208263,2.7817237,2.7636309,1.7174238,-2.46972,4.138104,-3.3830104,2.6674573,3.14466,3.052503,-12.168409,2.0702255,-2.8215382,-8.267107,12.261095,20.703333,0.7903745,13.296589,-10.748416,7.7927237
TCGA-3B-A9HJ-01,15.894967,11.793651,-8.906687,-29.741346,-13.583954,17.568335,10.755457,2.7091124,31.35168,-2.4885602,1.5174748,-1.6595346,1.4224225,1.6104038,1.2234671,-1.9241097,2.653682,-2.6944106,0.8538551,-0.48648638,1.4305038,-14.262486,21.541124,-16.175943,-11.766686,11.90135,-0.021746121,-4.5144176,11.030949,-2.564812,7.318266
TCGA-3B-A9HI-01,10.639942,13.4243355,-11.322295,-27.878515,-16.80781,18.043852,2.0272005,-1.2217984,0.6537052,-2.8797088,3.4718955,-2.1294885,2.4690962,2.431382,1.7941641,-2.4165432,3.8985975,-3.7195733,1.6253836,1.3580263,1.7503647,-16.866177,13.555607,3.712588,-7.827967,10.523885,5.8587904,5.083825,7.8366585,0.650622,0.07618147
TCGA-DX-AB3A-01,4.1964417,17.751797,-9.760937,-27.702652,-13.562523,27.791857,-16.157345,-2.3439665,-9.823673,-3.607739,5.3655567,-2.4954853,3.6115599,3.8356626,2.1755736,-2.2918594,5.0501466,-4.891868,2.9078536,1.3831167,2.5731049,-8.565439,5.0784645,26.358088,-7.3628707,10.945017,-4.087844,-0.9082985,14.887568,0.3682672,7.3856654
TCGA-X9-A971-01,5.7548065,17.090767,2.222413,-22.325333,-13.967749,13.1555195,16.627043,-20.665329,-4.9314785,-2.5695693,2.555985,-1.6065173,2.0041761,2.5981398,2.3934243,-3.23096,3.2131793,-3.2378898,2.155365,2.636487,4.0689,-11.757631,-0.7595042,7.1628957,-5.3856664,16.879686,13.275104,2.7998478,10.3500395,9.130228,10.541821
TCGA-RN-A68Q-01,-9.394125,8.057106,-20.684908,-29.102592,-7.085515,18.326443,22.57084,-1.4876299,20.376112,-3.7706277,3.4837515,-3.0506117,1.8411357,3.4311676,1.5204177,-2.3780835,3.4920392,-3.2429996,2.5564373,2.2866676,3.1149657,-3.9351993,18.340961,-17.647072,-0.25872943,-1.2886394,5.1693573,-22.450972,7.6368732,8.615963,8.285442
TCGA-MJ-A850-01,-10.316467,14.31041,7.131007,-28.161474,-11.96912,15.827197,16.35269,-11.525926,-41.87897,-3.4692786,3.331178,-2.938748,1.5443151,2.7521648,1.69105,-2.5484114,3.2870116,-3.8661525,0.5852476,0.9665923,1.256408,-6.5292306,5.119201,-12.503295,-2.2948503,6.444079,2.5861697,-4.8309574,22.554623,3.3665345,3.6607685
TCGA-K1-A42W-01,4.6802564,13.425488,-6.304336,-21.820454,-22.769308,11.700785,20.447802,-20.181908,17.871262,-1.6564876,1.6426425,-0.5402604,1.8149769,1.4612082,1.6743826,-2.1995459,2.2760975,-2.3155022,1.0956647,0.86395174,2.6275427,-3.062851,9.286707,-2.7885582,-3.6447248,5.902831,2.6208134,-13.012601,11.395103,13.235887,14.775972
TCGA-DX-AB2Z-01,11.729254,9.068308,-8.790664,-31.124746,-7.746881,11.673544,4.7524233,8.846621,4.7511225,-3.8699481,4.928928,-3.0498693,3.31681,2.6701849,1.5830473,-2.6100895,4.6191764,-3.4607248,3.4690728,5.2513757,3.624244,-16.81161,5.0545354,-8.127095,0.28465226,8.913785,16.528439,-8.949632,14.408803,-3.3051765,5.0698643
TCGA-IF-A3RQ-01,2.6528091,14.46748,-20.953693,-22.643028,-9.1037,23.83245,-15.438885,-9.453327,-5.387834,-2.5088415,3.4062412,-1.562825,2.648878,2.3496704,1.5268806,-1.8339465,3.6528459,-3.2957768,1.8484536,0.99706364,1.8431838,-13.071699,0.71570504,13.297452,-2.1027672,10.491659,9.200903,3.5311477,5.813257,4.1362414,11.174456
TCGA-DX-A3U5-01,4.360155,12.380551,-14.042309,-23.239586,-7.0529885,23.944178,-8.923102,-8.822974,0.39495477,-2.1058428,2.4113684,-1.4323381,2.3029053,1.5621282,1.1335672,-1.8660839,3.23393,-2.4893093,2.104057,1.100264,2.3758686,-13.272055,9.81671,1.1324683,-12.661531,8.811785,11.119655,3.2472882,1.8616773,2.7401662,8.218933
TCGA-DX-AB2L-01,11.927678,12.116099,0.04825314,-30.450907,-8.378664,22.442371,4.5001993,-3.9542027,-4.795482,-2.6513255,3.9866433,-1.6715811,2.9979281,2.2156265,1.5659093,-1.8986367,3.7991338,-3.1256623,2.20097,2.9616094,2.2749379,-8.813575,17.634926,-3.262829,-12.572547,6.697599,3.6018724,-8.104161,7.54103,5.8333178,5.7975445
TCGA-K1-A42X-02,23.5423,14.106317,-30.844889,-15.779159,-18.38041,8.825404,23.290815,-25.289444,4.0815053,-2.5614316,2.6067083,-1.3946743,2.599173,2.3319664,2.1852303,-2.9573717,3.502052,-3.259631,1.976143,0.8568144,3.5327518,17.015984,5.6231904,-24.167303,-5.446883,-13.554228,-2.4729145,15.895249,21.046059,18.4884,16.02112
TCGA-DX-A6YZ-01,12.258769,9.535714,-10.549047,-28.857233,-16.484379,22.66295,-1.4887693,-1.088665,1.6845762,-2.1079578,1.8990214,-1.3611661,1.3431313,1.8369601,0.84724236,-1.3351638,2.2158453,-2.2061517,1.2063618,0.34080166,1.4865009,-12.000158,4.4861994,-0.41848963,-8.475163,14.824682,11.484006,-10.762631,4.091777,0.72148144,8.888487
TCGA-DX-A7EN-01,6.5743513,13.271822,-14.2823305,-16.658241,-17.919592,7.228783,24.092594,-19.142025,5.306,-1.6046834,1.2261959,-0.8296969,1.5189707,1.259643,1.4412918,-2.1560364,1.98801,-2.3309462,1.1526773,0.9779825,2.279922,-4.9824395,-0.8971218,-10.34684,-0.834896,4.3842406,4.381495,-33.622234,13.067476,20.43947,9.626044
TCGA-DX-A48L-01,11.4252,13.673318,0.46220204,-20.150599,-14.708619,8.642838,19.600166,-23.906921,-0.6551747,-1.6097522,1.5506136,-0.71032184,1.3630314,1.7159467,1.6851034,-2.1654606,1.9519981,-2.1489449,1.0559701,1.0285475,2.4999254,-10.267847,3.9287522,3.8460476,-3.1736698,9.9745035,10.780673,-18.579058,12.213462,18.040363,11.790043
TCGA-DX-A8BS-01,1.9186547,12.086979,-4.5576696,-30.297592,-13.15787,17.594704,-1.9417834,-1.6861911,-18.996738,-1.6081403,2.7705836,-0.7598524,3.167415,0.7934597,1.2203803,-2.0617073,3.5173886,-2.2151902,2.1250448,2.2783499,2.7277741,-18.655216,4.927263,1.9118279,4.8174467,9.889754,16.385014,-4.1413565,11.206962,-5.7844706,-0.60697573
TCGA-VT-A80G-01,10.801503,17.050207,5.761534,-32.074306,-8.347895,18.863928,-1.4782722,5.9409995,-19.421513,-3.0114567,3.4096696,-2.5539124,2.9782815,2.5101023,1.4225734,-2.6542857,4.3371067,-3.1588776,3.3814945,2.4176698,3.7226284,-18.320507,-4.2685986,13.10661,-11.183327,18.724388,17.64852,8.11724,11.66346,-9.121431,9.777445
TCGA-3B-A9HR-01,14.158347,16.558441,0.248046,-19.336008,-12.36046,9.4177685,17.6148,-23.527199,0.8015285,-1.7863004,2.0654936,-0.35768104,2.1708531,1.7770336,2.4663517,-2.9500108,2.570473,-2.811048,1.4028779,2.1647277,3.7517936,-7.6738334,7.088288,4.385204,-3.5015116,1.981869,10.131351,-24.20301,7.3350587,21.129137,9.977599
TCGA-3B-A9HQ-01,11.972556,13.114049,-10.613477,-22.856644,-21.344645,7.9533925,26.742773,-16.46786,34.470158,-1.2067891,0.7032443,-0.3561488,1.0646454,0.88928723,1.1149379,-1.594869,1.3071883,-1.7357913,0.54720485,0.26462135,1.6772528,-3.0803447,8.837339,-11.483109,-0.28702566,3.3417797,2.3476937,-21.336744,9.475856,14.99898,13.547172
TCGA-3B-A9HL-01,5.405181,15.411614,-14.268545,-26.192835,-13.005401,26.559626,-15.001131,-7.3150873,-4.7507105,-4.01113,4.722476,-2.840643,3.2770708,3.6885736,2.2252598,-2.7914271,4.999901,-4.188762,3.4946356,2.2891767,3.8879483,-11.777385,10.682007,11.427299,-9.960811,8.834152,-1.361752,3.4360557,5.4507427,2.5931644,3.3420036
TCGA-DX-A7EM-01,13.468624,16.275002,6.542129,-26.752993,-15.759594,13.899541,20.265667,-15.199026,21.760448,-1.5066738,1.339256,-0.7119626,1.3977494,1.4384412,1.4679977,-1.9985524,1.8862175,-2.1461189,1.2439874,1.147741,2.50474,-9.208031,8.793127,-6.53467,-13.491118,9.96245,-2.6106594,-10.399655,12.401057,8.657088,17.045732
TCGA-DX-A1KZ-01,5.863351,12.150974,-12.700203,-28.679888,-17.152033,22.022955,-2.2713387,-1.8590055,2.1030688,-2.2022715,3.277369,-1.0218285,2.8191087,1.898035,1.4771235,-1.7115887,3.3856032,-2.6271248,1.9121009,1.7100866,2.3479917,-13.190843,13.176385,-2.3266616,-12.820989,10.674769,4.6112967,6.8212004,6.9393864,6.2125735,7.695095
TCGA-WK-A8XT-01,2.036295,24.156652,-0.2881278,-29.946383,-8.359935,23.073488,-5.1399403,1.4856596,-45.68677,-3.7167997,2.1547809,-3.1443932,0.5201319,2.997809,1.5852323,-2.5175214,2.4991572,-3.6689634,0.05865511,-0.825758,0.9814002,0.7747164,-0.374004,-15.0918665,10.212623,5.824114,1.4536023,-12.365496,27.610413,-1.6742324,1.7364062
TCGA-UE-A6QU-01,10.288623,13.160564,-9.288388,-31.177694,-14.635083,18.239367,2.0412865,4.4605684,10.754037,-3.1774738,3.4909632,-1.9236594,2.5951896,2.938352,2.1285841,-2.555405,4.0044127,-3.578691,2.1101887,0.82172495,2.8004594,-11.129603,8.625231,-0.17563279,-2.4406235,9.654266,15.120058,0.25533414,13.770261,-7.348853,6.6976337
TCGA-DX-AB2F-01,3.8351607,15.798747,-15.9286175,-26.806353,-12.314246,27.16036,-15.400461,-8.029127,-5.0746865,-3.7678916,5.073637,-2.4453485,3.3529847,3.7259827,2.1003282,-2.3070874,4.802116,-4.4122367,3.2404442,1.8083074,3.1474586,-5.8756638,9.859929,15.122034,-1.0883852,9.98798,5.6168838,-3.8996375,0.4520126,3.4207852,7.637674
TCGA-DX-A6B9-01,8.429138,17.004375,-11.267473,-26.916676,-12.154965,19.62597,9.111901,-3.4503746,20.16578,-2.247453,2.5109963,-0.9225539,1.8376232,2.7094262,2.302144,-2.595583,2.755068,-2.7588673,1.4613248,0.45202154,3.2630272,2.746315,17.04625,-31.012314,-1.298295,-5.5120506,1.540843,-13.221658,17.558512,14.079872,9.573517
TCGA-IE-A4EJ-01,12.340666,13.040625,-7.8450665,-31.162354,-11.722596,22.25646,-2.854401,1.3684692,0.15524347,-2.2158358,2.998665,-1.1367728,2.9752622,2.0671396,1.3241681,-1.7578075,3.7268565,-2.6230857,2.715685,0.8441541,3.276238,-12.328119,8.527603,-3.9804366,-1.2483063,12.114737,12.867281,-6.6639442,12.533632,-2.1469119,5.9080544
TCGA-Z4-AAPF-01,-1.6744165,17.705772,5.961512,-29.509098,-4.3482833,21.31112,11.098063,-12.887072,-30.063232,-4.2413454,2.7146125,-2.7076488,1.5588853,3.4388716,2.8217363,-3.6580641,3.3941143,-3.89631,0.6045627,-0.08226777,2.760083,-3.948633,-0.99190724,-12.391245,12.774439,5.118964,11.528452,-15.871764,28.807686,-2.808047,2.731726
TCGA-SG-A6Z4-01,12.07184,18.640017,-1.6068918,-34.15101,-7.021062,21.782896,-4.3587475,10.17606,-24.957893,-4.144107,5.928119,-3.0165317,3.799459,3.6061335,1.5958678,-1.9900469,4.6837263,-3.6800013,4.3206987,5.745533,4.0270715,-16.27941,6.3833885,8.193728,-4.083265,12.297077,14.392582,-2.8440735,18.081055,-2.3083227,2.3409126
TCGA-3B-A9I3-01,4.386627,12.108684,7.7961206,-27.97219,-15.283686,14.286085,19.274158,-15.625257,11.793021,-2.8052607,3.1464329,-1.4086405,2.572466,2.6374862,2.3915963,-3.0766082,3.6030889,-2.9787557,1.6648116,1.7373372,3.6378658,-7.8135304,14.54726,-12.421193,-11.911115,6.907191,1.5884445,-4.3641815,9.772553,9.005604,12.659618
TCGA-WK-A8XZ-01,8.503933,17.107597,1.1656967,-27.461805,-17.946444,13.704457,15.5249405,-16.719957,17.400013,-1.4272786,1.6367232,-0.4181025,1.7142898,1.3121762,1.7447878,-2.243511,2.013443,-2.1407056,1.1694045,1.8360242,2.8234773,-3.8114731,4.1873517,-7.697109,-4.540628,12.250449,1.3034797,-12.560934,16.788551,7.3632317,14.742226
TCGA-DX-A3LU-01,-0.2763619,10.782842,-17.764366,-22.061121,-11.801334,20.462753,1.8524358,-8.152797,14.156251,-2.7713418,3.247003,-1.9171857,2.7021573,1.9229323,1.7018044,-2.3697052,4.1474404,-3.609608,1.9285142,1.2997425,1.7846663,-10.941153,14.397532,-5.5143003,-11.991442,7.2863226,3.4054747,-6.358839,2.7001493,4.47289,8.741123
TCGA-DX-A6BB-01,8.43241,13.001383,3.5661306,-19.650127,-18.345423,8.651976,27.607504,-26.846527,14.630751,-2.085651,1.9578539,-0.4393618,1.3396538,2.5260282,2.58671,-2.7956748,2.0633454,-2.6177647,0.6332879,0.8166498,3.2656746,-7.5039864,17.425217,-9.112707,-11.677426,7.861838,-11.501812,-12.924997,11.434306,26.662556,11.976545
TCGA-DX-A6BF-01,-4.5107803,10.096763,-18.556335,-22.616676,-12.278772,22.497435,-5.434695,-9.748035,8.306072,-2.7793055,3.5956526,-2.0317583,2.7501047,2.290149,1.4195191,-1.9629124,4.021769,-3.6399767,2.3113678,1.557128,1.8813981,-12.030275,-0.25337815,10.416539,3.2021508,10.3657255,12.159277,-5.311538,6.365492,1.5698053,5.6367955
TCGA-DX-A7EO-01,-4.3579245,16.275293,1.8649207,-26.03082,-13.627276,15.5304165,12.271999,-6.8471136,-42.87822,-2.61664,2.1993575,-2.7088716,0.6711707,1.8957777,1.040379,-2.1167808,2.2319133,-3.2465065,-0.7202271,0.50839555,-0.40685818,-7.2777333,-2.4782069,-16.799019,7.922587,-0.6353192,14.642033,-22.230488,27.554623,-3.0017893,0.6573901
TCGA-K1-A3PO-01,3.0440545,9.737124,-7.7150927,-28.47309,-14.205716,18.573006,15.248708,-5.911165,24.877426,-2.6659908,3.1394396,-0.99764365,2.6440294,2.751281,2.5509448,-2.9617927,3.5956132,-3.0348647,1.616098,0.8102325,3.632963,-5.765038,19.045055,-14.578832,-9.733406,3.129938,-1.5635853,-9.45245,9.593583,6.537973,8.611742
TCGA-3B-A9HY-01,16.314432,21.486515,7.824114,-28.236227,-10.655045,14.982608,14.5775385,-12.649816,15.243105,-2.2718635,2.502774,-0.9515409,2.3336048,2.0647228,2.624024,-3.4035742,3.1308222,-3.1935542,1.9662998,3.1253731,4.2902403,-7.9301643,9.448234,-5.5966806,-16.914782,9.283657,8.9924555,-3.8541245,18.478144,8.261155,14.659193
TCGA-DX-A7EQ-01,-15.7106085,15.458871,4.9072323,-24.01133,-11.414052,17.448557,20.280922,-19.67703,-44.495068,-4.552422,2.7469196,-3.7581577,0.74158466,3.785489,1.7735627,-2.7153225,3.023364,-4.0051775,0.9868214,-0.53357166,1.975784,-8.970892,0.43594602,-4.3543706,0.99552184,15.459244,-0.99455255,5.4696217,18.517513,-5.685386,6.7363505
TCGA-HS-A5N8-01,-9.104662,17.580746,-2.771525,-37.157417,-15.536357,25.727604,-5.920459,0.52647305,-7.470744,-3.930564,4.509506,-3.1563091,3.513793,3.8288608,2.0301776,-2.931364,5.1197124,-3.7209847,3.9322948,2.7127407,4.869706,-8.563974,-7.012925,2.1832132,2.0262887,1.5400779,21.671776,-11.778322,18.141403,-8.878342,7.8745217
TCGA-KD-A5QS-01,3.1013455,16.249498,-14.816391,-26.254217,-11.494064,15.310074,-5.0949926,-3.58972,-15.960393,-3.5944073,3.9349105,-2.4797475,2.629782,3.650796,1.8627124,-2.3719347,3.9561021,-3.286084,3.0379186,1.8767474,3.9644532,-12.785645,-4.6703815,-8.734243,10.561378,2.3371897,20.943146,1.3352165,17.028019,4.2059526,0.44738507
TCGA-MJ-A68H-01,9.924368,17.572723,-6.5437665,-27.883034,-12.908443,16.34979,6.603297,-14.687815,5.257241,-2.6282072,2.2124836,-1.2798765,1.3623477,2.7425866,2.5032341,-3.0746837,2.4998593,-2.9695802,0.8795301,0.962261,3.0517225,-4.2243834,0.20730233,-5.9058547,-6.271313,5.103169,6.4902344,4.9163313,16.311962,12.561977,17.05504
TCGA-DX-A23R-01,5.647151,22.318106,-13.420992,-34.006752,-12.089057,30.317019,-23.099281,8.390046,-9.593568,-4.9272695,6.3001637,-3.9849248,3.1938813,5.6282225,2.077139,-2.3950627,5.104915,-5.3186555,3.8301187,1.9195405,3.686658,-1.2775705,-4.1587725,33.883274,2.6969557,5.286441,10.676883,-9.086438,20.967632,4.7625856,5.872044
TCGA-DX-A8BQ-01,10.375519,4.2115893,-6.1728325,-26.7391,-13.722133,13.557917,8.3381,0.47812918,12.333441,-2.3128889,3.3929613,-1.3500761,3.1043112,1.3483407,1.4531028,-2.002084,3.8133326,-2.92443,1.9330214,2.7252843,2.103379,-15.057666,17.446617,-13.011252,-13.808157,14.878847,2.859105,1.6042576,9.890792,-3.182873,6.6408095
TCGA-SI-A71P-01,-7.4987707,6.145838,-10.785986,-31.931025,-7.923011,24.627972,14.691652,-2.3879347,19.049469,-2.668175,3.0936956,-1.6479808,2.4321313,2.0673542,1.8361493,-2.4512947,3.622744,-3.128164,1.5178971,1.4968987,2.0464861,-6.910092,15.613011,-11.539855,-13.553399,9.211427,7.648746,-0.052799694,8.537628,-0.19260775,12.329069
TCGA-IF-A4AJ-01,19.09909,18.115555,2.6208248,-25.412039,-10.492889,14.343418,24.434118,-12.576581,16.008081,-2.2700171,1.8457159,-1.1498505,1.9624815,2.036614,2.2152777,-2.9977438,2.732189,-3.1994598,1.769146,1.8948159,3.6828156,-15.760761,8.479662,-2.095637,-12.113605,16.430014,-2.1699493,5.8845387,12.672282,7.340025,14.635317
TCGA-DX-A3UF-01,7.8699703,16.767294,5.727086,-29.220367,-19.067692,17.737791,10.834069,-14.2733755,12.860519,-2.3857708,2.6583068,-0.92689896,1.607351,2.9057314,2.7820618,-3.1368914,2.6570425,-2.8678355,1.2692821,1.9527107,3.8422673,-3.7912817,5.644457,-6.1088758,-7.3171887,10.27889,6.3424063,-0.007783169,13.767288,6.7672496,18.920816
TCGA-FX-A8OO-01,3.5933912,19.001654,-4.5196996,-25.642567,-10.773597,20.397299,-1.872218,-0.05257128,-43.093517,-3.146673,4.0391674,-2.611662,2.2802622,2.9507582,1.8753344,-2.5631409,3.5711513,-3.819246,0.8822108,2.0050225,1.3972815,-1.3003175,-0.77332777,-7.5370407,8.783804,4.2690153,5.1720133,-16.571678,25.4277,5.2669806,4.2622046
TCGA-SI-AA8B-01,1.8010588,17.089962,-3.8467739,-33.76002,-10.285769,18.754042,-7.201639,8.979401,-25.803371,-3.821301,5.9700685,-2.676739,4.1070476,3.3295593,1.3447747,-1.4826669,4.6618795,-3.5612512,4.36225,5.7161403,3.967972,-19.614948,-2.779537,10.107991,0.9168923,12.043189,22.948105,2.6866734,12.691948,-2.8699355,3.6102076
TCGA-3R-A8YX-01,2.5528288,8.962545,-3.5854964,-27.56193,-9.890896,19.543274,-9.214843,-1.2922697,-14.732818,-2.1823156,3.9738748,-1.9855335,2.7426672,1.6323087,0.53626376,-1.1937665,3.486264,-3.5711892,1.7639159,3.562813,0.68594694,-18.438473,-0.05953014,0.517399,-11.414735,21.875143,12.944445,10.201832,6.9556675,-7.087978,8.249327
TCGA-X6-A7WC-01,13.045715,16.155035,4.8790555,-36.09771,-7.0387015,18.327219,2.0778453,5.902474,-7.800491,-3.5419438,4.4719234,-2.4299016,3.0501533,2.8305528,1.9322976,-2.531335,4.2420187,-3.3997526,2.661242,3.587871,3.1795263,-18.511774,0.31121528,10.425765,-8.232991,16.105614,22.004063,2.014241,11.674272,-9.047196,5.536742
TCGA-UE-A6QT-01,12.937075,10.3080015,-15.045199,-29.68402,-24.44499,13.016181,16.001865,1.1594992,32.762554,-1.7650794,0.97212183,-0.9448399,1.789769,0.86381084,0.79279774,-1.5447178,2.237582,-2.323774,1.01035,-0.84857965,1.4656717,-8.935717,14.620218,-14.474266,-4.7893534,9.744204,7.873309,-9.073978,12.954143,-3.635791,7.3793125
TCGA-LI-A9QH-01,10.441801,13.503217,-16.45212,-25.91392,-11.942348,22.333319,-11.63216,-0.43866107,-21.688175,-3.463953,4.842284,-2.7312908,2.9463782,3.285615,0.93069476,-1.3916523,3.9057512,-3.4171872,3.6593106,3.94802,2.950947,-15.536024,1.3997556,10.485769,4.05251,10.71961,13.663456,-7.814468,11.2173815,-6.1251106,-4.83405
TCGA-SI-A71O-01,7.693495,14.035857,4.372724,-34.922966,-13.459264,17.28131,-2.4211633,6.8337564,-21.003033,-2.0050185,3.195927,-0.96148133,2.848193,1.7396787,1.185408,-1.4840914,3.3652067,-2.4233522,2.2823277,1.7076497,2.5313342,-17.515606,3.6429207,4.888401,-10.614568,18.675896,21.880957,1.7210829,10.639014,-2.2919462,4.40656
TCGA-X6-A7W8-01,-6.1013365,9.426547,5.330067,-28.968222,-10.885203,13.938521,6.225074,-13.973981,-1.7161053,-3.8728316,4.951848,-2.6671443,3.4389596,3.3005493,1.9339427,-2.5378902,4.6107697,-3.4383383,3.4533148,4.0323343,4.1483507,-19.203491,-0.76973414,0.3025623,-7.8357205,17.045135,22.858757,2.4268367,11.585776,-6.6076717,4.0545087
TCGA-SI-AA8C-01,0.90626246,20.815546,2.3686023,-41.237267,-11.690125,28.09566,-9.292882,5.8835063,-2.9965358,-5.0455127,5.2282925,-3.5743525,3.019191,4.951301,3.1682847,-3.7022998,5.3882155,-4.851079,3.2811544,1.7961911,4.7071066,0.42231894,-0.13287413,23.687916,2.3709512,7.769656,12.633792,6.777317,31.147318,-6.969283,9.172508
TCGA-MB-A8JK-01,18.024109,14.012734,-4.299562,-28.287924,-14.643364,17.961351,5.424884,-2.9417648,-3.2041368,-3.0146904,4.289951,-1.5421757,3.4789925,2.9030976,1.879121,-2.1074193,4.0528765,-3.0093405,2.783895,2.69486,3.6756132,-12.86421,14.922627,-0.56777185,-14.147626,13.679214,11.087525,-4.202922,5.190318,4.3718143,4.584429
TCGA-KD-A5QT-01,14.211477,18.056202,-20.004932,-20.965544,-13.426721,13.775475,7.359132,-15.7357,8.058731,-3.54026,2.9266908,-2.016284,1.5033824,4.2227407,2.9849572,-3.4250784,3.1418247,-3.7747324,1.8640461,1.1240729,4.473052,1.4229857,-2.647865,-27.444426,0.09712176,1.7026469,8.703472,0.19496131,17.417969,12.852709,19.630775
TCGA-WK-A8XY-01,1.4270558,17.092024,-0.57116324,-22.659285,-17.75954,14.9585705,11.058372,-22.678486,3.47592,-1.9446331,1.6428536,-1.0858846,1.6572529,1.7670288,1.868173,-2.6150575,2.3594284,-2.6699774,1.4314833,1.6195555,2.9608254,-5.828258,-1.9353802,-5.0048475,-2.7357304,11.930922,4.477237,-6.7819657,17.207497,10.272442,13.828029
TCGA-QQ-A5VC-01,1.624516,11.226276,14.718845,-35.779026,-0.27475053,17.916441,-4.6090317,-2.0399208,-26.756922,-4.0881696,4.600132,-3.273527,3.0789328,3.6691947,1.9332457,-2.9254465,4.643143,-3.4905558,3.5501325,3.5139165,4.5292006,-13.454655,3.43569,-2.7055283,1.7771862,14.603515,22.122013,-2.6788204,16.586636,-1.1660599,-1.1758009
TCGA-JV-A5VF-01,-10.883019,16.243864,5.3257594,-31.164433,-8.637326,19.665024,2.1990597,-7.6947756,-21.75793,-4.02236,5.776308,-2.5077026,4.170809,3.6371953,3.0913162,-3.5233092,5.518183,-4.0494847,3.0875564,4.0524645,4.4185033,-13.2086935,-9.44227,4.06777,5.089551,7.406477,26.11212,15.537889,22.613316,-3.015292,4.9633427
TCGA-DX-A1L1-01,15.131709,10.103316,-9.392721,-25.683598,-9.130251,19.012503,3.4434264,6.502886,10.141792,-2.5418427,2.1983783,-1.6821173,1.6896747,2.1284485,1.4787656,-2.0463576,2.9766607,-2.8964086,1.3200378,0.13503616,1.7763684,-14.779054,12.2094145,-4.147703,-13.882657,17.146612,5.6324935,13.921046,8.981695,-1.902409,11.052847
TCGA-WP-A9GB-01,6.441787,18.19182,-16.413246,-21.994543,-19.294031,9.33523,14.405279,-20.77955,-15.051669,-2.848924,2.7438254,-1.5374345,1.45801,3.3302941,2.4372501,-2.839702,2.7365565,-2.8989296,1.7024988,1.4941751,3.8632367,-1.9445078,-1.7360513,-20.753572,11.440715,-3.2558885,12.889989,7.367434,20.751005,13.520745,10.370175
TCGA-X9-A973-01,-2.9435463,11.441261,-3.637662,-32.303738,-9.766156,23.818985,4.564454,0.571579,-4.4448595,-4.698794,3.9684813,-3.9689326,1.9234484,3.9015307,1.8887651,-2.8901358,4.299446,-4.2813025,2.8965907,2.1181827,3.2403984,-10.38308,10.424591,4.4996595,-11.982196,13.559594,0.71048313,8.473825,16.470346,-3.2506378,9.981468
TCGA-Z4-AAPG-01,-9.667475,8.676268,1.6780869,-32.969193,-10.641017,17.352951,-0.84083384,-1.9071381,-16.81532,-4.5871925,5.452402,-4.3030434,2.9183912,3.412426,1.0769639,-2.3604472,4.717516,-4.139144,4.21901,6.1197705,3.247533,-14.4077,-6.9846835,7.668828,-2.7756083,17.805145,31.052408,-0.36303592,16.657845,-13.702507,7.1650605
TCGA-X6-A8C6-01,9.5601635,13.030878,-0.24869005,-29.417446,-6.515675,23.99819,-0.29191032,-8.027194,-11.329037,-4.458051,5.22499,-2.8707156,3.2940211,4.335859,2.5987637,-3.0034828,4.820488,-4.132678,3.3738482,3.030635,4.364997,-14.027445,6.9802327,3.1929066,-9.266677,9.472326,11.231317,-2.6949344,9.041673,-0.7113551,5.0182676
TCGA-DX-A6YV-01,10.384954,15.7119465,-7.8040185,-29.059814,-6.3601003,22.112673,-10.48342,3.2814305,-25.863316,-2.4110198,3.4257596,-2.057384,1.9348669,2.527228,0.6969771,-1.3106045,2.7701335,-2.704105,1.9606912,2.3805914,1.6310756,-18.510057,1.5004635,9.070224,-11.70459,21.089945,8.067188,-1.9534628,9.350341,-7.981657,4.3075233
TCGA-SG-A849-01,9.2781725,7.184344,2.2401323,-34.326565,-8.366297,18.107054,5.213177,3.1544704,3.9932413,-3.8802629,4.421877,-3.465173,2.526192,2.7360415,1.2944262,-2.5082405,4.128742,-3.5564535,3.0122046,4.8551583,2.7390985,-14.485506,9.347125,-11.463931,-12.088398,13.842334,10.721948,-6.394083,4.608155,-2.2649448,10.25787
TCGA-DX-A2IZ-01,-4.862398,18.974253,-3.290387,-31.418936,-1.103986,24.475527,-7.74159,4.0837803,-12.248825,-6.4368377,5.058062,-4.6555743,2.2965846,6.1013694,3.2652974,-3.8496485,5.195139,-5.232652,3.3323956,0.7575464,5.164794,-13.321336,8.025683,8.272701,-8.409175,13.966271,5.5158176,9.121058,15.281826,-2.4947517,15.245153
TCGA-DX-A1KY-01,6.206306,22.871092,5.0448728,-33.739502,-11.384838,28.627659,-18.305323,6.786782,-8.783204,-2.8454578,3.7550766,-1.9452333,2.9598827,3.4962473,1.9158282,-2.2611237,4.2088003,-3.031155,3.3414578,0.77789253,4.3608165,-15.580186,4.1554503,20.536293,-10.401338,15.791704,2.9130938,28.40537,13.927058,4.8607664,13.974286
TCGA-DX-A23Y-01,15.518734,12.917573,-9.037676,-27.054552,-9.166032,20.15107,-1.0096073,2.2651677,10.060777,-3.1456313,2.9589143,-2.42586,2.5384965,2.1757286,1.566032,-2.494868,4.168212,-3.513825,2.4242766,1.1997643,2.5199046,-16.871826,8.085094,1.2661291,-14.344143,13.591103,13.92176,5.568055,4.158238,0.48377767,11.600109
TCGA-DX-A7ER-01,-6.466662,19.8561,3.0151727,-24.338892,-8.034638,18.536482,10.30414,-8.409921,-49.490326,-3.8825598,2.6161969,-3.8001657,0.46413225,3.0416236,0.88149303,-2.08916,2.4708276,-3.5669355,0.83365464,0.6677348,1.0722928,-6.2077584,-0.78979284,-15.777314,-0.7248849,12.602522,-4.5757446,-3.9616776,26.543346,-0.7412585,3.2839186
TCGA-PC-A5DO-01,11.08005,15.237629,-1.5588394,-23.840815,-12.866181,13.338964,17.306652,-13.876808,14.797992,-1.7216309,1.0801877,-0.95925385,1.5846505,1.2343034,1.3114405,-2.0587814,2.0579617,-2.4060798,1.1162109,0.5351479,2.1233785,-5.1503963,5.42061,-0.09161885,-12.539735,11.6362,6.2339554,-14.982723,9.870009,11.133106,17.87643
TCGA-IW-A3M4-01,14.644243,14.340358,-21.137392,-23.229261,-19.434671,14.655388,9.621089,-15.650719,3.7349472,-2.2901504,2.7629714,-1.17574,2.930475,1.9384204,1.941291,-2.7598827,3.7384791,-2.996585,2.300059,1.2869172,3.5299072,8.802269,-1.9911749,-25.726294,-4.8623695,-7.3048344,11.257578,3.377567,18.1449,12.646812,15.915841
TCGA-DX-A2J4-01,7.670911,13.586347,-3.8494334,-29.367872,-10.646874,20.227238,4.374273,-7.861001,20.019772,-3.2793875,4.3208055,-1.7339809,3.0616748,3.3361144,1.6389714,-1.6370714,3.66011,-2.917616,2.923803,2.4505303,3.7714689,-9.623929,17.271225,-12.638033,-11.143198,5.0571213,2.8179672,-12.36424,7.6928344,7.685442,9.023605
TCGA-DX-A8BO-01,4.4663157,2.8272705,-5.2793984,-31.285183,-20.698147,13.349339,12.004409,-8.365213,10.571309,-1.4369023,1.7071514,-0.8693517,2.0465374,0.65661895,0.7843049,-1.4609095,2.616425,-2.0037694,1.2961751,0.81246996,1.4760929,-9.145922,2.8861282,-8.190438,-7.1111903,9.708064,18.584265,-10.714816,7.412644,1.4512206,8.770828
TCGA-DX-A6B8-01,0.9962345,16.209724,4.7533603,-28.74211,-0.68699795,17.659788,-3.016962,-1.8581729,-31.788124,-2.7711275,4.4846063,-1.7546722,3.4149282,2.579808,2.3640943,-3.143319,4.4586086,-3.2678852,3.5084295,4.7568197,5.2670794,-17.741997,3.2280219,10.967576,1.3751538,10.927962,22.003479,1.5014617,12.359782,-8.815676,-1.0858505
TCGA-DX-A23U-01,8.70963,11.239271,6.8455925,-33.72221,-8.151926,20.851126,1.483485,-1.1725569,-15.442008,-3.1609223,4.4665484,-2.4965763,2.5777488,3.009013,1.339459,-1.8561312,3.6379175,-3.2846353,2.3391533,3.3040173,2.5418615,-11.842143,10.293798,-4.662046,-10.8505125,8.72321,9.45814,-4.742852,8.507404,3.1333702,6.2343144
TCGA-VT-A80J-01,8.641064,8.228158,-3.7423015,-34.745842,-13.213729,17.67697,3.6707225,1.3279405,6.0879006,-2.9637332,2.7858763,-2.258572,2.1977274,1.9523666,1.5679964,-2.5650175,3.6478152,-3.0902095,1.7161063,1.7985958,2.2097354,-9.685463,1.897729,-10.708393,-4.851821,12.354574,20.737741,-10.496609,9.318002,-3.6884592,11.594494
TCGA-DX-AB2J-01,-1.9635897,11.083145,-8.163495,-28.39607,-13.7291,23.017004,9.055969,-7.3798647,-9.099481,-3.5205543,3.982311,-2.5617208,2.750271,2.8844025,2.1901839,-2.9170485,4.647013,-4.228614,2.270608,1.3249346,2.4222271,-2.7656898,7.3121004,14.329333,4.6566386,4.988966,1.5325882,3.7725224,19.591995,1.1174856,9.305108
TCGA-K1-A6RV-01,-3.108666,12.563738,8.624362,-32.996788,-3.357504,14.873714,-0.1165187,-1.1323624,-24.06413,-4.3233004,6.077611,-3.144469,4.026257,3.573081,2.076283,-2.6696572,5.203884,-3.86972,4.116975,5.7512727,4.4397345,-20.640928,5.9228897,9.062972,-3.2337747,14.446389,14.091112,5.7071495,16.562534,-5.2406235,-2.3418162
TCGA-PC-A5DK-01,19.234339,16.352327,-5.0066233,-24.046137,-15.509676,12.332447,28.872229,-12.361815,34.291718,-1.4227747,0.8255234,-0.36614832,1.0595715,1.2945936,1.4024408,-1.7637584,1.3697243,-1.9092385,0.3619692,-0.10937442,1.8835278,-5.579078,17.57665,-17.340185,-15.339147,4.9965415,-10.939386,-22.740925,7.8183465,21.584799,14.589527
TCGA-IS-A3K7-01,-2.011241,12.18075,-0.35132506,-30.60851,-16.171034,16.278471,8.377049,-6.251335,-7.0368795,-3.2419715,4.2717514,-2.207106,3.3796477,2.211478,1.8112662,-2.4080167,4.594545,-3.6770039,2.6529667,3.2408261,2.6333442,-2.7028046,-1.0461235,-13.821433,-1.7967203,1.6686429,22.988033,7.2920637,17.065966,-3.7948234,8.78875
TCGA-IE-A4EK-01,12.076182,15.304752,-5.0838337,-18.007637,-14.2835655,12.088415,23.391502,-19.863703,16.33173,-1.6494635,1.20902,-0.7339622,1.4440178,1.4747368,1.7122859,-2.2900913,1.9419583,-2.4423072,1.0227461,0.798378,2.4934835,-6.064614,19.125109,-15.91636,-11.108494,8.395489,-16.50996,-19.053293,12.183537,24.68133,15.99714
TCGA-X6-A8C5-01,9.076294,12.461738,-5.4447055,-23.185286,-20.718401,13.319473,22.571754,-17.452545,34.514645,-1.2435858,1.324874,-0.019993255,1.627467,1.1150043,1.710179,-2.0928159,1.8032622,-2.0514958,0.7911841,1.0359014,2.5175672,-5.6085515,10.790729,-14.357062,-4.620081,2.7612963,1.8384442,-24.837597,7.3635807,19.200493,12.217667
TCGA-QQ-A5V2-01,-4.407225,8.559519,-3.069837,-27.518862,-10.287217,17.009714,11.665486,-13.636297,-0.30118504,-1.8747072,1.7403927,-1.4084938,2.1853976,0.8507358,0.83875805,-1.7831008,2.8939147,-2.360204,1.5809116,0.8840954,1.6694213,-20.76288,8.256845,-6.653462,-12.819043,18.22137,8.5593605,0.508186,16.566471,-3.4038112,7.3716087
TCGA-DX-A2J1-01,3.2605464,5.886895,-5.721602,-26.213634,-16.502897,18.999298,6.6495104,-10.525739,9.834878,-2.6721883,4.546966,-1.8795522,3.4707978,2.1859086,1.25867,-1.4997176,4.197738,-3.8751028,2.350553,3.506611,1.6741965,-10.8004055,15.728034,-14.487762,-12.07213,6.224556,4.6954656,-12.252386,6.362669,6.5809345,8.717753
TCGA-3B-A9HS-01,13.938868,15.744404,1.6937975,-31.752144,-10.330495,23.5972,-4.3702106,1.0519943,3.9709592,-5.1286216,5.4307075,-3.6195564,3.097297,4.739594,3.0520627,-3.679358,5.493492,-5.159163,3.3523893,2.0988314,4.212446,-15.669217,6.3667173,4.540042,-15.475239,15.676958,10.348138,12.38666,7.5112534,-3.127568,11.645077
TCGA-DX-A6YX-01,0.46583965,8.361112,-6.74457,-30.557682,-6.5839543,16.312841,-10.739389,0.49186185,-16.98466,-2.229018,3.870982,-1.4945568,3.3079135,1.3328316,1.1296126,-1.6094463,3.8118596,-2.8476882,2.4257164,3.696427,2.1987565,-12.47636,-8.193185,5.9128265,-7.805695,22.005081,24.577839,4.0162706,6.9297857,-10.126026,11.461119
TCGA-RN-AAAQ-01,-27.119076,4.8418875,-6.2267547,-29.007189,-10.112827,20.103956,19.74894,-9.881947,8.723577,-2.6034415,2.6438527,-2.0987234,2.0454328,1.4845765,1.5302078,-2.6458776,3.470899,-3.0208533,1.2682887,2.0691984,1.4911901,-5.627443,13.438744,-8.086817,-9.651238,7.277443,9.653945,4.0631213,9.102442,-2.031223,12.570661
TCGA-X6-A8C2-01,11.848234,16.503004,-6.3834047,-34.397823,-7.959127,21.489819,-9.729992,7.6896873,-15.274943,-3.1332452,4.1995773,-2.14386,3.3149793,2.7159245,1.601958,-2.2363834,4.2488003,-3.0610373,3.1387196,3.3205428,3.650536,-22.103096,-0.34558606,9.390426,-8.746657,19.546358,15.310749,5.8469434,10.160723,-2.4863527,5.8696785
TCGA-X2-A95T-01,15.380332,15.532809,-16.41012,-26.849083,-15.785949,13.281586,9.376539,-10.968114,-4.2556453,-2.0069141,2.7658021,-0.6635128,2.4117846,2.291165,2.402849,-2.7364025,3.2004514,-2.8070142,1.9902751,1.7117571,4.1020927,1.8505352,1.3288324,-26.54578,7.869365,-11.186325,3.8457856,-8.742179,23.074715,18.692818,8.146232
TCGA-DX-A6YS-01,15.358837,13.433695,-7.8962164,-29.741293,-11.574754,23.704515,-6.8175287,3.2796552,-9.979196,-2.3976493,3.7718678,-1.6906195,2.4695082,2.4135447,1.1917709,-1.5702273,3.3224087,-3.361882,1.5477852,1.7778661,1.3023286,-8.092607,15.62882,1.5464159,-10.511638,9.566814,7.563466,-4.2747464,8.057783,3.388574,4.0428658
TCGA-DX-A3UA-01,2.928751,11.562665,-5.613555,-29.392586,-6.9661016,22.229021,-6.605353,2.5147085,-14.409767,-3.2900748,3.6176088,-2.1528187,2.739018,2.9132845,2.1865494,-2.8018522,4.2387753,-3.6425974,2.3272269,1.401789,2.9629946,-12.789493,-7.9464107,11.411378,-3.334183,15.613184,14.546403,2.995127,18.352278,-2.8076599,10.93758
TCGA-DX-A1KU-01,4.833295,15.483561,3.1020567,-35.261177,-6.4149866,25.749754,-8.724471,2.7288325,10.438731,-2.764328,2.6008556,-2.0700946,2.683446,2.2696228,1.3269367,-2.2695901,3.8572617,-3.1298845,2.6228137,0.68950504,3.1095295,-18.701866,12.102524,-1.4647411,-12.156599,12.640196,5.2673006,5.1766186,12.297133,-3.0851905,4.3646584
TCGA-DX-A3M1-01,4.67762,18.458517,-9.797325,-30.76216,-12.802361,26.967798,-13.12254,-1.5807981,-8.32318,-3.8180783,4.5624337,-2.5554638,3.0222924,3.6410375,2.4698453,-2.8821208,4.753086,-4.4222026,2.5493066,1.2964677,3.0189424,-13.516071,-0.298917,23.405653,-5.6666903,19.845993,7.6807356,8.8461275,8.985702,-0.76564205,3.4155276
TCGA-MB-A5Y9-01,-2.8042917,2.56725,-0.1937577,-26.200815,-16.168234,12.609789,13.470517,-12.695623,17.769075,-3.3560348,4.021747,-2.2531471,3.01045,2.61224,1.6797659,-2.290847,4.1652303,-3.352077,2.6022575,2.9922352,3.0411825,-13.270873,12.307387,-14.699101,-14.440393,11.563253,12.291835,-4.4179306,8.733063,-1.6579736,11.206119
TCGA-SI-A71Q-01,3.7364206,25.121838,4.7480426,-37.010563,-4.7399583,30.162325,-18.161999,4.7304444,-13.567862,-6.0390754,7.092326,-4.397869,3.7433844,6.2295885,3.3166633,-3.6560051,6.1340075,-5.3106894,4.9932103,4.017084,6.094443,1.0112941,-5.412005,23.945454,3.5492325,5.4156904,17.249014,-2.4366653,30.746807,-7.1184115,5.0562725
TCGA-DX-A3U7-01,19.13556,13.797818,5.5365577,-19.735365,-8.967842,11.372425,21.061941,-18.560919,-6.150407,-2.2756226,2.6586454,-0.94115126,2.3585036,2.2445397,2.6230977,-3.2854383,3.2481704,-3.0883336,1.7642332,2.4572594,4.012682,-15.936496,7.8655543,-1.3293933,-13.263541,13.07342,4.387986,-2.8491464,7.6418033,17.254587,15.618661
TCGA-DX-A23Z-01,10.828187,17.018406,-2.8421283,-30.869986,-6.3214307,25.97617,-8.862998,-5.1575985,5.6662145,-3.934854,5.317653,-2.513527,3.6857095,3.9391704,2.0655892,-2.1993976,4.85483,-3.9897485,3.8241105,3.1018145,4.1366253,-9.01406,14.941505,-6.0038223,-9.270259,1.7284298,-1.5254304,-10.123252,6.435547,14.68251,10.089029
TCGA-DX-AB2O-01,6.2554045,15.40008,-4.662481,-28.350248,-10.198984,20.000084,-1.9425678,-9.227114,-8.125737,-3.5896883,5.1423717,-2.2697506,3.9086063,3.1082335,1.9686011,-2.179235,5.060599,-4.171855,3.4932718,3.095715,3.2028449,-17.153196,-1.7832497,17.628988,-5.433556,14.921825,20.684956,-1.0626581,0.1660542,-6.1840363,3.929053
TCGA-QQ-A5VA-01,15.498651,16.547958,2.7594223,-37.99708,-13.234769,18.64584,7.591952,5.146508,22.13007,-3.1127565,3.2401416,-1.7553642,2.2985206,2.8372414,2.5802467,-3.1324196,3.7419007,-3.3747299,1.333092,1.0809981,2.74941,-11.007068,11.154165,-3.5520709,-1.914182,7.9295883,10.821257,-2.3383896,15.174827,-7.3378425,6.667344
TCGA-DX-A6Z0-01,11.28552,12.476584,-9.776434,-29.23601,-16.224455,22.760908,-6.3970327,0.8635521,-5.405348,-3.124476,3.8962438,-2.3535478,2.985779,3.3155458,1.5530193,-2.2830613,4.270813,-3.1152732,3.7897007,2.2635813,4.363373,-9.997009,-3.6948302,8.545078,0.25378087,9.720066,25.93,-11.552335,8.591061,-1.4429377,6.859514
TCGA-DX-AB2P-01,10.418807,16.432596,-0.47193697,-34.56879,-6.713033,19.492151,-1.0033214,7.948203,-14.159394,-3.6878953,5.26965,-2.4643238,3.8442023,3.0528178,1.9812485,-2.5297635,4.855505,-3.5987754,3.5448277,4.5163774,3.985335,-20.853996,8.16457,1.218984,-11.153833,14.18541,14.367017,3.7923238,8.176482,-5.701376,6.4028435
TCGA-DX-AB2Q-01,4.64641,9.160637,3.2174568,-34.017185,-7.676307,17.69617,-7.6940365,-0.2475004,-20.647947,-3.0059369,4.102392,-2.1163049,3.224561,2.1272702,1.5544201,-2.3119915,4.3227224,-3.2861984,2.814292,3.4349077,2.8913395,-13.726173,-0.4917717,-4.473173,-3.49267,19.116037,18.024391,-6.9185596,9.874852,-0.8383516,8.764798
TCGA-DX-A7EI-01,1.5120611,19.103685,9.497793,-39.822365,-13.623388,24.19093,-3.2161946,5.303102,-8.029814,-4.760273,4.7654567,-3.6263127,2.771808,4.696851,2.3260736,-2.9662688,4.7284966,-4.095506,3.6069574,2.4142337,4.7426434,-0.9061805,7.7687716,14.496238,-3.9977348,8.741282,16.072168,5.811226,24.236515,-3.827173,12.489965
TCGA-K1-A42X-01,25.98518,14.670474,-28.724312,-16.646656,-20.150764,8.723663,23.412193,-23.985348,3.7663717,-2.727734,2.5339472,-1.524907,2.1952379,2.65856,2.2632766,-2.950006,3.2442758,-3.2815382,1.748327,0.5224381,3.465397,18.055794,6.2723846,-24.691702,-5.852174,-12.422269,-3.0123317,16.159004,21.521885,19.30075,17.105951
TCGA-DX-A7EL-01,13.586689,13.430354,-2.966029,-27.067652,-19.046276,11.364902,21.73554,-12.877967,33.757633,-1.0756022,0.714766,-0.3192349,1.0259647,0.7981854,1.0359758,-1.4866824,1.2299707,-1.5417287,0.47843218,0.38396794,1.5375055,-4.8794045,4.9006004,-13.526883,-6.791585,8.035254,7.486683,-18.253307,10.638517,9.039334,15.783858
TCGA-DX-A48P-01,12.623768,11.694924,-7.257112,-20.541355,-19.965868,7.5034895,29.47786,-19.65397,28.956806,-1.2317749,0.8676294,-0.3613373,1.0644574,1.1174768,1.2552361,-1.63445,1.3670449,-1.7683933,0.64808595,0.23535904,1.8490778,-3.432776,13.030759,-16.431334,-1.3314853,-2.2242544,-4.66985,-32.81123,6.866423,29.24233,12.507912
TCGA-DX-A8BG-01,13.519453,13.006232,-14.851774,-28.663748,-13.362073,16.487461,5.535969,0.958122,17.004288,-2.3401213,2.951482,-1.900244,2.9373176,1.6130365,0.89802563,-1.8986192,3.9135456,-2.694523,3.0497022,2.2215319,2.9850316,-11.851048,7.6435432,-6.5874166,-3.509146,7.533245,14.236399,-8.061372,5.026733,-0.68438613,6.100435
TCGA-DX-AB2S-01,14.186762,10.239982,-16.908018,-30.259342,-16.429716,17.283165,6.6446953,5.4330792,30.345207,-2.6557803,2.8284097,-2.0277832,2.4023883,1.6594639,1.375394,-2.2504432,3.826608,-3.473392,1.6359682,1.4021859,1.408459,-9.166275,15.388169,-18.288763,-2.8422756,4.63581,10.812872,-20.015972,10.487991,1.851277,8.208836
TCGA-DX-A240-01,7.738206,14.208347,6.1024237,-32.437344,-7.8978915,21.383018,1.1461713,-3.789311,-16.748032,-4.3722754,6.213695,-2.96194,4.0607624,3.977656,1.9077797,-1.9916788,5.115149,-4.1383824,4.384728,4.846775,4.210973,-6.291294,5.382639,-16.52894,-13.6322775,8.011847,8.026293,2.0463867,6.208185,1.0919777,10.805913
TCGA-3B-A9HT-01,10.638155,11.840254,-3.0396433,-29.365135,-3.6994781,16.173183,12.482069,-2.4079852,13.141023,-2.303476,2.302099,-1.8126469,2.5325375,1.2829592,1.4501773,-2.7902265,3.5095165,-2.8104455,1.9582604,2.026581,2.455471,-10.849707,15.282362,-13.19032,-11.770604,8.436937,5.8426204,-2.3746245,10.583699,-0.3209041,9.318451
TCGA-DX-A6BH-01,11.3159685,15.503775,4.831056,-34.297554,-11.953676,23.044325,-4.960241,-3.2642574,3.1595526,-3.98328,5.1607323,-2.4916673,3.5175908,3.9297807,1.8684074,-1.9679917,4.614421,-3.9177177,3.7223177,2.7087684,3.9301805,-14.04763,8.392386,3.3912303,-15.295841,11.556953,3.147194,-7.0621233,6.861951,4.925259,11.805675
TCGA-IW-A3M6-01,8.867582,13.168961,-3.8493605,-28.88959,-14.904586,17.989977,12.029759,-12.333973,5.0255556,-2.279515,2.2780833,-0.94578767,2.1934252,1.8511125,2.017648,-2.7186773,2.9593244,-2.6912506,1.1216301,0.7627625,2.6740203,1.2427388,-0.30266714,-13.563706,-2.1083875,3.0158174,17.564718,8.643233,13.877122,3.6955674,13.686947
TCGA-DX-A8BZ-01,-7.6732373,4.735738,0.13343461,-26.702082,-16.425577,13.914818,8.331829,-14.479925,-8.003603,-2.276249,2.9884765,-1.341926,2.7254403,1.6234442,1.5203437,-2.1173985,3.603082,-2.747121,1.8255492,1.7277966,2.2666786,-14.263031,1.3689278,-6.147604,-1.4695044,14.211134,18.681416,-3.6423094,10.374316,2.4137638,4.22891
TCGA-K1-A6RU-01,4.8900127,11.71543,-11.892107,-26.465387,-15.395728,21.975443,-1.2430439,-9.016649,-0.4776558,-2.908742,3.6036634,-1.8307676,2.6790214,2.507605,1.5441815,-1.9868522,3.692711,-3.1243958,2.3492427,1.9597996,2.595088,-15.286995,8.214882,7.929743,-3.5010211,9.04597,11.761262,-1.1324848,8.071318,-2.3411055,3.832988
TCGA-DX-AB3B-01,3.3760686,20.250542,-1.6181515,-31.92673,-8.924629,19.765493,-3.5868618,0.59374523,-33.054745,-3.8863885,2.9616542,-3.6179237,0.72112167,3.1895053,1.0563006,-2.077374,2.6356995,-3.7226703,0.83108497,0.79113257,1.1908405,-11.550833,-1.526015,-9.328634,3.717092,6.7810497,6.934844,-17.43372,24.00853,-5.3723974,-1.8359149
TCGA-DX-A3UB-01,5.214062,4.337859,-0.63553387,-22.395926,-10.638875,14.919618,24.62976,-12.432863,7.7188053,-1.9744762,2.3524966,-0.9316568,2.20295,1.7583313,1.8056443,-2.479654,2.9091098,-2.415993,1.4593811,1.3356413,2.7992792,-6.08987,17.001692,-21.6975,-12.729195,5.9748907,3.0426302,-5.989375,4.233901,10.199169,13.6847725
TCGA-DX-AB2V-01,3.7897072,8.07788,-13.798105,-24.856354,-22.796041,20.791172,1.1856899,-7.197461,1.7227226,-2.5213175,4.0951486,-1.8278122,2.8459828,2.4144642,1.2052323,-1.5230355,3.7329986,-3.5443192,2.1180427,2.3688889,1.6375266,-12.516443,9.455656,5.630026,-13.295761,16.036594,10.752536,6.791917,5.137501,1.9373409,11.05538
TCGA-DX-A3LW-01,1.0861912,18.381447,-15.827845,-25.395948,-14.070347,25.475542,-13.717638,-4.696327,-12.226202,-3.4486263,5.051803,-2.4191663,3.2895384,3.8908842,2.2134218,-2.3042548,4.710464,-4.631827,2.4366877,0.66373366,2.3322484,-11.859217,2.8631766,30.607641,-9.442831,12.219493,0.26115003,0.3320353,6.7937837,4.3110504,6.4507637
TCGA-DX-A8BU-01,6.515254,20.748833,5.521507,-28.424437,5.9348507,21.949427,3.746789,-4.889217,-20.30599,-2.802526,4.420067,-1.9729626,3.5402763,2.5805566,2.0376666,-2.936295,4.5419946,-3.0508847,3.568172,4.496802,4.765821,-11.321177,12.494829,9.251464,-4.182883,10.346933,1.517056,9.202136,14.554603,-1.2922958,-5.3437576
TCGA-IS-A3K6-01,1.5098681,14.169144,-13.732019,-27.204535,-21.49914,11.156756,18.907951,-11.9255295,1.2718326,-1.987939,1.1882582,-1.0542678,1.7134371,1.2361696,1.0105999,-1.7378836,2.2400172,-2.35798,0.96857285,-0.7204604,1.6813487,-0.22182892,2.7660196,-25.515867,-1.7204306,-1.2508562,13.930287,0.6995292,10.124877,10.310359,15.294275
TCGA-3B-A9HV-01,2.3510487,20.842575,-18.306763,-18.64121,-12.009687,11.867317,8.402426,-20.12837,-6.581904,-2.2108302,1.8595129,-1.1786209,1.7955654,2.122293,1.9947873,-2.6534598,2.610437,-2.9434376,1.4987626,0.8089566,3.0904274,-2.1060524,-12.495404,-11.729005,9.8336,4.0214505,13.73392,6.2974267,18.408398,8.320799,8.499437
TCGA-VT-A80J-02,3.4678159,4.00209,-0.9177231,-27.929785,-12.096977,15.467918,3.9280806,-6.937989,-4.9260693,-3.4452617,3.3701897,-3.005932,2.1986578,2.3825915,1.1406678,-2.2792113,3.8185813,-3.3116066,2.6008704,3.0143185,2.4344738,-13.988905,-9.116984,-0.89827806,-5.7625794,21.679626,24.99962,2.7985203,11.144496,-10.048801,12.38027
TCGA-WK-A8Y0-01,5.249303,13.893304,-11.020796,-34.872517,-10.009561,17.451212,-2.5195236,10.975698,-2.5610054,-2.2958834,2.5913646,-1.7526369,2.4175646,1.4118867,1.2302651,-2.1633122,3.5627527,-2.7924874,1.9746222,1.6740845,2.022513,-16.982824,1.9769633,-4.171703,-1.3186845,14.543147,15.384713,-5.009173,20.06672,-0.38586554,8.616606
TCGA-VT-AB3D-01,15.789375,11.999745,-13.714489,-27.959036,-14.909169,16.208696,10.949152,3.2929447,17.063831,-3.2608602,3.3500712,-2.1424458,2.6641297,2.4106374,2.1032543,-2.862995,4.2626123,-3.6773133,1.9654695,1.3083185,2.5518074,-12.546693,16.016802,-9.863055,-12.865288,10.063672,6.4174376,-5.04362,7.8685884,-0.8579563,6.465187
TCGA-DX-A3U8-01,11.992854,10.375693,-1.6187767,-26.502655,0.20761228,15.07172,16.89661,-0.05858873,3.9888244,-2.162696,1.9490552,-1.6579007,2.1094613,1.2811669,1.213302,-2.2851357,3.164331,-2.6295998,1.6725289,1.1964188,1.9060605,-16.397621,14.614525,-8.76407,-13.136018,11.418129,10.409845,2.6044362,11.430083,-1.0115861,8.345179
TCGA-HB-A43Z-01,11.452251,19.871595,-8.241895,-24.956476,-14.050581,16.091105,10.060069,-18.88758,4.2942743,-2.5432506,2.2562077,-1.3709407,2.192733,2.5129035,2.3761306,-3.0837328,3.1726978,-3.4326022,1.7681828,0.86471385,3.6221404,-2.983644,0.3834057,1.7360488,2.7518623,7.647083,4.93936,18.96359,27.480011,9.275624,16.201143
TCGA-DX-A7EU-01,-6.982438,12.017456,-11.59023,-26.864939,-15.749102,21.402174,0.83331734,-8.970204,-6.3829875,-4.7427473,5.838957,-3.5280857,3.3608418,4.7848387,2.4102502,-2.853209,5.14291,-4.604395,3.9385667,3.5484846,4.2684155,-7.1663365,2.7210581,5.3364534,1.2029228,4.094747,15.515714,-13.057348,11.1529455,-3.5796945,3.757747
TCGA-IS-A3K8-01,9.356611,10.683748,-16.971369,-20.255346,-17.625479,15.031898,18.714985,-24.13984,6.048426,-2.0399384,1.9617537,-1.059226,2.1731918,1.8710856,1.7052466,-2.3550842,2.877464,-2.8327756,1.7694079,0.5001823,2.984242,6.3307185,6.657892,-23.643229,1.7102208,-10.183591,1.8313961,-17.354488,12.314886,18.90703,11.859722
TCGA-KD-A5QU-01,11.007894,15.175056,-13.106362,-23.896349,-17.833794,10.481098,11.983039,-15.922647,0.4845601,-2.043827,3.081937,-0.64917517,2.818254,2.1535919,1.9579222,-2.2985327,3.458182,-2.4716825,2.0748103,0.9516819,3.6062057,-7.4459662,-2.2182772,-14.314921,0.99118644,-0.8541816,13.262097,-9.22054,15.103261,12.827432,6.4218063
TCGA-IW-A3M5-01,-14.654924,16.713413,1.9616212,-30.80002,-10.172917,19.715487,-1.9818532,-8.004776,-18.382988,-5.149936,6.286898,-4.131691,3.5288181,4.4702888,2.6603918,-3.467842,5.7876015,-5.186097,3.951105,4.714011,3.937267,-8.889243,-5.6784945,9.742271,7.9651914,3.6376505,25.453527,-1.6317232,22.680199,-10.456051,2.3277545
TCGA-QQ-A8VD-01,15.305397,15.420682,5.9950395,-34.133266,-6.7806487,23.890379,-1.2871506,5.7112255,-13.50702,-3.5627787,5.4266515,-2.2280998,3.9347434,3.1848395,1.8196304,-1.9477729,4.673986,-3.5174415,3.7117975,4.3357544,3.8522334,-4.6788573,10.085961,-4.8269424,-12.311175,6.6903024,7.776265,-1.6873376,11.664895,3.6095731,10.505693
TCGA-DX-A8BJ-01,-0.63454527,15.741823,13.578299,-35.6152,-5.583632,22.915447,-4.6384635,-2.388587,-23.903046,-2.2229533,3.3375938,-1.2263846,3.4620805,1.4883969,1.5319612,-2.346207,4.095801,-2.5659842,2.5167234,2.2819202,3.2839315,-11.224506,5.920241,9.510394,-10.260598,11.990613,19.367186,11.833709,18.365097,-11.87269,5.06366
TCGA-K1-A3PN-01,6.3293867,15.24378,3.6666856,-26.877295,-17.257256,12.923061,15.387366,-16.614975,11.208814,-1.7753559,1.6376132,-0.7431524,1.6222379,1.8240886,1.9064465,-2.4317656,2.141042,-2.529513,1.4944255,1.6497525,3.181435,1.7029636,5.114471,-6.177334,-3.0017843,4.3230753,5.675727,-18.283522,9.254896,17.95011,15.590328
TCGA-LI-A67I-01,-2.1991167,15.04679,-6.558674,-30.667633,-8.567804,21.52151,-0.1989505,-3.732471,-17.51752,-3.1198745,4.121076,-2.322003,3.3102822,3.0422149,1.8304561,-2.76206,4.5476265,-3.2751439,3.715667,3.1147966,4.806073,-15.201187,5.2452726,7.0164547,1.4674909,11.793306,14.425688,-3.3304083,17.07967,-5.9916058,1.6207845
TCGA-JV-A75J-01,-3.2843866,22.436653,2.7217357,-33.203857,-5.9125714,24.423182,-11.599278,6.236541,-30.929987,-4.035075,6.2066336,-2.2849371,4.624389,4.218679,2.835612,-2.5839822,5.748718,-4.759825,3.735716,2.743496,4.018457,-8.042079,-7.537135,16.821646,5.1607585,11.43449,15.3478775,16.090117,23.577477,-7.402164,7.9235406
TCGA-PC-A5DN-01,4.721431,17.772676,-1.704271,-34.48846,-10.211264,27.767351,-6.4061203,-3.0904865,-1.1776356,-4.7620454,4.473048,-3.2013521,2.7084444,4.441439,2.9909163,-3.5700548,4.898119,-4.640917,2.5430276,0.99349105,4.0005064,-6.9901986,2.0598247,11.787343,-4.694225,9.218874,14.139089,3.6463385,11.179946,-2.2222536,12.300665
TCGA-DX-A48N-01,10.269318,18.06434,-8.24852,-30.58001,-9.316283,26.589537,-13.285959,-0.9989829,-10.467216,-4.910344,5.793887,-3.000533,3.3899322,5.3235545,3.1582682,-3.1980233,5.085298,-4.714751,3.3183537,1.875287,4.5918956,-12.43542,6.0343585,19.652847,-8.879596,15.078748,1.6023666,16.598227,9.237536,4.771959,11.930538
TCGA-DX-A48U-01,10.373202,13.155066,-7.583136,-14.8835,-14.846462,8.275616,25.121347,-23.98301,25.600138,-1.0974787,0.8604472,-0.27821735,1.006452,1.0568644,1.2167618,-1.5556413,1.2304604,-1.6121855,0.6410288,0.3977422,1.7968293,-2.700154,13.397176,-8.485066,-11.543534,7.537661,-12.252501,-15.2972975,5.6531343,26.736885,16.158669
TCGA-FX-A3NK-01,9.278641,15.8841095,2.7198238,-33.429485,-11.650439,25.165483,-3.1266694,-4.845274,-0.038293283,-3.2131922,4.6830497,-2.036027,3.321843,3.049876,1.8825725,-2.0873609,4.3675513,-3.830999,2.5517745,2.4833722,2.630377,-6.2762566,12.133066,2.882034,-11.858769,8.432686,2.9402962,-1.7354262,9.762441,6.766947,9.205314
TCGA-DX-A6B7-01,13.659565,13.817862,-6.668145,-15.969313,-16.952702,8.773991,25.849514,-20.401798,20.502142,-1.2281668,0.9952315,-0.28787047,1.1169703,1.276443,1.3803236,-1.6944969,1.4083593,-1.7894897,0.70085406,0.36892885,2.051222,-6.2047725,13.080926,-19.799574,-15.649129,7.8875904,-11.221104,-16.887972,9.524163,23.165417,18.944813
TCGA-IE-A6BZ-01,11.493361,14.282755,-10.821198,-25.069412,-7.607231,21.790697,-9.99955,1.6291709,-19.628141,-2.2873836,4.1374846,-1.3733984,2.7976427,2.574549,1.0780176,-1.1712074,3.2923152,-3.013589,2.2105649,2.4834523,2.0222168,-12.493091,1.0718325,14.787417,-1.5917888,14.47934,21.830833,-2.0082886,13.403088,-6.7550716,3.384206
TCGA-3B-A9HZ-01,12.235414,13.369607,3.3298488,-27.893328,-18.099022,12.335947,24.527906,-13.966385,32.854458,-1.6163709,1.076128,-0.7243323,1.6194667,0.9725644,1.3053513,-2.0898862,1.9804834,-2.3040848,0.9731458,0.8508247,2.1327925,-8.978254,16.318237,-16.280243,-16.579689,10.4855995,2.6034431,-11.807614,7.406656,11.837775,17.234001
TCGA-QQ-A8VB-01,5.823033,22.509975,6.8809037,-39.293327,-10.9261465,28.972254,-9.808269,6.0174785,-2.0976367,-4.556247,4.0752764,-2.824854,2.3152907,4.590525,2.8674302,-3.201748,4.1509967,-4.05707,2.177496,0.44456887,4.0646324,-4.427948,-3.058588,9.072176,-1.4655747,13.890852,13.102781,8.559009,27.793335,0.71785367,15.647323
TCGA-DX-A48K-01,11.246738,16.687412,6.8332934,-33.544395,-0.38735336,22.65568,0.003025569,2.0680056,-8.537407,-4.012985,5.514104,-2.2066815,4.0064354,3.687367,2.9377193,-3.350989,5.0234237,-3.7283878,2.9430985,4.005492,4.600363,-16.444048,0.78389275,0.036081716,-9.460322,16.511309,18.917366,-1.1570106,13.761104,-9.150972,8.465405
TCGA-QQ-A8VH-01,2.7645268,22.310593,-6.238291,-32.986042,-8.591254,23.8136,-12.346734,4.907325,-24.121902,-4.5135813,5.87793,-3.6165922,3.541885,3.300477,2.3796773,-3.3671143,5.511685,-4.4343243,3.694199,5.490901,3.7023835,-2.9885778,0.75611675,5.4030676,9.592921,2.3032756,12.162403,-10.050977,26.69842,2.0857317,-1.9234524
TCGA-DX-A23V-01,3.4755447,11.695746,-14.259672,-26.905146,-11.138904,26.411558,-6.6868424,-8.867096,14.262609,-3.4926302,4.553176,-2.5658576,2.9270942,3.451648,1.6924258,-2.1330583,4.3735876,-4.1011767,2.9953206,2.0112224,2.7635505,-5.07531,10.511969,-6.9261427,-2.8172703,0.5555507,12.78932,-18.156027,4.256689,8.276705,11.156332
TCGA-DX-AB2H-01,-1.0072346,16.517347,-5.5702257,-29.656582,-6.896521,24.018938,-6.170413,-0.7894459,-15.45083,-5.183383,4.765313,-3.8866699,2.4218166,4.924178,2.618327,-3.2522326,4.8395743,-4.6582623,3.2696228,1.5079294,4.2821302,-6.037439,-3.4149983,22.92431,0.16150694,11.562237,15.273829,3.8611717,22.195236,-2.3295572,10.065445
TCGA-DX-AB36-01,5.783554,15.509237,4.265171,-32.091415,1.6794447,23.407906,-1.1226709,-2.4067101,-24.330788,-3.6563118,4.989634,-2.4854374,3.2133152,3.1178834,2.6423106,-3.3056118,4.558727,-3.4834435,2.4567997,4.1359572,3.5657828,-9.044231,9.065342,-1.4992739,-8.639246,10.547735,15.038816,2.5607774,9.945337,-3.8963935,6.2464976
TCGA-X6-A7WB-01,5.7282133,15.414449,-5.774409,-25.06452,-12.304215,15.386919,10.166993,-15.703142,1.4507648,-2.6788862,2.6526577,-1.5963178,1.7431964,3.3334901,2.5054324,-2.8988805,3.0686677,-3.2749484,2.2913604,1.5732509,4.386149,0.39900696,-1.9378104,-12.269209,0.392787,1.8941884,9.63012,7.806649,12.929564,16.690914,15.645811
TCGA-MB-A5YA-01,5.57454,10.835742,-11.811309,-15.129978,-16.385656,11.606831,21.980541,-21.756376,18.143406,-1.3923885,1.081814,-0.5125098,1.3927891,1.0782807,1.2685038,-1.8151557,1.7130034,-1.9898472,0.8186884,0.4472978,1.9653732,-6.4489894,12.363373,-11.656211,-14.491256,8.247816,-2.4643242,-20.580471,4.220404,17.872915,15.343833
TCGA-DX-A8BR-01,8.255642,6.3714523,-13.950656,-24.95577,-16.252241,19.637777,3.7773576,-7.5343714,2.7514687,-2.9860532,2.7395234,-2.163322,2.1015792,2.2812848,1.8261582,-2.6067297,3.7335448,-3.4446502,1.6798928,0.5966681,2.062867,-7.7035155,11.964315,4.718813,-4.2296524,8.821761,11.394206,-5.0050626,4.2448864,3.9073822,7.7768726
TCGA-QQ-A5VB-01,0.75422055,13.086123,4.3862524,-34.31349,-8.936799,17.026379,1.9016182,4.9025116,0.7556682,-4.4665966,5.7106395,-3.5527422,3.6906815,3.194929,1.731741,-2.6399128,5.183017,-4.0722446,4.163431,5.8303638,3.8952096,-13.511178,-1.0812887,2.5915115,-3.1330724,12.718613,23.148438,-6.1281643,12.221717,-7.1248746,9.211224
TCGA-DX-AB2G-01,2.2751489,9.86269,-11.524859,-24.403582,-12.731502,23.621786,-4.281473,-11.698144,7.1821213,-2.6803615,4.2926416,-1.4946897,3.416057,2.2662046,1.4418901,-1.5396023,4.201502,-3.6861186,2.5829244,2.2733684,2.0789425,-12.14608,9.45965,13.636474,-13.732547,13.096622,9.9314995,0.20318341,2.448601,1.4024886,8.171232
TCGA-WK-A8XQ-01,3.8176804,20.503944,-5.760326,-28.91282,-7.017369,21.33219,-1.1950817,5.5791645,-14.561458,-5.0415773,5.286066,-4.1527314,2.3962603,4.961461,2.0147843,-2.660797,4.6174083,-4.633965,3.6520064,2.5744245,3.947995,-7.7214274,4.148332,11.544488,-8.161441,12.033794,-4.885274,0.21983695,26.909733,-1.4049128,7.158986
TCGA-SI-A71O-06,6.5198646,13.272654,4.460681,-36.50903,-6.9991446,18.410261,0.6920224,5.809828,-1.1084474,-4.372394,5.125024,-3.3424273,3.7287922,3.3271205,2.1441371,-3.156443,5.4694552,-4.0517163,3.6872454,4.4018464,4.320913,-14.751659,9.381602,-6.334365,-11.178407,14.562493,12.206142,-0.07788705,11.854146,-8.963604,8.115084
TCGA-DX-A8BN-01,-2.734634,12.240964,-21.199055,-22.807173,-10.57891,21.365564,-6.1872687,-6.4182973,-7.9403095,-3.09744,4.771584,-1.5323527,3.7230034,3.2415788,2.3028889,-2.246717,4.6214833,-3.8546674,2.9052336,1.966287,3.1924634,-10.413404,9.554034,4.6312323,1.7833834,5.7066474,13.384028,-4.498944,9.119353,-1.0493833,-2.0312502
TCGA-DX-A3LY-01,3.9786277,11.871209,-11.986572,-24.624609,-13.778953,21.367537,-1.2421122,-11.441044,-0.9621281,-2.1490607,2.0061328,-1.7051584,1.9220157,1.110204,1.1281359,-2.072002,3.1193173,-2.6572545,1.3125459,1.0321183,1.3614149,-13.28376,8.566586,-1.931321,-15.905772,14.004992,7.826889,3.0354204,5.7888527,0.9778806,13.232679
TCGA-DX-A6YU-01,7.0598736,15.03184,-13.674716,-29.556175,-14.327901,21.643524,-1.5730128,1.9774985,2.003986,-1.7107388,2.6349292,-0.8828729,2.925238,1.0170093,1.1148564,-1.7311325,3.562424,-2.3574514,2.1898966,1.4138106,2.4346118,-14.358496,3.9720912,3.7062843,-3.637689,9.962598,16.77167,-12.320453,6.919703,-0.9071287,6.464982
TCGA-DX-A2J0-01,10.801949,15.12403,-12.739709,-27.554434,-11.048011,23.861176,-5.31615,-7.220128,-3.9135141,-2.7787678,3.0678093,-1.8033748,2.1683097,2.4159172,1.5274165,-2.0047922,3.3581524,-3.1273286,1.736226,0.9359736,2.0468955,-12.21769,-0.56440365,14.316665,-9.485258,15.389318,8.907972,14.943478,7.1697817,1.3806373,10.025748
TCGA-DX-A3U9-01,11.182352,15.316833,10.534645,-23.559654,-10.818685,13.708122,14.415482,-19.219637,-6.1280646,-2.0757754,2.816617,-0.5983452,2.274922,2.2828515,2.7389927,-3.213047,3.0916622,-2.8948948,1.7097274,2.8726318,4.1641817,-5.3534636,17.605324,9.323969,-9.821449,9.495201,-1.9682577,-7.353292,16.734324,20.142918,8.026545
TCGA-MO-A47R-01,7.6747265,14.640474,-19.860847,-23.667646,-10.204363,20.722185,-11.313283,-3.8239489,-12.309818,-4.344585,5.6041946,-2.5379665,3.5677567,4.568471,2.5769517,-2.6781445,4.496238,-3.5101113,3.443097,3.7964206,5.13762,-7.8975105,-12.872058,0.26036996,3.8849983,14.806081,10.010631,-1.0798042,14.416447,1.6443621,11.282026
TCGA-3B-A9I1-01,3.6684294,14.32938,-14.793012,-25.96987,-17.94653,14.979353,15.525316,-14.392384,0.010217267,-2.156662,1.6150794,-1.253611,1.4431498,2.017246,1.5390693,-2.1938672,2.283677,-2.58495,1.4040306,0.5353773,2.6845036,-1.4883496,-0.93229747,-23.2765,-0.2070119,0.42728612,9.132027,-1.8878937,9.751878,12.633375,17.815926
TCGA-DX-A6YQ-01,9.408273,7.8251643,-4.5397906,-32.541218,-5.862406,16.19154,0.30074528,3.316372,0.4517351,-2.518305,3.82064,-1.3466735,3.2575066,1.8853089,1.634824,-2.1068347,3.8070812,-2.8230915,2.2629828,3.1613216,2.7847672,-6.514936,0.7364741,-0.059447363,1.439055,16.652264,23.202856,1.4628081,14.407348,-3.2627437,6.0464964
TCGA-MB-A5Y8-01,-3.8143435,9.15657,6.071142,-33.27135,-12.385503,18.117626,-2.7825572,-4.9511595,-10.900203,-3.8204725,3.9294267,-2.957899,2.510023,3.3484306,1.8593204,-2.6471455,4.224925,-3.65239,2.7992148,2.2790775,3.35453,-13.972515,1.0650499,0.1874005,-7.306994,13.648029,26.013353,-4.631041,7.5563984,-6.8724174,8.817417
TCGA-3B-A9HP-01,11.913856,12.890879,-8.374189,-25.702543,-16.72938,14.646057,13.398189,-15.613678,17.051361,-2.24958,2.2348866,-0.9803902,2.1776257,2.1355689,2.1710248,-2.812702,3.0148413,-2.9714801,1.5919085,1.216805,3.41646,-1.088567,8.486382,-4.603133,-3.5172102,5.004789,3.3931732,-10.35175,10.716738,16.87213,13.787254
TCGA-SG-A6Z7-01,1.4609575,24.413536,1.3328878,-42.128975,-7.934576,29.437443,-22.190626,11.314285,-16.833046,-5.474124,6.265113,-3.817263,3.6345577,5.4108405,3.523687,-3.911624,6.06045,-5.258705,3.8670928,2.7426555,5.260115,-6.444663,-7.9166665,28.419073,4.139058,10.992406,14.916182,5.995822,29.361893,-5.981222,6.0065207
TCGA-QQ-A8VG-01,-0.06901451,12.064219,-14.02606,-34.60441,-3.885519,25.203516,7.648399,9.758132,8.885691,-3.0375526,3.180786,-1.980082,2.4562688,2.299021,2.0557277,-2.7464979,3.978433,-3.4880657,1.7073418,1.2213833,2.2699907,-13.01729,17.336102,-8.564057,-10.537743,9.79843,4.107286,2.5153248,11.907019,-3.9826398,6.408607
TCGA-WK-A8XS-01,5.7356873,18.90604,-2.1305647,-25.758165,-13.3607645,14.7123575,11.583027,-17.037298,5.5558267,-2.328475,2.8600454,-1.1370616,2.2866094,2.450939,2.4842227,-3.081244,3.3099263,-3.0253122,2.1704674,2.5884283,4.2650027,-3.0103505,0.7628,-0.045792416,0.46683243,9.356028,6.622755,-1.7121656,16.055536,6.2876725,12.132119
TCGA-DX-A6YT-01,9.814496,10.510883,-5.3761625,-28.805592,-14.658163,19.374254,-1.6121466,-1.1328931,-11.458999,-2.5324597,3.91574,-1.8464063,2.6679316,2.502545,1.3587523,-1.7313968,3.5486255,-3.496328,1.7114094,2.110298,1.4566875,-6.2534413,5.0372624,5.8803544,-8.7336,8.809339,17.175877,-0.11141943,6.751539,4.5321493,10.341203
TCGA-DX-A3LT-01,4.70693,11.969165,-0.21021609,-30.02432,-10.615308,20.105333,-1.5225029,-3.079524,-5.197436,-2.5455213,3.4083083,-2.110215,2.3113785,1.9159207,0.9574018,-1.6829451,3.3807056,-3.1722314,1.8057288,2.5330212,1.4122512,-19.104296,2.9796164,11.653349,-10.522608,15.890975,16.183632,3.2576878,9.188295,-8.406704,3.9987736
TCGA-DX-A48R-01,8.655585,16.313581,2.7201087,-18.147127,-14.555606,6.482062,22.118652,-22.442717,3.585,-1.484204,1.6701422,-0.44700643,1.7189004,1.5573275,1.9244516,-2.3402636,2.0704644,-2.2957141,1.2613254,1.6394196,3.0241148,-8.631156,0.90017813,-2.8534365,-13.199443,13.392519,2.0298014,-7.1034117,11.300725,13.228925,17.286022
TCGA-DX-AB35-01,0.91435295,15.2602005,-14.568899,-26.199348,-9.814843,26.467936,-11.943307,-4.7031145,-7.085827,-4.455126,5.8460956,-3.2775834,3.4331932,4.590225,2.1031384,-2.4167705,5.1901007,-4.768734,4.1665816,2.6797898,3.933142,-8.713299,10.631681,3.6182463,-11.123999,10.394712,-2.7891524,-3.035116,1.5389916,12.001839,7.6916046
TCGA-DX-A48J-01,20.780043,15.972393,-0.76071554,-21.737572,-12.990008,12.84071,21.417679,-15.052551,23.240995,-0.9142859,0.58643156,-0.17061825,0.7200028,0.9286131,0.9492168,-1.1985844,0.8938548,-1.2352293,0.35759062,0.040349685,1.3980445,-2.3064058,19.042974,-14.810704,-10.462706,2.9000812,-12.000841,-21.502178,6.183889,27.262314,13.036949
TCGA-DX-AB37-01,5.941964,9.102113,-12.324881,-24.434395,-15.016185,17.398237,10.707672,-7.573823,18.585129,-2.8980615,2.899231,-1.8870566,2.1234283,2.283229,2.056494,-2.829638,3.5506277,-3.1569986,1.4256474,1.4179512,2.34197,-11.462565,6.8356104,-6.1475086,-4.3693943,6.6012397,16.032986,-10.066586,8.356839,-1.0911926,5.832199
TCGA-DX-A8BX-01,2.2399383,12.587331,-11.041369,-27.09798,-12.743583,20.0681,-1.1095345,-10.055708,-9.707867,-4.5682325,6.196294,-3.8915625,3.4204946,4.2346115,1.4754417,-2.0330079,4.857235,-4.2470136,4.6777678,5.728275,3.7732573,-12.097503,9.867346,19.307785,-12.387912,13.9272995,6.509739,13.817853,11.003697,-4.5531163,3.926152
TCGA-K1-A6RT-01,18.463114,13.018113,-7.672087,-30.188757,-7.17389,17.169659,13.671402,2.5510159,29.530107,-3.5355356,3.5500536,-1.8896883,2.3876896,3.3041992,3.124787,-3.8043156,3.9100275,-3.5106819,1.3061881,1.7597784,3.524162,-10.62927,17.036417,-14.721114,-12.928823,9.760536,2.7883415,-6.6188273,7.4397097,0.035843037,10.874704
TCGA-Z4-A9VC-01,11.039049,14.170611,-11.827806,-29.502598,-13.572906,22.553131,-6.432316,2.5419555,-7.0554924,-3.8270662,4.1049995,-2.4381063,2.679212,3.7950518,2.6702724,-3.0808086,4.4498806,-4.2264695,2.1902282,0.62131536,3.1569657,-10.6090145,6.596636,8.703321,-8.7046385,11.96562,-3.4105563,3.2575471,17.5294,-2.9830594,0.7836259
TCGA-HS-A5NA-01,12.26323,15.005103,-21.082327,-23.615934,-16.503382,12.557982,13.074143,-12.176231,10.429271,-2.0899627,1.9974452,-0.971001,1.943803,2.0758615,2.0364144,-2.589771,2.6965249,-2.8343554,1.5015253,0.8276177,3.2317033,2.9202166,1.7751311,-18.378904,-1.6209989,-2.635242,8.261451,1.6258222,18.953833,13.22069,17.31013
TCGA-FX-A3RE-01,2.7088718,19.12798,-10.500078,-25.288546,-12.353248,19.542742,3.970074,-13.071199,1.3265549,-4.0501356,3.6898763,-2.4161167,2.4353065,4.1849036,3.168947,-3.7312353,4.294357,-4.2080083,1.9710081,0.33975,3.932439,-2.7313433,-6.674399,5.7020082,2.2535877,5.127947,16.464285,4.1270313,17.477724,-0.22693573,11.589054
