,18,20,21,22,0,7,10,19,20,0,1,7,8,9,13,17,20
TCGA-D7-6526-01,15.3735485,-7.0001903,0.26931962,8.083875,-0.83465946,-0.37146613,2.2865136,-0.20391223,0.7651027,12.469437,7.4906845,2.665428,-26.716599,0.03282974,6.7541738,6.2227817,-2.1748028
TCGA-R5-A7ZI-01,16.830765,-11.2183075,-15.902214,4.342906,1.121036,0.14364429,0.18516071,-1.6590812,0.84709775,3.686314,9.678844,4.2391534,-14.719604,-1.0089092,-1.4096525,4.2968736,-5.344349
TCGA-HU-A4GN-01,10.294769,-9.544428,-8.9017105,16.419361,0.27482483,-0.6625042,0.061984453,-1.363536,0.41259298,-4.1562233,5.3355603,6.701288,3.7642803,-14.1847515,-5.97316,-16.486217,-5.898774
TCGA-MX-A666-01,14.876174,-1.3933009,-15.810459,-7.709364,-0.31193012,0.26238504,2.1153836,0.004111536,0.4926572,13.030259,6.5627465,1.125198,-23.183187,5.03545,14.111535,8.399334,-1.1382422
TCGA-CD-5803-01,21.309347,-7.114896,-5.315426,-28.1829,-1.0879976,-0.37408304,1.699089,-0.21217829,0.43232322,5.4159293,11.5408745,4.170749,-11.34982,1.2662984,-3.1058466,5.7301407,-5.328494
TCGA-BR-8059-01,17.087717,-1.5630322,-2.617475,-17.55439,-0.7298089,0.082331106,0.8224449,-0.37977305,0.026297279,7.284043,7.291359,2.9502478,-12.294195,-1.6583353,5.919507,3.6587985,-3.804204
TCGA-IN-7806-01,13.0532255,1.6606127,-6.635257,4.1132545,0.85051113,-0.18596348,0.54227775,-0.10754087,0.9460235,9.7796545,8.715548,1.906185,-13.705852,-2.1863532,7.21982,9.14733,-3.934501
TCGA-FP-8631-01,16.826761,0.55891323,-7.0180874,0.9809782,0.30829915,0.06173869,-0.29776654,-0.8208958,0.14935793,15.147778,6.5264053,0.119553275,-26.897932,4.519192,14.978852,9.5968275,-2.107099
TCGA-BR-8690-01,16.074705,3.3155644,-1.271046,-11.844776,0.23885047,0.5704114,1.2168354,0.06928107,0.2420106,6.1379294,11.357608,4.8649697,-13.233723,-4.3994975,-4.719338,6.334769,-5.861762
TCGA-BR-7958-01,19.0707,1.6433036,-12.513531,-5.5125494,0.14992142,-0.75005656,0.5000697,-0.9250661,0.69330955,-1.917692,13.945136,4.322116,-1.1930815,-2.220263,-6.8412952,-5.069586,-5.1466856
TCGA-D7-6820-01,18.568005,-15.089753,-15.304606,11.577001,1.4874182,-0.2181239,-0.72590315,-1.1622034,0.6814016,12.743232,7.038771,1.6931716,-24.359613,3.1365006,13.230509,12.290729,-2.9371543
TCGA-BR-A4IU-01,20.316374,-1.660929,-8.771895,-37.472176,-0.7084139,0.121861696,1.4151185,-0.07167511,0.40067518,-1.8905717,3.791051,4.5098915,-0.7365724,-15.283323,-4.3816066,-11.920293,-6.7264266
TCGA-RD-A8N9-01,21.575207,1.2318547,0.58317006,-23.74861,-0.06496863,-0.15457784,1.1210563,-0.3043812,0.6007191,7.374354,6.425573,3.7570965,-11.853439,-4.243135,0.30352986,5.5451508,-5.639578
TCGA-BR-8484-01,19.417936,-7.696235,-5.5187464,-7.312567,0.3807181,-0.57386744,0.61616004,-0.8471764,0.75269365,5.574174,8.725438,1.5722388,-16.253136,3.503213,5.900604,6.2689176,-1.4678283
TCGA-IN-AB1V-01,14.626097,9.176714,-4.2628455,7.105155,-0.70060724,0.33112672,1.2740273,-0.59789556,0.11033936,10.904157,4.5893884,1.8907224,-20.104183,5.09109,12.602206,6.2499194,-1.3658162
TCGA-3M-AB46-01,13.470364,7.556603,3.006708,3.6856492,0.84670097,-0.094672814,0.8129956,-0.71781546,0.8747348,11.00596,3.0376573,3.4618814,-16.523287,-3.1612,10.589019,6.8056297,-2.9193938
TCGA-BR-6452-01,16.482635,-8.711689,-9.332038,3.9541857,-0.39649212,-1.2887924,0.5301858,-1.4250505,0.699829,-3.6160524,18.538864,3.3783593,5.9177427,-8.065986,-18.244633,0.2681146,-8.418553
TCGA-VQ-A8PX-01,16.008133,-8.910271,-11.02372,18.801262,2.1525316,-1.0487912,-0.6820984,-1.2865896,1.3479881,7.0646925,4.6856585,0.8435372,-18.810263,5.2946043,10.116104,7.5120635,-1.0175221
TCGA-BR-A4CR-01,13.921463,3.340124,3.8362012,-16.533262,0.31521466,1.0762588,-0.27805018,-1.4793586,0.08154099,8.029709,6.3769326,1.8180274,-18.082918,-2.0487592,3.5978746,10.93468,-3.812442
TCGA-D7-5578-01,17.569304,6.197023,-5.031866,0.10146062,-0.13459651,-0.54023224,1.3672552,-0.6046812,0.72128105,3.2076597,13.198763,4.809915,-4.750109,-5.8289385,-3.1918771,2.1588135,-5.635746
TCGA-FP-8211-01,15.357367,-11.570833,-8.201384,6.161558,0.113545954,-0.8916178,0.40594676,-1.2725397,0.6746776,4.2047663,4.1160846,2.7578912,-14.695518,1.0085807,8.874654,5.4542274,-1.6557888
TCGA-VQ-A8PK-01,18.168093,-7.3584332,-4.214481,3.3884776,0.26547676,0.77101713,-0.4154921,-1.3277522,0.091100454,12.273634,1.2264204,0.63888854,-25.444347,1.6863179,17.77324,3.9772563,0.70502245
TCGA-D7-6524-01,20.157022,5.21818,-2.1357932,-8.489995,-0.6293752,-0.57138026,1.3087069,-0.5727087,0.38804013,7.1126227,13.922691,3.3400927,-4.805482,3.3616893,-2.2850199,5.04736,-5.2782345
TCGA-BR-8680-01,8.872115,0.40639353,-3.7739773,5.2485924,0.22991385,0.45321175,0.3091825,-0.60025424,0.054103553,-0.62698025,13.631189,2.8597205,-5.7361507,-7.727172,-2.8105042,12.113639,-4.660927
TCGA-BR-A4QI-01,12.679874,-3.285018,-1.4596142,-1.1317223,0.26828337,-0.18517588,1.2433547,-0.20817725,0.94609565,-9.702642,8.780952,4.8066783,7.4629793,-17.621284,-15.445277,-16.21815,-8.485294
TCGA-B7-A5TK-01,18.7348,6.1890283,-8.71936,-12.401866,-0.212722,-0.3650918,0.44219422,-0.75238734,0.3440118,1.9733917,13.373745,2.4648254,-7.3143854,1.6044962,-1.4413574,-0.5262091,-3.7983673
TCGA-VQ-A91Z-01,11.591121,-12.545431,-12.524709,1.2690402,0.3034122,0.59073675,-0.1959824,-0.5968108,0.18103412,7.6099224,4.910764,7.2010202,-7.631526,-18.231636,-5.5265837,2.6179285,-8.357529
TCGA-BR-8592-01,18.520308,6.9321423,-4.2086277,-38.502502,-0.2151845,-0.07338632,1.3997482,0.1423155,0.78734314,2.843411,16.67531,2.931732,-4.886916,-2.3480225,-10.753673,6.084947,-6.7299113
TCGA-VQ-A8P8-01,16.812572,3.572799,-7.49183,0.47018734,0.67126155,-0.42192614,1.1604507,-0.30892384,1.0395645,0.3681806,15.540701,3.7148457,0.9468025,-5.530964,-10.951107,0.71841455,-6.648666
TCGA-VQ-A91W-01,15.530858,6.6082177,-19.997108,6.2308064,0.81981486,-0.49117795,0.047353808,-1.3401084,0.77974737,-1.1308173,12.198338,5.227544,-3.3906255,-3.4759555,-4.566115,-8.194487,-5.4880733
TCGA-HU-A4H5-01,14.692523,-11.123051,-8.049938,0.60962504,1.4129825,0.92861265,-0.778426,-0.9108924,0.45368883,9.419982,-6.1804686,3.00464,-21.146637,-7.439194,20.351965,-4.1953893,-0.7471993
TCGA-BR-8683-01,15.936081,-0.626961,3.04875,-12.013416,0.2124276,-0.2236417,1.0253456,-0.20891058,0.78612506,5.402541,10.898931,1.5467243,-11.389211,-3.766528,2.4889581,12.588115,-3.356382
TCGA-IN-AB1X-01,18.455732,-2.206754,-10.011993,10.105028,-0.28254774,-0.4830308,0.47058105,-1.1346103,0.34687537,1.9937009,14.661292,5.796903,0.567556,-5.6991262,-12.162653,-2.7418418,-6.7997007
TCGA-BR-8060-01,21.742384,3.058486,-3.6688724,-33.889,-0.8986503,2.7234523,0.9727736,0.09670466,-0.51357013,9.967935,5.2115374,4.292327,-24.573877,-1.8647654,7.802695,-0.32168254,-1.9389955
TCGA-CD-8528-01,11.327367,-9.869598,-4.597556,4.2325783,0.56523323,-0.43661487,0.2252621,-0.9823779,0.57986087,-3.0487778,16.018703,5.859273,9.50945,-14.13882,-19.51491,-3.3791847,-10.609009
TCGA-CD-8527-01,18.216993,-8.920226,-7.403078,-2.7464912,-0.12165646,0.3516357,0.21178421,-0.35895443,0.2301706,1.131262,8.000728,6.5613813,-10.110357,-22.987259,-6.5565186,2.69223,-7.765321
TCGA-VQ-A927-01,15.729695,5.6068826,-4.41391,10.353026,1.1448106,-0.87035334,0.65706325,-0.8727237,1.2536336,6.763179,8.042959,1.700195,-12.637622,3.547449,5.816383,6.035726,-2.1077828
TCGA-BR-A4IY-01,18.162592,7.569552,-12.707631,-18.182812,-1.2411364,1.4645071,0.3526448,-1.7218804,-0.80090326,-2.7416697,6.8768883,6.7442927,0.5996946,-10.391135,-3.7469127,-15.237372,-4.5937176
TCGA-CG-5734-01,18.795046,-1.0544237,-7.6047916,12.027214,0.13381192,-0.95466805,1.6031526,-0.6965487,1.2533753,4.4124155,9.473695,2.607675,-7.601827,-0.052686,1.1504004,6.304541,-3.6431098
TCGA-CG-5724-01,14.966919,-4.737046,-9.927368,-2.8135135,-1.0598825,-0.16408281,0.3250194,-1.5739223,-0.35331804,6.923973,13.509425,4.3469915,0.1935238,-5.8868303,-6.599855,2.2720041,-6.8606377
TCGA-BR-7703-01,11.480249,0.21282671,-6.2087116,15.40238,1.2998871,-0.5966082,0.2880663,-0.7194219,1.110206,1.8134593,15.716732,3.8419409,2.7176347,-5.109324,-9.922239,-1.3480786,-7.1659493
TCGA-BR-6707-01,14.435398,7.7297797,-12.164823,-1.6115092,-0.82554156,-1.4168211,0.9590963,-1.3026099,0.68574417,0.021015607,16.61915,3.9637566,-3.0756726,0.24176618,-6.1173477,-0.25649628,-5.5039606
TCGA-VQ-AA6D-01,16.150688,-7.467712,-5.487861,12.095803,0.98928326,0.53572476,-0.48735058,-0.8419798,0.5817197,7.454827,2.1207392,5.6839666,-24.853256,-9.2949,6.1184993,-3.9463086,-1.1822631
TCGA-D7-6527-01,17.531343,-8.932874,-9.672613,-0.618018,-0.19812766,-0.45009276,1.0353975,-0.47707644,0.5698954,12.139203,4.87343,0.9873562,-26.355589,4.0076046,15.6859665,8.364636,-1.0862617
TCGA-RD-A8N2-01,16.875082,-0.41594267,-8.493192,-54.08201,-0.7384166,0.99669427,0.6842376,0.22760195,-0.12432259,11.243403,10.556026,1.5369629,-24.582445,7.0085325,4.9881234,7.876486,-2.942232
TCGA-HU-8608-01,16.975605,-5.2638755,-18.539112,-0.0666817,1.6956705,-1.1173579,-0.69505376,-1.4502628,1.2271918,0.05536779,17.012554,4.3366065,-2.1069088,-0.9890851,-6.800582,-0.46637663,-5.5072165
TCGA-HU-8238-01,16.683884,-0.7791287,-4.377392,13.303408,1.6116891,-0.4125873,0.25094545,-0.6082716,1.079707,0.52815396,6.7817054,4.3654566,-1.0148617,-14.311108,-3.014365,0.6236926,-6.1105614
TCGA-BR-6709-01,19.5762,-6.541426,-12.263858,-30.237064,-1.930182,1.1243457,0.4860812,-1.7815735,-1.1569673,3.425016,13.51114,5.316039,-12.40947,-0.4672306,-4.566324,6.4787107,-5.227152
TCGA-BR-8381-01,16.527134,2.7310152,-9.96455,-10.238869,-0.3463983,0.21510708,0.66102207,-0.75062406,0.079900526,0.5329543,17.393381,3.2663844,-3.0667267,0.30167434,-7.2344995,0.33055332,-5.112212
TCGA-IN-8663-01,14.583491,1.4983971,-10.864101,-4.269721,-0.47121516,0.67792994,-0.8422545,-1.7881284,-0.5692458,0.3726581,15.758365,6.1384587,6.6791635,-8.785914,-13.861186,-2.9711816,-8.770581
TCGA-IN-A7NT-01,15.093406,4.908898,-10.874934,-12.328792,-0.46056125,2.0470486,-0.9693161,-1.5727522,-0.88000125,7.4152045,12.246829,5.379039,-7.3729815,-10.241306,-6.4579864,2.7043765,-7.347242
TCGA-BR-6457-01,21.379744,2.0529993,-4.8930774,-34.03359,-1.0179803,-0.12582703,1.7644109,0.06875731,0.4351425,8.171193,13.326936,2.0466628,-7.1922054,1.9807377,0.8163738,7.4839215,-4.3248224
TCGA-BR-8297-01,19.772589,-0.09977425,-4.4873686,-37.36535,-0.35329378,0.17890331,0.88772917,0.1646695,0.36978006,7.60623,9.391986,3.9430642,-6.03514,-3.696581,-0.29657292,2.2066162,-5.7541747
TCGA-CD-A4MJ-01,14.02397,0.47970092,-8.93448,10.052761,0.24879304,-0.4549355,-0.4123219,-1.5170771,0.19559923,-7.4064612,9.57176,6.0081806,4.5656986,-10.646647,-8.773101,-15.240047,-6.464245
TCGA-CG-5721-01,18.047886,-16.191189,-13.62729,-8.729515,-1.3087627,-0.53047246,1.3767198,-0.9716064,0.12658507,3.1115503,11.844395,1.663472,-6.647258,-0.58277655,-1.8029323,5.281785,-4.0640554
TCGA-HU-A4H8-01,13.213779,-6.3910527,-12.7399235,19.733267,0.61209553,-1.048011,-0.116094865,-1.0828735,0.8184377,-7.8613453,7.7395487,6.360609,8.705748,-16.350391,-11.292903,-20.055456,-7.1915884
TCGA-D7-8576-01,18.628645,-7.311374,-4.3270016,4.005327,0.86636484,-0.69849133,0.2711316,-0.81210786,1.0009007,0.6778918,5.565885,5.303458,-8.732966,-5.0926523,-3.163945,3.788072,-6.9235296
TCGA-FP-7829-01,16.280485,0.81012833,0.42909393,5.6915684,1.6207933,-0.3668407,-0.49333638,-0.84051365,0.8395211,0.37644014,13.496378,6.1538925,4.760785,-10.911525,-12.313266,-6.935112,-7.650941
TCGA-CD-A487-01,17.363554,3.6464522,-6.8869457,-13.130841,-1.058986,0.063555285,0.84483683,-0.67819715,-0.114075854,11.920066,10.068498,3.4559007,-13.661442,-1.969351,6.5591774,11.02016,-4.319356
TCGA-IN-A7NU-01,16.44618,-0.87869287,-7.916971,-1.282875,-0.1437834,-0.01676187,0.36503074,-1.1527793,0.1178069,6.2694407,9.876867,4.662309,-1.5707041,-3.523025,-3.7023838,-1.0920141,-5.9991436
TCGA-HU-A4G8-01,14.034683,-11.909835,-10.638939,7.1657467,0.6254518,-0.86226034,0.5483549,-1.034813,0.9138232,-4.2775054,8.251624,6.561268,0.9056405,-20.877237,-10.288978,-10.868453,-6.7400723
TCGA-BR-8384-01,20.87547,-2.3921504,-8.892806,-48.15603,-0.21887322,0.20579113,0.9357305,0.15676074,0.42619783,9.1596365,13.283543,1.6315252,-9.981823,3.0128124,2.0634203,7.9277754,-4.2523174
TCGA-F1-6874-01,17.56444,-2.870141,-4.5555534,10.391438,1.282763,-1.3886795,-0.5188552,-1.5988581,1.1456898,3.569391,11.809275,4.286605,-6.368575,-0.2009671,-0.3506415,3.7289608,-4.657735
TCGA-FP-8099-01,17.1201,-5.22444,-2.7359445,1.9354097,0.80295616,-0.060116924,0.23082064,-0.61411,0.5232718,7.8107653,9.453649,4.112344,-4.5611987,-10.067378,-1.8048651,2.5344257,-7.1149487
TCGA-D7-A6F2-01,16.737513,-2.5040228,1.9144533,3.0761588,0.4176836,-0.53647625,1.4216348,-0.6745671,1.3225862,8.842324,3.8571396,2.865574,-19.930946,-2.063967,11.312624,5.8011355,-1.7572339
TCGA-D7-A6EZ-01,15.604231,-0.49804783,-17.905678,1.5573503,0.39281183,-0.7098305,-0.16096726,-1.5708736,0.6422623,-2.997578,15.677282,5.6868668,0.75619304,-5.2199125,-9.216746,-8.819262,-6.326402
TCGA-D7-6518-01,19.788305,10.084674,4.345033,-33.52154,-0.77552253,0.29046747,1.4360356,0.0737666,0.24228723,7.8197703,12.01746,2.4339929,-9.891184,2.7280324,1.5469172,8.602924,-4.0147696
TCGA-VQ-A8P5-01,17.502905,-0.35930955,0.3915033,1.3354379,0.06252636,0.114598304,-0.07575119,-1.3343022,0.13730365,7.1846294,10.392054,4.671721,-5.2824955,-3.9903474,-1.7027261,2.27003,-4.5569744
TCGA-BR-8591-01,17.191664,-6.30112,-10.646614,4.546221,0.18493247,-0.5031091,0.85741514,-0.47649485,0.76234746,-2.3788197,16.504648,5.671533,4.5340047,-6.1892433,-12.386237,-4.2497773,-7.3014383
TCGA-VQ-AA68-01,13.304149,-11.61153,-7.8330274,10.421732,0.7062565,-0.89864105,0.18130031,-1.0610468,0.8625999,2.8423312,13.426059,5.847142,3.6939282,-11.471955,-13.335645,-2.1540606,-9.171139
TCGA-SW-A7EB-01,17.173922,5.225746,-8.758329,-4.8273544,-0.42336804,-0.13454884,1.7613573,-0.29347217,0.5164399,11.680411,5.755798,0.40621865,-22.566376,5.607722,12.810659,9.687424,-1.1219661
TCGA-D7-8570-01,18.523943,0.91380215,-12.809671,-8.725975,0.15812777,-0.6928402,0.38386437,-1.1900227,0.59129685,-0.39477637,14.228725,3.8460326,-3.69838,-0.58201003,-4.6159363,-2.5315044,-4.6803503
TCGA-VQ-A91E-01,14.210042,-9.552263,-17.400106,18.59048,1.3107883,-1.1630268,-0.10032104,-1.2946686,1.205437,-0.875856,14.833896,5.3143644,1.6760215,-7.7182198,-13.353537,-3.7831836,-6.722774
TCGA-FP-A8CX-01,15.766454,0.38038552,-7.832402,16.852259,1.4600567,-0.7187807,0.51870096,-0.7372963,1.4288543,7.711629,10.249508,2.2482748,-12.315271,0.41244695,4.3961697,5.6245804,-3.7354906
TCGA-D7-A4YX-01,14.739922,2.9099894,-17.402014,11.92584,0.42730534,-0.8585965,-0.47477362,-1.8297902,0.53260374,-8.44473,6.8259997,6.2281485,1.173365,-11.848153,-7.903459,-20.07481,-4.5906672
TCGA-BR-A4PF-01,15.217224,-6.944076,-1.3762368,7.748273,0.7474661,-0.5096504,1.0557157,-0.8447695,1.1824163,-3.4422584,4.9918017,6.0159507,-2.5861053,-12.548949,-2.9381483,-9.036611,-4.142114
TCGA-BR-7707-01,14.406473,-8.948947,-7.192933,8.627188,0.84544957,-0.1984814,-0.014980086,-1.0192734,0.5480866,-2.5516899,17.275684,4.6528416,6.603264,-8.134766,-18.170967,-1.205306,-8.404438
TCGA-VQ-A8E3-01,12.637379,-8.819293,-9.673328,8.82168,0.9423857,-0.67551523,-0.5048027,-1.4874758,0.62408346,1.6708347,14.494992,3.4691133,0.11531201,-4.944772,-8.241121,0.99087024,-6.3463087
TCGA-F1-6177-01,12.609335,-2.7499294,-9.189805,21.51788,1.9917701,-1.193314,-0.80921143,-1.7027392,1.1478748,-5.5208573,16.977945,4.4811687,6.769744,-9.007379,-15.591439,-4.490168,-8.086254
TCGA-VQ-A91V-01,14.257252,-8.140833,-4.449812,19.744938,0.70253813,-0.90267396,0.16306023,-0.9020284,0.8014627,2.4388144,6.213924,4.7026043,1.0746826,-11.231994,-6.0874205,-0.5668606,-6.438802
TCGA-BR-A44T-01,16.408812,-4.795788,-17.692083,-41.298462,-0.5880638,0.09080766,1.6988077,-0.05143985,0.48718265,5.412786,12.669523,2.3462307,-16.500113,4.163699,-2.7998183,7.8943887,-4.230195
TCGA-D7-6818-01,25.024817,7.0473223,0.35970506,-21.357834,-1.3097327,1.4473327,1.7945559,0.038803138,-0.34382382,13.137328,8.976895,2.7011342,-19.345036,5.1151013,9.572212,10.777217,-2.616678
TCGA-CD-8526-01,19.264585,-3.2614944,-6.3289113,-21.059872,-0.7281719,0.99340385,1.1385956,-0.4172126,-0.120898336,6.9780736,4.0154853,3.2892628,-22.494156,-1.0815628,6.2989173,-1.3484704,-0.98606426
TCGA-D7-6525-01,18.580462,-4.444053,-6.7036476,-6.9638867,-1.2480752,-0.31384876,0.5030677,-1.0602556,-0.21917783,7.5216713,15.061799,5.034194,-1.4565617,-2.8970034,-6.3544674,1.7593685,-7.3140354
TCGA-CD-8534-01,18.317995,-3.460164,-1.2472183,-7.7254176,0.16833484,-0.41402626,0.7377374,-0.44916916,0.7250789,4.3091884,7.7427945,2.5411596,-7.1100473,-5.783441,3.1679285,8.543902,-4.2288747
TCGA-D7-6519-01,14.937137,-8.385462,1.3247417,-6.2001734,-0.97456205,-0.500869,0.41655856,-1.1855404,0.01067556,3.937522,5.09652,4.11561,-15.464755,-3.0419154,1.4392066,6.8460903,-5.3233595
TCGA-MX-A5UG-01,18.359772,4.756006,-5.1341305,-22.212223,0.30667618,-0.022606004,1.2902001,-0.13802524,0.83268696,6.779556,10.794888,2.0292099,-8.377587,0.95256233,2.8658621,4.8088536,-3.7224774
TCGA-RD-A8N4-01,19.686779,-3.450487,-10.929171,-54.266594,-0.73435634,1.350984,0.8109289,0.15328188,-0.2242565,10.7782345,12.416657,3.0069122,-18.899815,4.7127047,0.5406282,7.0436873,-4.4292293
TCGA-VQ-A8E0-01,17.97915,-15.45043,-13.511587,10.157394,2.0850139,0.30042166,-1.0888937,-1.0024987,0.88007927,7.4404573,2.3280575,1.8893433,-19.323889,1.0308468,13.375032,7.431997,-1.9543414
TCGA-VQ-AA6J-01,18.650553,-9.1013775,-10.610895,-1.0709647,0.15120411,-0.7152024,1.0431995,-0.7788982,0.89905965,7.715539,5.8431897,3.795712,-10.482596,-2.1613517,5.9532266,4.7428737,-3.5960448
TCGA-D7-A4YU-01,16.777246,-9.231023,-8.477177,-13.811758,-0.5336083,-0.17143278,1.1367598,-0.3123461,0.53285736,-2.3086336,6.651893,6.2802606,1.6563114,-12.100361,-4.271038,-12.766913,-5.9756346
TCGA-CG-5725-01,14.921003,-6.968176,-7.834299,-21.085022,-2.2836597,2.7309992,0.68771845,-1.475896,-1.2486342,17.600414,6.369637,1.3120756,-27.996132,2.0533144,15.694674,13.450978,-2.144944
TCGA-FP-8209-01,19.081232,-6.0648503,-13.696615,-53.34162,-0.5514918,0.8027893,1.0601149,0.19016732,0.09450199,9.636308,4.398735,2.053168,-20.72953,7.177414,12.352017,3.9607658,-0.9644301
TCGA-BR-6801-01,17.323458,1.8393226,-7.6782575,-7.1142244,-1.040932,-0.28351846,1.4789095,-0.28959075,0.11444686,7.559178,12.241825,2.7537448,-16.563578,2.1447039,5.59066,9.850534,-2.8489478
TCGA-BR-A4J2-01,19.005089,-0.13191225,-11.1489935,-33.249107,-0.2764273,0.25309408,1.5119079,-0.09637767,0.4905072,4.8175945,3.1472442,3.6202016,-7.4415913,-8.902928,6.461901,-5.6271605,-2.9459002
TCGA-VQ-A91D-01,12.220966,-5.432423,-12.330441,7.049406,0.9315222,-0.29186788,-0.84018034,-1.60822,0.3999144,-2.2867217,13.966763,5.915414,3.7588403,-7.4307213,-10.080157,-7.73751,-7.0216627
TCGA-BR-7196-01,20.474962,7.6794868,-10.655588,-25.707325,0.14278561,0.0849888,0.7280317,-0.3031064,0.50269324,3.8927357,14.862066,3.092538,-7.386495,2.7576764,-1.7609856,1.8271716,-4.2164516
TCGA-B7-A5TN-01,18.181414,-0.4796641,-1.4600686,-6.9526405,-0.20949073,-0.3115725,0.6114374,-0.7106815,0.28171712,5.0748863,1.1971645,0.72460675,-20.595695,-3.2784855,12.170868,5.729916,-1.8150101
TCGA-FP-7735-01,20.770723,1.8185675,-8.368174,-2.3200939,0.8984827,0.18050522,0.9939382,-0.10401379,1.0327406,7.741141,6.0249314,2.1321557,-15.484186,2.2497983,8.900831,9.927801,-2.5997279
TCGA-KB-A93J-01,18.607004,-12.613633,-9.893333,7.5808716,1.8069454,-0.06532506,-1.1154834,-1.1290506,0.8229146,5.515582,3.3880427,4.6568966,-17.71412,1.6320963,10.966088,4.089467,-2.0364032
TCGA-CD-A48C-01,16.86702,-3.31409,-2.086825,-7.8723974,0.023869798,-0.48790887,0.2127949,-0.98152244,0.32900456,0.7894686,17.535402,6.838859,6.870964,-16.171265,-18.098904,-1.4612302,-10.567119
TCGA-IN-A7NR-01,16.820307,8.519768,-5.5128,1.1091634,-0.75723135,0.38169166,1.0917532,-0.69268924,0.0005078856,5.850318,9.921172,3.8972282,-10.754429,-1.248707,-4.4673495,4.4168315,-6.0862675
TCGA-IN-8462-01,16.866705,11.83585,-2.1660576,-2.3966434,0.20413868,-0.74135274,0.3522801,-0.82713336,0.65546143,4.8948746,10.436166,4.5925393,-0.1964818,-5.741543,-4.8240623,-0.11722939,-7.4339447
TCGA-VQ-AA6A-01,15.708931,-6.663815,-7.591797,8.808076,0.3091366,-0.096993804,-0.3795405,-0.8694343,0.17545298,12.193466,6.869701,4.168776,-19.802979,-4.9747896,11.102914,2.2321599,-3.7675483
TCGA-D7-5577-01,18.204678,4.1527314,-12.621052,7.99131,-0.30224326,-1.4270462,0.3291656,-1.504231,0.64293957,-4.285554,18.868292,5.3012724,3.4961295,-5.220122,-17.862095,-4.491367,-7.9240227
TCGA-IN-A6RR-01,15.085173,-1.9499011,-4.7365274,10.443899,1.2300954,-0.971822,-0.13358966,-0.9514273,1.1488416,-1.339537,4.8504586,5.64925,2.4000285,-13.880916,-5.994211,-12.436788,-6.906451
TCGA-F1-A448-01,17.595427,7.1322856,-3.4487653,0.25574318,0.43690506,0.049816843,0.40579003,-1.106791,0.48651192,1.8995844,15.355894,3.0030277,-2.1988358,-2.6750693,-5.245774,4.1147223,-5.4409094
TCGA-RD-A8N6-01,18.109077,-1.8864594,-5.1091022,-22.620396,-0.17959227,0.6452316,1.2187933,0.6874274,0.4959756,11.397046,6.84308,2.4641786,-22.880938,-3.4225156,4.4399867,8.651641,-2.5982354
TCGA-CD-A4MG-01,13.261486,6.966183,-0.951332,-1.3005284,0.16136718,-0.5187764,0.7493831,-0.90653116,0.6149933,-7.8888617,6.450033,5.7291555,5.18901,-17.887016,-7.6513004,-17.254826,-5.9473305
TCGA-HU-A4G2-01,15.563351,13.155903,-6.4779687,7.3509407,1.4887599,-1.2294657,-0.5999133,-1.5650185,1.2103318,-6.849426,10.188562,5.848277,2.7890596,-11.566272,-8.124862,-15.9691105,-6.1275177
TCGA-BR-8589-01,16.582853,1.1593652,-18.206749,10.01107,0.49881473,-0.6550469,0.5728698,-1.002064,0.86088705,-2.5322392,17.721518,3.8419166,-0.7897879,-2.4185147,-9.426354,-2.725492,-6.0638695
TCGA-BR-A4QL-01,7.6272106,-1.8831456,-4.6183615,13.6957,0.64354146,-0.7048783,0.6013442,-1.0604516,0.7868159,-13.823035,8.921618,6.2708073,13.285621,-22.977837,-21.544239,-19.091927,-8.289203
TCGA-CD-8530-01,20.325161,2.8335779,-5.0832214,-27.88369,-0.85104936,0.9024655,1.2176868,-0.15658075,-0.24380164,8.683494,5.9963846,3.9163446,-15.037769,-2.2200482,8.837693,3.0195377,-3.2973917
TCGA-VQ-A8PH-01,14.593649,1.1840125,-10.667398,-0.404847,1.3718617,1.5409493,-0.11116532,-0.23383431,0.16246453,12.074166,6.297044,1.9951583,-21.978687,0.20750019,13.91069,7.644596,-1.9960976
TCGA-BR-8369-01,16.19818,-3.08696,-4.5549655,-17.375267,-0.44615525,0.11850694,1.3366239,0.007079065,0.353999,0.44373557,12.491616,4.2207932,2.2803814,-11.426906,-13.160998,-1.4792209,-8.400967
TCGA-BR-6453-01,15.663641,5.7273684,-9.551403,-13.830244,0.4634523,-0.2328027,2.0440114,-0.32541466,1.3436625,4.054749,14.359547,1.8345816,-7.0040073,1.8086917,-0.8750365,6.0763803,-4.4165154
TCGA-D7-A4YT-01,14.955473,-4.540622,0.7788969,-5.753188,0.56331956,0.24773884,-0.21145763,-0.9644576,0.25458884,4.5969186,-7.3170843,1.2458133,-20.305351,-7.8333144,19.837309,-6.2946095,1.2069849
TCGA-D7-8575-01,19.201445,-17.817156,-1.1028712,-0.29322228,1.0368688,-0.95542884,-0.38344657,-0.99091077,0.8927717,1.2576114,4.3068557,3.8002152,-7.0557556,-3.4782503,2.9797916,3.4898322,-3.6722243
TCGA-BR-A4J7-01,19.194923,-2.7375624,-6.995023,-37.545525,-0.65966004,0.36724308,1.2512715,0.049895443,0.1656178,1.3534933,-1.8479849,1.0531497,-13.176807,-7.6188602,12.327192,-2.9494193,0.2611009
TCGA-VQ-A8E7-01,14.140985,8.206252,-4.8783817,9.430004,0.8308857,-0.111605585,0.909638,-0.57282734,0.7465319,0.22727308,9.446437,2.111342,-3.4583015,-7.4102554,-3.239662,2.2298746,-5.32933
TCGA-SW-A7EA-01,13.772004,-6.1131086,-8.306149,7.3092995,0.49481288,-0.73119694,-0.41813296,-1.2690979,0.4506919,-3.471174,17.961605,6.5328665,8.156074,-8.375129,-19.964178,-5.959807,-9.56593
TCGA-HU-A4H6-01,17.59114,-0.23398437,-8.733541,1.9445039,0.520542,-0.6506496,0.37198666,-1.0441154,0.72777534,-6.412344,6.497893,6.2004414,5.590444,-17.8155,-12.862109,-16.726603,-7.9396467
TCGA-HU-A4GY-01,18.569914,-4.7392745,-9.072372,-26.141495,0.18104646,0.0015521478,1.5245138,-0.4484915,0.7299976,3.90236,13.631302,2.6424391,-8.580368,-3.5962029,-5.9404483,10.142448,-5.7463903
TCGA-CD-8525-01,21.229216,-2.5277824,-10.263969,-7.755521,-0.32976723,0.71399623,1.2285887,0.16407584,0.17035456,8.3396845,7.635707,3.894245,-20.88324,-1.8471851,3.7134225,5.645723,-4.5181518
TCGA-BR-A4J1-01,12.782986,0.89950347,-8.569886,-9.097375,-0.46321657,1.1190771,1.1602261,-0.18700269,-0.11309317,13.170688,-4.524531,2.7832048,-29.716246,-7.1629963,26.253517,-5.8084455,1.5393698
TCGA-BR-6566-01,14.991095,2.84509,-1.1784405,4.9592896,-0.28299055,-0.94077486,0.8871022,-1.0722076,0.6704499,0.73564774,18.650599,4.0772734,3.030223,-5.9979315,-15.868494,1.1780665,-7.898205
TCGA-VQ-A8PP-01,12.871044,-10.633333,-8.177248,-6.6808476,-0.70966965,0.40228254,0.5912207,-1.2107593,-0.17351249,0.006308399,12.177318,4.1721535,-1.1872822,-6.9016075,-3.773794,-0.7343733,-5.188564
TCGA-BR-8296-01,18.014482,-3.2101805,-11.852289,-2.5974805,0.04518439,-0.66118073,0.97493684,-0.90495205,0.75215423,-1.6560142,13.898765,5.4340672,0.5744294,-5.546976,-12.81904,-3.681648,-6.93246
TCGA-CD-5813-01,19.834345,3.755848,2.0536177,-28.282059,-0.67504925,0.012259562,1.8460227,-0.40495762,0.38728347,7.528466,8.020107,1.7262664,-13.1652775,-0.31609514,5.4216905,12.932485,-3.1794298
TCGA-HU-A4G9-01,11.437235,-11.88541,-13.891157,27.347519,2.4379842,-1.243013,-1.4092125,-1.5261585,1.2648935,-6.347013,18.667252,7.1129436,12.498398,-13.099866,-22.709343,-6.170872,-9.986585
TCGA-HU-A4GX-01,15.607708,-6.0422077,-7.746031,9.615614,0.85987264,-1.2854828,0.3338128,-1.1450396,1.3370988,-10.276028,-0.3246277,3.9222393,-6.9831204,-21.415068,-2.237102,-10.701974,-3.5712345
TCGA-BR-8372-01,13.632924,-6.8968263,-7.7305756,6.3195963,0.1973801,-0.9214351,0.66129863,-0.84697,0.925756,-5.8036532,13.206156,5.7134056,4.0593233,-10.0204,-11.256521,-10.305247,-7.292547
TCGA-D7-8578-01,20.074003,2.8973289,3.0050814,-17.696362,-0.09293164,0.44307786,0.9383671,0.058394887,0.2814188,10.715045,8.149306,2.0772777,-18.443468,3.7486227,10.187942,8.836132,-2.543909
TCGA-MX-A5UJ-01,16.3643,2.1690204,-8.224955,-8.646395,-0.5455666,-0.20251337,1.3690516,-0.21412979,0.4710693,-3.6131954,14.450033,5.504322,5.7651844,-11.190338,-16.99323,-6.3536477,-8.107261
TCGA-VQ-A8P2-01,10.881587,-2.3760965,-7.404167,19.167412,3.366593,-0.6212576,-1.6869469,-1.2828987,1.3720793,-5.372695,17.916815,3.6217892,5.2862973,-8.565675,-14.288951,-4.8790355,-7.8409357
TCGA-BR-8371-01,16.71388,-0.89417195,-12.570691,-49.70971,-0.48406073,0.10030681,1.1054147,-0.07224534,0.3269397,8.651732,7.745183,1.7985524,-14.703664,4.5039644,6.7872944,6.0664725,-2.6691735
TCGA-CD-8524-01,19.558115,-8.594337,-4.3464613,-17.754028,0.3068961,0.9883867,0.3129612,-0.16514729,0.050362088,6.33494,14.255039,7.6036158,1.0653538,-13.055631,-11.372059,0.41610065,-9.6881485
TCGA-D7-6522-01,19.968323,0.09843504,-5.8121786,-22.596857,-0.06172392,0.07744296,1.7156126,-0.10278129,0.7236336,8.168232,11.132401,1.8656983,-13.681563,6.364862,3.8672628,8.072391,-3.125265
TCGA-VQ-A91A-01,18.400726,6.2034955,2.5851953,-11.059926,1.0576816,0.47588354,-0.011549457,-0.73660135,0.40528747,8.551383,11.925512,6.3347893,-3.5806224,-4.9179177,-2.0663784,-3.825975,-6.5017886
TCGA-BR-8677-01,18.885887,-1.8444145,-3.8684685,-18.723824,-0.46983516,0.31518644,1.4187604,-0.23705117,0.24850893,2.7519932,13.680087,3.9236317,-8.690214,-1.3674881,-7.3184495,7.397206,-6.6258726
TCGA-CD-8529-01,20.14444,-3.4981353,-6.448419,-9.524961,-0.21282256,-0.043050773,1.454936,-0.087861314,0.46233755,7.5440345,2.1862466,4.514122,-13.319393,-2.1080346,9.57048,0.24114658,-2.1379423
TCGA-BR-6706-01,17.87821,2.7661345,-9.625153,-18.88191,-0.9687731,-0.4852308,1.3509197,-0.4974878,0.4096411,5.3635526,15.656533,3.548872,-7.9349346,3.3812993,-1.6077719,1.9179828,-4.589303
TCGA-CG-5718-01,23.808378,-7.386811,-16.20375,3.3923514,-0.7962625,-0.22575758,0.5501083,-1.215269,0.08222582,8.192786,9.5284815,3.244434,-17.912815,-1.6486235,1.464131,5.9066367,-4.607878
TCGA-RD-A7BW-01,22.14913,-1.5559487,-4.1638966,-46.5476,-0.80072635,0.60673034,0.90163964,-0.05632002,-0.10080466,5.178809,2.8756235,4.3880157,-23.140196,-0.78141594,5.8059216,-3.1379352,-0.6824398
TCGA-HU-A4GJ-01,14.14509,-6.315748,-17.902452,-14.2808,-0.12277499,-0.4033855,1.456489,-0.59365344,0.734073,-2.9278686,4.06148,4.308776,-5.8756537,-12.714964,-1.596885,-11.962533,-3.6245708
TCGA-BR-8286-01,16.300571,-4.786725,-3.5487063,-3.3176763,0.11261982,-0.32485008,0.38729236,-0.92670304,0.41325366,6.28203,10.064856,5.821089,-0.5076643,-6.9800873,-4.019002,-2.29384,-6.956626
TCGA-IN-A6RL-01,16.760988,-4.5462785,-7.2882533,5.558714,0.17466998,-0.110562265,0.7119716,-0.6350191,0.49767655,5.419067,3.1114519,5.7785144,-5.69905,-6.559226,3.4278116,-4.501367,-5.083598
TCGA-CD-A489-01,18.755116,-2.967435,-4.919983,-37.36543,-0.4911568,-0.051498476,0.7169996,-0.3374886,0.28934076,5.8681345,10.078147,1.5024153,-9.635367,-0.22744277,2.681698,12.394504,-4.439127
TCGA-D7-8579-01,20.532127,-1.609648,-7.2483006,-19.687895,0.39433745,0.09190254,1.0819168,0.13003519,0.7521642,0.16374859,13.58783,4.8148413,-2.9993155,-6.3925486,-10.983883,1.9966512,-7.6949143
TCGA-VQ-A8PE-01,14.456928,-1.2990341,-13.468176,-2.2347066,1.4709799,0.25999525,0.5926786,-0.22822784,0.8199917,10.25372,3.8326898,2.765789,-21.29025,0.9538374,12.570396,5.8610487,-2.4023895
TCGA-BR-6705-01,20.152582,2.0520103,-4.838134,-38.583614,-1.5243269,0.69656587,1.5623643,-0.19900331,-0.27278152,6.3316975,16.979494,3.7399733,-3.1661806,-0.94247437,-10.111284,6.0109906,-7.2379694
TCGA-VQ-A8PF-01,18.010864,3.9186199,-15.327586,-2.7370584,0.5349474,-0.8306168,0.72115326,-0.85672164,1.164753,0.516656,13.925346,3.0441778,-3.9768486,-1.3975612,-4.8204618,-2.833416,-5.0683556
TCGA-D7-6822-01,17.625591,-9.163771,-3.0085988,-6.4244356,0.3343764,2.7777872,-0.66929,-0.48518237,-0.57068926,5.459178,11.776114,4.3136654,-2.7803917,-5.8328342,-3.2754772,8.103072,-7.7540736
TCGA-BR-8686-01,18.254036,7.7149277,-15.694443,-17.351158,-0.8062148,-0.40555227,1.4867266,-0.37281013,0.53033984,-0.47384182,17.992392,3.938126,-1.4403602,-2.0871756,-7.7452097,-1.4814025,-5.601262
TCGA-VQ-A8E2-01,18.28223,5.6783257,-6.886644,-24.860462,1.2977527,2.8464668,0.15884356,0.56172574,-0.24476247,14.515372,6.4836874,0.90106857,-23.617857,4.255198,13.594072,11.087253,-1.8714819
TCGA-R5-A7ZR-01,16.919413,3.520362,-2.4484165,15.071285,2.360039,-0.5614509,-1.0472364,-1.106849,1.0218898,9.461855,8.16342,7.436236,-11.092753,-8.6644335,-2.2447233,2.6812263,-8.98054
TCGA-BR-8679-01,16.453333,-2.7173946,0.12162123,-2.2483423,0.36549792,-0.19611254,1.3354615,-0.1813689,0.96973485,-2.8003168,18.726318,3.279078,3.5566366,-11.891032,-19.029785,2.9357553,-8.484976
TCGA-VQ-A8P3-01,15.052519,-5.963348,-6.706474,-0.39361843,0.5945629,-0.16650675,0.091590956,-1.0469261,0.52062976,4.0161777,14.246966,5.078476,-0.06070623,-5.940766,-6.607374,-0.81695914,-7.045074
TCGA-BR-8365-01,21.778746,-0.9889535,-5.281891,-42.865883,-0.54105794,0.048778746,1.1682342,0.085061274,0.4128544,7.061221,11.850949,3.1065285,-19.715569,3.7885022,-0.7802628,7.944381,-4.398905
TCGA-BR-8284-01,19.201258,-1.368678,-7.448602,-8.873407,-0.33721998,-0.86500084,0.97793454,-0.69883174,0.8141164,-2.3841615,14.194248,5.201918,4.0047717,-10.342128,-16.300419,-4.53036,-9.056396
TCGA-BR-A4J5-01,17.34482,9.594259,-0.41738215,-24.712961,-0.19538021,0.082206935,1.1601224,0.0944479,0.4766115,1.6295415,6.052483,3.9177797,-3.9153605,-7.410948,1.0466614,-6.134354,-4.0357265
TCGA-HU-A4HD-01,17.503492,-4.890943,-5.7016945,-2.7441976,0.07115537,0.31353155,1.216974,-0.33309835,0.3033709,10.482945,-0.9680677,1.8084265,-26.328169,-4.0206747,21.825092,-0.97104716,1.1661754
TCGA-VQ-A8PJ-01,16.851336,-3.9294522,-6.7764363,12.760309,2.2175012,0.30035868,-0.7374151,-0.6661442,0.8444121,12.426779,-0.09791558,3.8492012,-19.323734,-4.1647277,16.124277,4.0109906,-3.440759
TCGA-VQ-A91Q-01,15.4066305,-5.9076705,-0.5859555,-6.7513676,0.5986109,0.20659684,0.41250554,-0.6862168,0.47938186,0.858728,4.7393117,1.5802357,-16.455587,-0.8414233,8.479295,8.247584,-1.5694758
TCGA-D7-6528-01,14.678427,-3.592262,-10.103671,13.92325,0.12310539,-0.79129744,0.93205947,-0.916756,0.85188097,2.5001893,12.459238,3.9022303,-2.4924603,-6.5201683,-11.293187,2.1855495,-7.2519116
TCGA-VQ-AA6K-01,17.346184,-1.8873482,-2.3230236,3.322573,0.27889183,0.009695176,0.848406,-0.41181618,0.5765345,4.4419346,2.6613865,4.083544,-11.413958,-0.5899737,7.562039,4.302486,-2.5443437
TCGA-BR-A4CS-01,20.19795,4.7856655,-4.6822248,-4.2122917,0.8888491,0.6614439,0.5744626,-0.54032195,0.72464323,5.723138,12.74029,3.4229083,-4.0752563,-3.3656316,-3.1250613,4.5063925,-5.4218855
TCGA-CD-8533-01,19.141525,3.2020419,-0.64550483,-14.739836,0.76530236,2.126993,0.37584054,0.3673609,-0.24469616,-2.656384,10.685715,2.8720586,-4.768628,-12.461413,-3.4883416,2.5414474,-4.065856
TCGA-BR-8485-01,18.707956,1.6397035,-6.546619,-12.620946,0.8291679,1.1430422,0.6907883,0.27448827,0.15416409,9.301764,11.569291,5.110091,-18.565912,-3.8983684,2.7302153,5.0183387,-5.7124553
TCGA-VQ-A94R-01,15.757976,-0.06287462,-5.8663015,-12.844969,-0.021275911,0.24419868,0.9194592,-0.30221564,0.25815704,2.9037356,10.513472,6.8517103,-0.012433622,-9.828261,-5.1777,-6.945687,-6.88359
TCGA-BR-8373-01,19.111742,-4.857718,-7.967965,-15.447347,1.0760036,1.3040583,0.4681932,0.40505284,0.19612247,9.054367,8.753043,7.6893888,-13.413442,-12.067544,-4.304299,2.5237465,-8.611857
TCGA-BR-8682-01,16.634834,1.8711107,-1.2519499,-18.869545,0.44177493,-0.04208062,0.99421746,0.16340739,0.85448635,3.933758,13.933321,0.9139952,-5.9261236,-4.440976,-2.3173797,9.610873,-5.322695
TCGA-VQ-A91U-01,12.636125,1.0186111,-0.9886514,5.972885,2.152433,-0.78176296,-0.15126671,-0.9724227,1.3909658,10.062782,5.778759,2.429424,-16.13891,-5.073739,9.670402,6.66528,-3.149804
TCGA-VQ-A8PD-01,18.21815,1.9874048,-12.098677,-3.5837905,0.31552818,-0.7887327,0.9179555,-0.74010974,0.89359546,3.5496788,9.917753,3.2145877,-6.8607693,0.46713278,1.866391,-0.010656457,-3.5434358
TCGA-BR-6710-01,16.141548,-2.3528829,-10.259606,-2.3329513,-0.41705373,-0.899355,1.0144104,-0.7286633,0.78265446,11.749183,7.290737,0.39426804,-25.313118,10.860333,12.450058,11.011675,-1.2264576
TCGA-MX-A663-01,20.508236,8.544725,-6.423748,-30.5991,-1.1100755,0.88057935,2.1820593,0.5229352,0.17633043,14.501071,4.401722,0.5265803,-24.417164,6.59879,15.634937,8.217237,-0.7942677
TCGA-D7-A6EY-01,17.288843,-12.861267,-12.520535,-2.0837257,-0.7389364,-0.75144434,1.0574931,-0.8706381,0.3778406,-0.50531477,13.0583935,4.339884,-2.269381,-8.761162,-10.383126,1.3227395,-7.387884
TCGA-HF-A5NB-01,12.46547,-14.537472,-11.225465,21.946314,3.197234,-0.7711089,-2.7079291,-1.5518392,1.0368257,-7.9122877,15.124268,7.477725,9.509903,-15.998496,-21.511456,-9.543436,-9.439806
TCGA-VQ-A922-01,16.686129,2.212921,-4.306876,-18.902937,-0.3564031,0.9575744,1.0957329,-0.26642287,0.02700521,14.205769,2.7515085,0.15770894,-24.836948,3.9068258,17.772974,6.415717,0.0829864
TCGA-VQ-A8PO-01,10.979591,-2.353315,-9.065144,8.889168,1.5234874,-0.8490923,0.3193189,-1.1162107,1.2911057,-1.0284175,12.699029,5.077221,1.15789,-6.7656326,-7.54564,-3.3312836,-6.1055274
TCGA-R5-A7O7-01,18.582453,4.2066765,-11.561049,-1.6639479,-0.22808431,1.0631256,0.8339164,-0.5248608,-0.105868325,4.499193,4.7741466,4.9583583,-4.5323424,-8.29899,2.7830863,-7.187635,-4.6729383
TCGA-RD-A8NB-01,17.262283,-6.8528824,-10.339837,-10.410862,-0.7283859,-0.2112309,1.351581,-0.312892,0.30507642,2.7156122,15.607088,2.307184,-2.4033718,-1.8553874,-9.21934,3.1954274,-5.1409965
TCGA-F1-6875-01,14.18199,-15.792861,-12.992049,-11.5479,0.56911415,0.3190251,-0.12814668,-0.72770983,0.44534108,11.220805,4.1701446,6.342342,-15.415865,-9.84158,6.8651214,9.525033,-6.788557
TCGA-CD-A48A-01,14.509989,0.7945955,-2.5254617,-8.397603,0.40450343,0.091550216,0.8239163,-0.15617393,0.7837292,3.3161774,10.919886,3.035984,-6.607669,-10.043224,-2.5314815,11.126334,-4.9592566
TCGA-D7-6815-01,15.538528,2.568604,-1.1779,6.107848,0.31104654,-0.56238174,0.88137233,-0.97568315,0.71400046,0.21781406,10.239416,3.223979,-6.738699,-8.834817,-7.4874473,11.229157,-8.164675
TCGA-ZQ-A9CR-01,19.1677,7.8529434,-4.948417,-10.440879,0.6874679,0.22378318,0.8759733,-0.20692426,0.56219214,7.10888,8.02684,3.4538507,-14.455273,-5.2096033,1.1619416,2.458366,-5.4190207
TCGA-BR-8081-01,14.4826145,-3.225018,-5.0261626,-6.6310024,0.10841292,-0.5399032,0.96004945,-0.78631186,0.7628138,-2.9437847,16.29791,5.2629604,3.4704251,-8.663177,-16.10262,-3.7860472,-7.4535336
TCGA-IN-A6RJ-01,12.592554,13.424375,-8.342052,9.858328,-0.22064516,0.16610709,0.83951885,-0.7750605,0.21986718,4.95842,4.6010394,3.8285809,-5.874733,-4.373329,2.8937027,-3.8855793,-3.297465
TCGA-BR-8588-01,18.76348,3.5018356,-2.0410995,-9.893185,0.19420534,-0.4597824,1.3341031,-0.34542635,0.93484414,-0.46403435,17.612497,1.4952537,-1.4234895,-4.5461125,-13.083715,5.970122,-6.4126225
TCGA-IN-A6RN-01,15.065471,-3.999322,-3.0456638,7.1079645,0.30960765,-0.0046811374,0.1289006,-0.9792887,0.43971884,4.785121,-1.179867,3.901135,-23.581324,-2.8515742,10.472599,-7.1314583,0.50070864
TCGA-B7-5818-01,15.620163,2.9554474,-20.421452,7.486315,-0.17554058,-1.2076919,0.5119701,-1.4921364,0.73089874,-2.1202102,17.810368,3.7527192,-0.74390805,-2.3712099,-10.271377,-1.9499881,-6.1383653
TCGA-RD-A8N5-01,19.036068,5.5589156,6.392779,-8.936663,0.7524669,0.624975,0.59769195,-0.6900195,0.4914983,8.049947,8.764936,2.5701628,-14.264187,5.8864565,5.870202,7.7666025,-3.5891953
TCGA-HU-8244-01,12.084818,-2.8743098,-5.528804,27.943544,2.4274166,-1.4174706,-1.0705143,-1.4435062,1.3701031,-6.417622,15.043367,2.2889602,8.500843,-20.150024,-19.950493,-4.7981772,-10.421462
TCGA-BR-8291-01,23.154526,1.4070851,0.4702364,-20.106884,-0.3554779,-0.15351678,0.9887856,-0.6311394,0.3501257,10.892418,4.4166636,1.215422,-23.297338,8.17873,13.62331,8.351699,-1.4620886
TCGA-BR-8382-01,14.586212,-2.775009,-1.9932798,-0.019142943,0.3194032,-0.54864687,0.5540305,-0.6905241,0.604433,0.5611699,19.246973,4.763422,2.3098109,-5.603591,-15.977919,-0.657537,-8.465136
TCGA-VQ-A94T-01,12.260736,-7.680171,-0.97038984,3.4682286,1.2291924,0.1998122,-0.26839617,-1.0433545,0.57744265,3.6365724,3.2378912,7.301879,-11.660672,-6.984352,5.7730985,2.5114467,-3.569526
TCGA-VQ-A923-01,16.62787,3.2144353,-16.465128,-1.8264674,0.55922925,-0.80844355,0.6821367,-0.8716397,1.0719838,-1.7358209,15.07795,4.508766,-1.4359771,-3.351601,-8.210948,-6.7727046,-5.4837456
TCGA-CD-5798-01,17.970774,1.2411951,-2.1517491,-24.086397,-1.3550378,-0.240116,1.3344504,-0.26828536,0.13547763,6.2769437,8.904547,1.6265336,-12.292938,3.230209,4.4760423,9.383726,-2.7006567
TCGA-RD-A8N0-01,18.052412,-3.5111408,-10.815826,-15.260513,0.031838648,-0.08956678,1.4368259,-0.28417605,0.7594694,5.54437,12.323197,3.4438841,-14.302521,3.74362,-3.8679335,5.7208505,-5.0842986
TCGA-BR-6802-01,16.2546,-8.31085,-9.604808,8.404506,-0.74743,-0.9959383,0.8699009,-1.2732728,0.30211243,3.5016165,14.348578,2.1554651,-5.8629885,0.55516624,-2.959771,5.973166,-4.081809
TCGA-BR-A4IV-01,18.60128,8.354004,-6.8038836,-49.1987,-0.60760295,0.62639785,1.2221229,-0.14965196,0.06067521,7.8949957,-0.55059606,2.2236412,-15.761213,-4.049794,14.829463,-4.376473,-0.36469427
TCGA-HU-A4GH-01,16.30784,-9.811859,-7.060271,18.018024,1.104315,0.22359356,-1.0119412,-1.3931452,0.59055704,16.437826,6.525665,1.6205859,-22.188972,2.7714472,13.858279,9.208283,-1.7658882
TCGA-RD-A8MV-01,18.60946,-4.680001,-9.679024,4.460228,0.618862,-0.4907629,0.9075207,-0.5932575,1.0081034,8.011501,10.375867,3.2518592,-9.942509,1.2691925,2.938803,7.0599265,-4.6755056
TCGA-B7-5816-01,20.275713,-3.8979452,-8.562155,-3.3187578,-0.7315625,-0.36547023,0.9708155,-0.9360802,0.16911963,-0.056816973,16.959135,4.5699654,1.336728,-5.38358,-13.7982,0.9517931,-6.872219
TCGA-HU-A4HB-01,17.218115,-2.2299988,-11.184944,2.7899172,0.44345954,-0.8567733,0.7777972,-0.82987165,0.97357666,1.708727,2.226195,2.1730812,-7.5809,-7.2217474,6.463307,-4.0709977,-2.156005
TCGA-D7-A6EX-01,8.666014,-7.3572545,-2.6092014,-28.400213,-0.885524,-0.48307744,1.4163393,-0.3066627,0.8595267,0.7326065,4.5738497,6.6670113,-14.418151,-10.249534,-2.8949976,4.3808417,-4.7869406
TCGA-VQ-AA64-01,18.12306,-4.628116,-1.2999624,-13.100269,0.36789963,-0.45002463,0.45085764,-0.86086977,0.6082628,7.283762,2.3878782,2.588208,-16.566507,-0.6077454,10.609948,6.5212874,-1.739455
TCGA-FP-A9TM-01,13.308594,-3.3696873,-13.800675,9.592706,0.54192185,-0.49059325,1.212571,-0.45377135,0.948095,2.1590185,12.697632,2.9624567,-1.2142946,-2.7605839,-5.4606504,-0.053724866,-5.64321
TCGA-BR-7704-01,18.70635,-2.0523949,-18.610828,-5.725298,1.3534142,0.020854786,-0.017072922,-0.54576737,0.889567,9.664665,10.903954,5.3614297,-17.927961,-5.169258,-0.18081349,2.6276078,-5.1311
TCGA-CD-5800-01,19.276152,-3.0774553,-11.506185,-3.332669,-1.5802983,0.38842297,2.1552908,-0.19030373,-0.081741855,8.615228,9.04836,3.1600196,-17.413498,-2.9870172,2.579107,5.0327845,-4.7072773
TCGA-BR-8380-01,17.20753,6.4599547,-1.9525186,-37.64314,-0.52912664,0.13815445,1.213699,0.284022,0.42742965,2.4935427,12.346088,2.7249668,-4.438083,-1.6326213,-2.5591977,0.78573585,-5.0011725
TCGA-BR-8080-01,20.904802,-0.1419064,0.75939095,-24.218521,-0.4439647,0.19583593,1.3077073,0.12473089,0.29712215,1.3085259,9.393561,4.381382,-5.329077,-8.665477,-7.4714823,0.33030525,-6.554235
TCGA-BR-6456-01,20.492064,2.209504,3.388675,-22.261158,-1.1398407,0.26209134,1.5352619,0.13038762,0.08167601,7.2818294,13.189779,3.065086,-19.366358,1.2417309,-0.6827842,7.007729,-4.080861
TCGA-BR-8590-01,21.717707,-3.1807737,-1.3316039,-19.110603,-0.39989585,-0.0077513,1.0417233,-0.033569694,0.39550176,8.03726,8.333921,1.3057159,-18.053305,3.1311364,7.726601,8.645539,-2.4867215
TCGA-R5-A7ZE-01,16.633457,13.4914875,-6.342233,15.089384,0.021939246,1.5592904,-0.23669274,-1.1000898,-0.24336995,10.195087,8.14131,4.3675036,-15.672214,-6.377846,0.502006,5.108764,-5.6456614
TCGA-B7-A5TJ-01,13.668042,-0.21156694,-5.4579268,7.932745,0.31861994,-0.08261505,1.324704,-0.4113718,0.81106377,0.65820915,13.533657,5.688936,4.376748,-9.55704,-10.868133,-7.422752,-7.9448185
TCGA-BR-8687-01,16.145306,-9.586147,-1.4877261,-7.364092,-0.30646956,-0.38832137,0.7070817,-0.5821723,0.40993193,7.0251865,7.8525434,4.2323813,-18.986704,-0.88477063,4.832935,7.2662206,-5.5011063
TCGA-F1-A72C-01,18.254782,2.3965883,-1.8890483,-0.4819096,0.59646463,-0.6222737,0.94627607,-0.67695177,1.0051835,5.239734,0.9486683,2.8328276,-15.508532,-0.9356209,11.382099,4.188641,-1.2078698
TCGA-BR-A4PE-01,18.07829,-3.0144126,-9.498538,3.2463849,1.189722,-0.8280224,-0.39308664,-1.4159704,0.8747692,-9.101991,9.210904,7.5148506,10.926882,-16.89328,-18.858192,-18.149937,-8.813722
TCGA-HU-A4GP-01,14.756906,-1.7880521,-7.7172246,15.422199,0.9154713,-0.9959282,-0.08636058,-1.0917203,0.93055135,-3.1235518,4.3586316,5.93085,7.74938,-27.549843,-10.953736,-17.069855,-10.151245
TCGA-D7-6520-01,21.985891,-9.052237,-7.9268827,-13.989833,-1.4969742,-0.40702662,1.425677,-0.44586664,0.2611924,15.222989,7.139379,2.2945657,-27.676868,5.4105678,13.933521,8.143972,-2.2774937
TCGA-CG-5732-01,18.741453,-7.4687943,-13.7392025,11.0563545,-0.2572614,-0.82417136,1.4281343,-0.6138798,0.90222406,8.796067,5.4561987,2.5508313,-18.805672,2.2829504,9.984421,7.3156447,-1.4635794
TCGA-HU-8243-01,16.70135,-0.6826905,-9.018958,2.991484,1.5985838,-0.6838444,-0.40280452,-1.1461693,0.89899546,12.881925,10.202499,8.238717,-7.0733356,-9.172301,2.6605608,-0.6202086,-6.9072237
TCGA-BR-6565-01,18.727356,1.8089615,-5.887995,-8.0775795,-1.2458911,-0.52741355,1.8673583,-0.32425353,0.50857586,13.661836,7.738669,1.7739886,-23.86811,3.6619225,13.44898,8.725241,-1.7057328
TCGA-BR-8362-01,17.78978,-0.7879921,1.4311761,-9.831984,0.21954192,-0.14709753,1.0875273,-0.23798223,0.7074553,-2.8163607,8.549938,1.4664593,-7.1099925,-6.3726377,-0.5465634,2.6503415,-3.7566578
TCGA-VQ-A8DZ-01,18.73643,-3.167137,-8.49613,3.2189524,2.3730252,0.8589994,-1.0418828,-0.55992764,0.7398641,16.269009,5.8623567,1.1977001,-25.085152,4.443984,16.084753,8.644036,-1.308126
TCGA-BR-8364-01,22.386791,-1.936312,-1.6126784,-35.611523,-0.89691013,0.10043527,1.1861609,-0.045918398,0.15395473,5.1917157,8.57047,2.9109688,-17.730677,2.3556437,-0.5864006,3.640225,-4.071295
TCGA-R5-A805-01,21.33075,-1.4730034,-5.4213524,4.5903416,0.8843717,0.20222308,0.28415278,-1.2390102,0.61057633,5.94171,10.356619,3.5371714,-4.7510324,-0.19472364,-2.0596545,5.7094216,-5.4491634
TCGA-RD-A8N1-01,18.71345,-7.6025286,-11.057639,-10.294615,0.45861846,-0.33466402,0.846751,-0.6483932,0.8800359,11.896857,6.2253585,0.79938114,-21.410364,6.615759,11.801472,10.566546,-1.7590995
TCGA-BR-A4J8-01,17.907694,7.9964223,-3.593007,-14.823566,-0.6800106,-0.090325624,1.3806018,-0.17647536,0.4637684,-3.9961333,7.173705,6.155327,4.816721,-14.855258,-10.657765,-15.419046,-7.1427197
TCGA-BR-8058-01,21.174345,-5.4938903,-2.7068205,-11.413834,-0.1188647,-0.50183374,1.1737261,-0.58322185,0.75117093,1.881766,9.604007,3.7876635,-12.081516,0.44970438,-4.482653,5.641761,-5.145526
TCGA-VQ-A8DV-01,16.27237,1.7462653,-13.2821245,-8.564459,2.4963527,3.6506891,-0.87570214,0.25023055,-0.29926494,14.62426,4.680944,1.4510633,-25.170277,2.8429053,14.751236,9.211137,-2.6921074
TCGA-D7-A74A-01,12.425836,1.644579,-1.970477,14.444356,0.6828268,-0.9245231,0.16007733,-1.1047966,0.9500106,-12.484795,3.3255994,3.762651,4.9392366,-21.770563,-15.775037,-13.529607,-7.452348
TCGA-VQ-A8DU-01,17.589695,2.4979913,-2.5897357,-8.406626,1.2681917,1.4314238,0.16378537,-0.004150385,0.16695535,16.561684,4.6100535,1.6002461,-23.432125,5.1496944,15.325714,11.293213,-1.5075705
TCGA-CG-4437-01,18.583855,-5.4382377,-9.801882,1.8715507,-0.3957074,-1.1221908,0.824591,-1.0344312,0.7492701,1.6190873,15.388166,4.251506,-1.3524753,-2.5039475,-6.380371,2.6008139,-6.499569
TCGA-HU-A4G6-01,10.585714,5.2653365,-20.21329,20.169607,1.6522697,-0.83388066,-2.0157812,-2.3120997,0.67235404,-5.879574,19.995638,5.276807,3.9982076,-6.532119,-15.059455,-7.5048556,-8.162696
TCGA-CD-A4MI-01,19.475632,-0.8276315,-8.298836,-27.68145,-0.6046234,-0.033183195,1.105946,-0.1904777,0.33411154,-2.1350899,4.153612,5.372252,0.27766553,-12.42715,-1.6297352,-15.306329,-4.689318
TCGA-HU-A4GT-01,12.310465,0.6591841,-1.3791707,21.295948,2.3068726,-0.9203575,-0.6919161,-1.2935816,1.2268355,-10.030231,7.3080053,3.652149,9.743288,-21.929276,-16.302706,-17.00859,-8.261242
TCGA-VQ-A94O-01,16.897455,2.853783,-14.142374,-2.05311,2.5447679,1.0652807,-0.98267287,-0.44211677,0.48636556,14.895728,3.3330162,0.7240835,-29.005886,0.70577574,19.068548,6.1609445,-1.041601
TCGA-BR-8363-01,15.504517,-11.789742,-12.9220085,-10.0418825,-0.40937576,-0.9258132,0.7337564,-0.9779178,0.6133783,-1.5910112,16.280552,6.1560025,2.183745,-6.1289763,-15.47544,-2.389638,-8.083739
TCGA-FP-A4BE-01,16.316782,-5.9878488,-13.717951,11.117792,1.3650259,-1.1692177,-0.5739939,-1.5253708,1.085352,-1.207941,15.9401245,6.1692514,3.3462677,-4.8331604,-10.963453,-4.098482,-7.063923
TCGA-D7-6817-01,17.348682,-5.491244,-8.218808,7.511569,-0.17274733,-0.8232392,1.488627,-0.8109099,0.9430489,11.644288,6.9182677,2.7185795,-21.320856,4.601314,10.377807,9.793695,-2.3340418
TCGA-VQ-AA6I-01,14.63706,-7.667571,-7.6054935,7.962425,0.524448,-0.83903205,0.7690824,-0.8013852,1.0032753,0.7168971,10.647007,5.4812365,-0.087622255,-7.8072305,-4.703944,-4.5562005,-5.8514323
TCGA-BR-8361-01,11.995604,-19.57404,-9.16518,1.283147,0.48574734,-1.0459067,0.124499284,-1.188061,0.8247352,-1.6654944,13.226272,8.409187,7.8906,-14.148519,-16.936207,-8.260363,-9.9602
TCGA-HU-A4H3-01,12.528482,-6.636494,-13.309086,8.446337,0.08094989,-0.32851464,-0.19522054,-1.5660894,0.20171575,-10.292342,8.08264,7.3249264,11.455698,-21.808697,-17.858107,-21.464851,-9.242501
TCGA-BR-6454-01,19.071772,-13.525797,-4.548733,-0.38063225,-0.50374955,-0.6501479,1.3294027,-0.75737596,0.5991334,7.324486,8.502996,2.482216,-10.282759,2.363145,2.6843383,10.396867,-4.256776
TCGA-VQ-A8PM-01,18.077547,1.042755,-9.55304,-4.472741,0.85513914,-0.6371983,1.1300495,-0.57453996,1.2648703,7.7547126,3.933522,2.1038928,-19.42127,4.6169558,11.662255,4.953329,-0.5482522
TCGA-HU-8604-01,14.5300665,4.7714553,-4.060532,-5.833173,1.1226413,0.015781134,0.59009165,-0.5150077,0.82220113,-1.0807711,19.669712,4.5709524,2.9309087,-6.0769978,-16.068575,0.0798073,-8.555233
TCGA-FP-7916-01,18.90441,2.6710415,-9.075172,-11.114934,-0.2310693,-0.52202904,0.65725327,-0.6272896,0.54473823,1.4287297,16.235357,4.484497,-2.228016,-0.32567766,-5.8642955,-0.23782729,-5.464245
TCGA-VQ-A91X-01,9.805176,4.892079,-7.6017904,21.967075,1.2961434,-0.5704498,0.47772408,-0.90127563,1.2276254,7.1817703,10.90759,6.895485,-7.9356346,-9.826777,-0.77762914,-1.9834988,-5.320301
TCGA-BR-8483-01,14.595131,-0.94815993,-3.2574153,-3.5024211,-0.2835902,-0.09400968,0.856369,-0.35218886,0.4330337,2.5981727,10.898858,2.4133182,-9.759642,-8.083377,0.5745759,10.647712,-5.0902133
TCGA-EQ-8122-01,19.160706,0.25432813,-2.119905,-8.100827,-0.29311082,0.34561276,1.6025612,0.28667524,0.47628573,7.3985806,4.545778,3.3791304,-20.624086,-7.7549124,3.9592047,2.6414518,-3.986223
TCGA-VQ-A928-01,15.86983,-7.012209,-7.051107,-12.13596,-0.52328867,-0.21512939,0.69224113,-0.7269349,0.1627772,3.569116,5.2984834,2.4689631,-13.0015955,-2.7062187,6.6952124,8.226714,-3.6173472
TCGA-CD-5801-01,14.460003,4.021375,-12.914773,4.7364416,-0.79139435,-0.74870867,1.2258812,-1.0666823,0.4801414,0.08328589,15.64539,3.1957068,-2.875568,-1.030857,-5.5119324,0.6411272,-4.7537007
TCGA-HU-8602-01,16.00046,-13.736355,-11.209106,3.595195,1.5134244,0.15706518,-1.0727173,-1.8623978,0.45215812,-2.6032653,19.42155,6.088079,6.1210575,-7.3850527,-18.123766,-2.812059,-8.97264
TCGA-BR-6458-01,19.783682,-11.651029,-7.0902643,-19.460213,-1.093765,-0.43606797,1.0782485,-0.8190667,0.06313276,4.0819397,15.782213,4.1224947,-0.16137514,-8.18461,-12.15052,2.714137,-8.426099
TCGA-HJ-7597-01,13.2016,-15.858208,-11.2206135,1.4067012,0.245443,-0.9152283,0.24296306,-1.0346212,0.7444213,4.092454,8.377555,1.9031605,-15.474585,0.32059142,-0.18361783,6.3572116,-4.6478834
TCGA-CD-5804-01,23.222948,1.2027876,-7.1184835,-5.562235,0.38642946,-0.2657113,0.43840796,-0.39569244,0.70284396,13.804042,5.034613,1.677646,-20.005842,3.8684025,13.078801,10.71314,-2.1008942
TCGA-BR-7197-01,20.701803,-4.9556994,-9.308692,-9.5504675,0.2672036,1.7079263,0.5428006,0.54291326,-0.04238372,13.169848,10.70478,3.6331422,-16.622986,-3.6529555,6.728347,6.213935,-3.0607812
TCGA-BR-8367-01,18.829727,-0.20784785,-3.4027,-15.850553,-0.33028546,-0.5532458,0.9901744,-0.3613118,0.72523546,3.462175,9.393475,1.2923628,-6.0724955,-4.4639425,0.5935292,2.8066251,-4.2459283
TCGA-FP-A4BF-01,16.82305,0.49701667,0.9539393,-14.30175,1.0930067,0.35744354,0.4754662,-0.6530699,0.7021285,6.110388,15.032732,4.1383233,-2.5118256,-3.6129043,-6.586121,3.6517777,-6.22266
TCGA-VQ-A8DT-01,14.543234,0.5465144,-8.958636,22.212458,1.567401,-1.0288842,-0.43987367,-1.168791,1.1099579,2.927147,12.085586,5.088249,1.5117234,-7.674691,-6.874311,1.6950952,-6.595886
TCGA-CG-5717-01,16.714745,9.158388,-6.842654,0.79113215,-1.0473635,-0.1911971,1.3709608,-0.7331886,0.07524164,7.295775,8.993912,3.0285606,-12.295356,4.6408496,4.923928,6.481733,-2.3454697
TCGA-CD-8531-01,10.532867,-7.0392795,-17.390915,-23.793663,-0.1193981,0.67107886,0.20747563,-1.3736893,-0.17149179,-7.3273473,12.411364,7.9903913,3.1440146,-12.1780815,-17.8735,-13.034246,-8.392494
TCGA-VQ-A94U-01,18.116884,2.6762536,-2.2974544,-12.538894,0.39068708,-0.21841496,0.2779427,-0.76803863,0.52314866,0.44648227,8.173021,3.577261,-0.95067227,-9.304365,-4.349902,2.323093,-5.6915436
TCGA-VQ-AA6F-01,15.517337,-8.900654,-7.9790373,7.879778,0.8201235,-0.8067576,0.44125646,-0.8491966,1.0746891,5.8864665,4.6230807,2.4699223,-14.831779,3.530664,8.611217,6.2199235,-2.18198
TCGA-CD-8535-01,15.741183,-10.946565,-5.967252,-9.261938,0.42122704,2.7497625,-0.8102141,-0.39028683,-0.7296503,11.847592,11.259897,10.617816,3.7617142,-19.546684,-7.7685637,-5.597603,-9.92765
TCGA-D7-8572-01,20.79748,-0.60200596,-9.496744,-17.95121,-0.47341537,0.27348167,1.4815757,0.050243273,0.33676016,13.628504,7.494785,2.321089,-24.77623,4.086669,13.964324,7.421819,-1.5287111
TCGA-VQ-AA6B-01,11.788556,9.036812,-4.799482,8.735711,1.7150074,0.28325984,0.193226,-0.56268656,0.90075564,0.33810624,10.2747345,3.7585502,-6.9075155,-8.7413225,-1.4165506,2.535022,-4.3873014
TCGA-BR-6852-01,17.34052,-11.774364,-11.732639,1.0415403,-0.60496026,-0.96566087,0.6348161,-1.1918967,0.31072664,0.29590115,18.831705,4.334771,1.9037515,-3.7910929,-15.624625,0.9723854,-7.9617295
TCGA-BR-7715-01,19.173986,-1.0115871,-9.496096,-19.648376,0.711743,1.45745,0.2178263,0.25620532,0.0904828,6.423699,12.264173,4.663349,-6.8695908,-10.29201,-2.080339,1.8692286,-6.182994
TCGA-CG-5723-01,17.248697,-9.802796,-7.4677243,-5.4486923,-1.6529981,-0.30894926,1.3330677,-1.0482496,0.0100706555,3.6130674,8.823058,4.186061,-13.063476,0.8519683,4.1271043,6.5240407,-2.7748158
TCGA-HF-7133-01,22.072973,-11.921976,-2.7471328,-5.385227,1.174702,-0.1876412,-0.12313703,-0.81584716,0.8563299,5.383002,8.344954,4.9591813,-11.810201,-4.1956444,-1.2933508,6.48319,-8.06515
TCGA-HU-A4H2-01,14.118191,-12.319192,-7.01486,2.7714446,0.15614134,-0.27033347,0.18887101,-0.9586228,0.32499957,2.973648,6.4156785,6.318387,1.8192468,-22.395267,-6.830562,-15.322357,-9.482284
TCGA-CD-A486-01,20.933556,-4.6696324,-8.898683,-6.545974,-0.5801246,1.0015018,0.4756225,-0.77953666,-0.19069786,19.18764,8.638063,0.4418931,-26.224174,5.205517,16.059374,12.767711,-1.479536
TCGA-BR-6564-01,21.39313,1.5438588,-2.6042042,-39.39087,-0.6970634,-0.026376069,1.3243189,0.040363535,0.45554927,4.8484654,10.758222,2.994789,-17.480621,3.5503309,-1.7794933,7.333222,-4.148057
TCGA-FP-7998-01,19.678291,-4.9104066,-14.333933,-17.63506,-0.15898532,-0.30519292,0.6375993,-0.5359576,0.501971,3.27145,15.252872,3.1574693,-6.0978565,2.1322157,-2.6183503,1.450387,-4.467782
TCGA-VQ-A8PQ-01,17.118826,-11.106614,-12.085769,-18.511684,-0.07093379,-0.3785269,1.3211902,-0.53464067,0.78190553,5.1579638,6.8400865,3.0669203,-19.258444,3.184458,1.7995875,2.2744198,-3.037812
TCGA-D7-A4YY-01,14.579329,-11.124542,-4.3014736,2.7995799,0.28086707,-0.9001014,0.18285154,-1.1297134,0.61638254,-7.369658,8.064978,6.9955297,7.6838756,-16.143587,-11.178099,-17.799833,-7.103995
TCGA-CG-4441-01,17.356447,0.45115995,-6.74726,3.8074324,0.023662467,-1.0351279,0.86731625,-1.2258564,0.9595105,4.5134993,10.845207,4.361583,-8.434825,-4.2768097,-0.46147084,7.4240565,-5.35614
TCGA-VQ-AA69-01,13.806635,4.323919,-24.633608,5.317849,-0.30504188,1.1708274,-0.487779,-2.3821218,-0.47253072,-6.0929976,15.630741,5.9451256,3.011012,-6.599915,-11.690452,-10.336606,-7.546738
TCGA-EQ-A4SO-01,11.952353,-11.148865,-2.8769174,14.367938,1.5309892,-1.3494154,-0.66336244,-1.4661597,1.255089,4.8484745,-4.3082967,-1.6509807,-20.49065,-1.8587458,18.69938,0.031446476,1.8642571
TCGA-HU-A4H0-01,13.2595825,2.7385614,-14.414816,12.890392,0.56484634,-1.2722577,-0.12358126,-1.377421,0.9430011,-8.458659,9.357192,6.102785,4.1166506,-13.002183,-8.960848,-18.146193,-6.4243364
TCGA-D7-A747-01,16.2983,3.471876,-7.226238,-42.23494,0.17912698,0.3391233,0.857858,0.23826337,0.50306064,7.434494,2.582031,2.0445135,-14.259385,-1.2251492,9.752307,1.0334334,-1.5240002
TCGA-BR-7723-01,17.160757,-6.987004,-14.268126,-27.311222,0.35411707,1.7549442,0.7794045,-0.37121537,0.1673093,14.323939,6.197773,0.84572136,-26.390541,3.4627018,14.5765085,8.275021,-1.2510232
TCGA-VQ-A925-01,15.718946,-5.4962206,-0.46016303,10.209324,0.8032498,-1.0064547,0.46022248,-0.92260116,1.0839419,7.039634,2.5928333,2.4712968,-14.99944,-0.8908539,8.5763035,7.451203,-3.6239395
TCGA-BR-A4J4-01,14.454233,9.614811,-12.544335,4.310795,-0.13737382,-0.51671505,0.496583,-1.3162963,0.36439687,-5.461872,8.474863,5.686907,0.9408597,-10.219512,-5.350733,-14.316735,-5.1619663
TCGA-D7-6521-01,20.403315,-0.37185276,-5.617058,-11.201071,-0.45764136,-0.6786122,1.2231437,-0.6304186,0.72658294,8.927318,10.56075,1.9390322,-11.328015,2.6654105,3.546726,9.6399,-4.247594
TCGA-BR-A4QM-01,9.721638,9.999321,-2.3489466,5.993332,1.0051076,-0.6067244,1.1175356,-0.77118677,1.3801103,-7.476437,6.857802,3.1265182,0.27781573,-12.288474,-6.6692624,-8.347514,-4.921426
TCGA-VQ-A91Y-01,21.468203,0.7093046,-8.638826,-26.424,-0.39226767,-0.29812276,1.113923,-0.170609,0.61835825,12.416078,2.671321,0.6206821,-23.867416,5.518441,15.992012,4.938399,0.18392518
TCGA-D7-A4YV-01,16.139215,-9.8839855,-5.6601334,-8.32345,-0.7480962,-0.12302619,0.9450667,-0.6827689,0.14415824,-6.9433618,10.814308,7.472035,8.535727,-14.441218,-17.270826,-15.905049,-7.999565
TCGA-BR-7716-01,21.69406,-5.2224708,-7.1935105,-6.784069,0.42294526,0.5672689,0.7422929,0.078642234,0.48725203,8.908386,9.216965,3.076753,-20.088348,1.4806716,1.5337145,5.44575,-3.7512896
TCGA-HU-A4GD-01,11.865725,8.588182,-7.03123,9.524163,2.2948623,0.65248126,-0.6212324,-0.37116063,0.608571,-0.17914858,-0.79794866,3.198389,-10.796653,-13.918431,8.85393,-3.3561802,-2.936744
TCGA-RD-A8MW-01,19.971231,0.05266904,-9.991755,-14.438325,-0.62272835,0.6871262,0.8482169,-0.45194358,0.012984528,11.154761,6.11864,1.098694,-25.538963,6.050625,14.206726,8.4988785,-1.2668177
TCGA-HU-A4GQ-01,15.243282,-0.8829706,-6.6139793,-10.722064,-0.15866925,-0.28636727,0.9232463,-0.16751797,0.6256315,-5.0675716,8.410452,6.523456,3.6664128,-14.273196,-6.6846266,-16.716002,-6.160698
TCGA-CD-8532-01,19.378536,-3.7480738,-5.0299387,-0.1563452,-0.0022856332,-0.7166715,1.0664225,-0.60309756,0.9663509,5.047455,3.434025,2.7008078,-15.552021,2.1576562,9.46057,5.901787,-1.5166571
TCGA-BR-7901-01,22.801157,-5.1173835,-1.5792443,-13.788724,-0.25532368,0.20835905,1.2259955,0.07882896,0.44221222,16.012272,5.6694646,-0.0008658394,-25.259893,4.005386,16.544857,9.51735,-1.3237884
TCGA-VQ-A92D-01,11.621557,-4.453161,-3.5819058,10.587103,1.0610222,-0.2641785,0.24907476,-0.5613441,0.77216023,-3.9548578,11.102256,4.5092125,0.8145369,-7.0061874,-7.366244,-5.222641,-5.5678797
TCGA-KB-A6F7-01,19.12623,-9.519964,-13.725941,-4.119047,0.34531343,-0.1616539,0.5618071,-0.97046936,0.68222153,7.5607657,1.0145991,3.6672797,-24.900307,-1.4450908,10.345135,-3.7872715,-0.1707444
TCGA-BR-8289-01,17.832592,-8.420135,-7.5846825,-15.856768,-0.9544046,0.13484833,1.0265042,-0.29552597,0.013806518,4.2690277,3.5530963,4.2252903,-11.166152,-8.881066,5.543555,1.309249,-4.508488
TCGA-VQ-A91N-01,12.12525,-7.3512845,-1.1113516,7.114809,0.82022387,-0.56436104,0.47571757,-0.6299752,0.88803065,2.2646737,6.5440826,5.7990417,-8.490504,-12.290304,-2.8238378,-0.5760605,-6.542427
TCGA-CG-5722-01,14.739716,0.5716269,-14.142011,-9.042718,-0.93908733,-0.87168473,1.4374914,-0.90432566,0.4962415,0.33866927,17.412615,3.2662559,-0.7073685,-1.8068591,-13.048358,1.3571186,-6.4980774
TCGA-BR-7957-01,18.92655,3.4711204,1.4869641,-28.72159,-0.077705845,-0.010329576,0.8291396,-0.078882396,0.4438276,3.417686,16.473225,2.7033582,-2.7153885,-0.7674463,-11.485295,7.5994015,-6.6219754
TCGA-CG-5720-01,17.240515,9.449905,-5.495288,11.062185,0.6370044,-0.71651065,1.3390708,-0.72491974,1.3783165,-0.50851315,14.542206,2.891995,-1.6751109,-3.478233,-6.844045,2.035434,-5.0259466
TCGA-HU-A4GF-01,16.83667,-5.0903974,-7.4641924,6.3971195,3.1587927,-0.20410882,-1.4202044,-1.0092803,1.1796392,14.421436,8.567569,1.9641496,-21.401783,-1.6798978,11.165094,10.48091,-2.9532616
TCGA-D7-A6F0-01,20.441082,-4.091663,-15.097477,-12.099816,0.10564421,0.5509772,0.6598615,-0.6101412,0.14524177,11.394426,7.2140136,3.1355243,-25.050753,-2.8033986,4.971358,4.788176,-2.1884475
TCGA-VQ-A91S-01,12.265448,-4.1230626,-6.454957,3.5815547,0.8671922,-0.4610644,0.7385933,-0.913655,1.0232344,3.323914,9.433503,3.0990705,-9.435422,-4.8363953,1.7109742,6.020876,-3.1838815
TCGA-D7-8574-01,16.85145,0.07715093,-7.6536922,-27.071932,0.24542363,0.02312943,1.3509426,-0.28994393,0.74541885,3.7860532,4.7103086,1.7307307,-13.181772,1.3168273,6.098025,4.590486,-1.9319764
TCGA-HF-7134-01,17.41236,-1.944339,-6.132287,11.375567,2.5761497,-0.5182389,-0.62150204,-0.6669816,1.4012309,1.0269781,15.649868,4.4742355,4.428204,-10.378377,-11.877355,0.059226055,-7.871401
TCGA-HU-8249-01,13.127898,9.42013,-3.2552361,4.388872,1.6825448,0.5562473,-0.27462113,-0.50620997,0.63103753,-0.77862877,7.8171973,1.7245487,-11.93928,-8.523029,2.3079069,10.594585,-3.478623
TCGA-BR-A4PD-01,20.110338,-6.8805814,-7.655915,4.217163,-0.10612072,-0.46512336,0.5845009,-0.82731336,0.4132914,0.5946496,1.8093104,6.9512434,-10.526539,-13.702123,0.4084419,-9.633819,-5.448059
TCGA-CG-5719-01,20.430676,-0.9646189,-1.5981973,-14.834848,-1.3381338,-0.4753283,1.7445886,-0.33581853,0.33894494,2.8897038,9.815604,3.327807,-10.664666,-1.6830921,-5.1224995,7.039842,-5.684151
TCGA-B7-A5TI-01,17.860296,1.1852201,-9.251436,-0.47829518,0.36596784,-0.5861514,0.8608724,-0.80877274,0.94994116,7.1681895,3.7178996,2.4230936,-18.057713,1.2064154,10.734602,6.452272,-2.5149484
TCGA-VQ-A924-01,12.536212,-1.5013566,-6.976685,9.102431,-0.45086268,-0.6261848,0.875455,-0.7291272,0.49707586,-0.0742201,12.827586,4.599192,0.05534592,-4.6743774,-7.147595,-5.5488906,-5.578921
TCGA-CD-A4MH-01,19.088823,2.2198527,-4.3074956,-3.734347,0.4601339,1.0477291,1.0294728,0.09078611,0.08549624,0.92144257,-0.27165514,3.693388,-19.557383,-13.085623,8.56373,-9.140725,-1.8417075
TCGA-VQ-A8PU-01,14.648371,-6.327399,-3.7338018,16.71673,2.6722004,-0.756956,-1.1078653,-1.0924286,1.310761,-1.0386523,6.0534563,3.6063433,-5.0413594,-8.3580065,-5.2730546,4.8459797,-7.388073
TCGA-BR-8078-01,16.052832,-8.255034,-7.556445,-1.211418,-0.51969033,-1.0195514,0.32403702,-1.229759,0.36787978,-9.337178,15.432243,7.4582653,8.307426,-11.509889,-21.007381,-13.347563,-8.974981
TCGA-BR-7722-01,16.46091,2.4614685,-5.9611917,-6.0723295,0.4054279,-0.57892716,0.57162577,-0.6311119,0.8818136,6.2795024,5.4329915,2.3288057,-15.880314,3.6829486,8.309055,7.8440285,-2.915697
TCGA-R5-A7ZF-01,13.321314,-0.28825688,-8.000409,5.1892395,0.6560523,1.4572806,-0.061707333,-1.0377825,-0.00955271,5.3725123,10.730442,6.194422,-14.995216,-2.9827425,-2.1437602,4.4196043,-5.9665513
TCGA-ZA-A8F6-01,20.097658,3.7720315,-3.4140434,-15.3319,0.28573558,0.10412969,1.1016387,0.27208254,0.813346,9.32517,10.168515,2.5814788,-14.064035,1.8789728,4.8851333,7.345776,-3.615541
TCGA-D7-A6EV-01,13.504996,-8.349747,-13.387499,15.528811,2.089544,-0.55788136,-0.68492174,-1.4686542,1.0792768,1.3799585,11.066073,5.8513365,-0.44968376,-14.546798,-11.555772,3.725318,-9.251393
TCGA-CD-8536-01,13.430251,-6.5853677,-6.0423923,3.914409,0.29700965,-0.32713693,0.14936578,-0.9012115,0.29435048,-0.74536675,6.261921,3.6704392,-1.9518124,-11.184845,-1.0171897,-5.555074,-3.9895666
TCGA-BR-A4J6-01,15.733182,-4.880936,-1.6055104,-8.578418,-0.7178458,-0.21199627,0.6026223,-0.7642887,0.0713927,-0.8090257,0.41064376,4.3961377,-15.263047,-8.482294,4.2943616,-7.777124,-1.5696874
TCGA-IN-A6RI-01,16.375349,-11.011106,-12.275592,18.382378,2.522324,-0.5414948,-1.3127147,-1.2693213,1.0790174,11.262231,-1.3358004,1.3866428,-24.262817,-0.405785,18.499893,-0.46319744,0.008894104
TCGA-BR-A452-01,14.707899,2.611867,-6.681685,-4.092845,-0.7109479,1.7942444,0.66710484,-0.48489055,-0.45161122,5.909998,-2.3234296,1.8448116,-13.707433,-6.2947025,12.8190155,-0.12347601,-0.8323008
TCGA-BR-8486-01,19.338247,4.9487424,-1.2172467,-1.4342593,0.9750827,-0.37018016,1.013214,-0.50511914,1.1890674,7.5874248,10.552924,4.2289867,-16.428486,-3.8535886,-0.9464967,6.2268357,-5.4296217
TCGA-BR-8487-01,14.902767,-2.8484914,-6.256486,11.609855,0.4107208,-1.000679,-0.38838333,-1.3560798,0.5071611,-4.5405035,18.31402,7.187458,9.890951,-10.138581,-22.92757,-6.8695645,-10.296357
TCGA-BR-A453-01,18.52101,6.1993256,-6.2487245,-54.494446,-0.45368916,0.9444973,1.0694757,0.33740363,0.16442788,9.726311,13.403439,1.8238147,-10.135625,3.278579,2.5820832,9.109256,-3.8244908
TCGA-D7-A748-01,21.40148,6.788013,1.730477,-10.298749,-0.12402709,0.58921057,0.97976685,-0.6258494,0.14353381,2.4548178,4.4681497,4.871703,-14.049278,-7.020196,0.48523802,-3.4981084,-4.2140665
TCGA-BR-8676-01,12.047534,3.048776,-14.795962,-5.9555116,-0.09151204,-0.32007897,0.68335867,-1.3682283,0.3871636,-0.24512067,17.264841,6.1632333,-1.0015322,-2.6025808,-8.798989,-4.6773424,-6.643062
TCGA-HU-A4GU-01,14.305288,-6.348267,-5.5328107,15.880309,2.3398957,-0.17644238,-1.3955615,-1.2275347,0.848232,-8.082783,10.153825,7.23903,6.220143,-16.813162,-12.147564,-18.052011,-6.6471925
TCGA-CD-5799-01,15.826008,4.385943,-7.890766,7.7696295,-0.8891667,-0.6286075,1.592925,-0.7322491,0.517818,8.70823,4.1439495,1.9975342,-19.082495,2.5104628,10.461832,6.6916804,-1.6010635
TCGA-VQ-A91K-01,15.078273,-6.578879,-7.6893306,7.9772882,0.18388748,-1.1145322,0.41468233,-0.9050901,0.926159,-4.6711283,11.993791,6.4557543,4.188036,-9.4238615,-9.5322695,-8.432296,-6.5639105
TCGA-BR-7959-01,19.185427,1.1033897,4.3220925,-24.637024,-0.33181667,0.093220875,1.0286552,0.09014244,0.44793376,7.0747175,11.137949,2.4418511,-3.748002,-3.0933623,-1.8745582,5.8778934,-5.7080874
TCGA-BR-A4J9-01,16.430471,3.4003527,-5.2533903,-48.0979,-0.33867005,0.025304325,1.4218466,0.2635687,0.70948446,4.155038,-0.05618625,1.6935192,-15.343588,-2.5531874,10.770175,-0.30826828,-0.48876864
TCGA-BR-8368-01,14.895865,-7.6853833,-8.4580145,13.704926,1.8969849,-0.64683706,-1.1597867,-1.4149774,0.7303902,-1.8697274,14.585173,8.487533,8.155049,-15.445771,-18.512869,-11.280889,-9.799047
TCGA-FP-8210-01,20.634651,-2.4151013,-8.384063,-34.50614,-0.20886713,0.20682369,1.0320386,-0.11980525,0.3427637,8.523492,7.4392247,2.3668005,-15.111846,3.2734463,7.855116,6.006635,-2.284137
TCGA-CG-5726-01,13.240724,-5.783937,-13.014804,21.130573,-0.5417258,-1.1286576,1.2040445,-0.8784759,0.7818957,-4.4844527,12.489227,4.0317407,5.0162597,-13.670036,-13.690596,-0.8404665,-7.6758385
TCGA-BR-A44U-01,13.234741,10.189447,0.5187751,3.8768637,1.1457558,-0.19385542,0.6660504,-0.48582694,1.1094007,1.264892,16.032759,3.2774537,-2.6482716,-6.5829725,-6.5099435,3.9479716,-5.9642816
TCGA-IN-A6RS-01,15.350867,3.0836058,-14.73968,14.176058,1.8337748,-0.96865904,-0.7330511,-1.3032969,1.1615909,4.67139,13.810078,3.388815,-4.9349055,-4.2911215,-3.3070881,5.1126304,-5.4611664
TCGA-VQ-A8PB-01,11.402346,-2.7338364,-5.372758,10.854015,0.8741063,-0.689785,-0.20966686,-1.3249581,0.5983425,1.4187833,12.206639,5.4785595,0.7270001,-11.538049,-11.780356,-0.92319226,-7.154649
TCGA-BR-6455-01,16.067633,7.241506,-15.619734,-6.162177,-0.9434769,-1.0871977,1.2429291,-0.9384949,0.6051332,1.6323458,17.641914,7.0176396,-0.04630241,-4.865833,-10.625985,-4.517666,-6.966127
TCGA-HF-7132-01,17.500528,-3.7848423,-4.233873,0.21366803,0.95215076,-0.542647,0.24723057,-0.73662126,0.9239193,2.1399047,14.522245,3.3790588,-1.3674566,-1.7476327,-5.473245,1.2813292,-5.7881694
TCGA-IN-7808-01,13.115294,-8.392918,-14.007152,-13.44684,0.23918898,-0.17359419,0.54095566,-0.99064666,0.48995075,4.8378677,12.925952,3.851464,-4.941839,-0.7097144,-2.445358,3.7230906,-4.640645
TCGA-HU-A4G3-01,15.861672,-0.9699565,-6.377863,12.317879,1.1717206,-0.9571587,0.09574016,-0.9890043,1.1054357,4.119416,14.088312,4.119608,0.25659314,-3.7453625,-6.131001,3.313639,-7.0907836
TCGA-D7-8573-01,11.0122795,7.1829195,-15.484512,11.59262,0.22519344,-0.5277539,-0.42869955,-1.6333786,0.19002931,-2.5619586,16.415426,6.0315027,0.6787523,-5.6634626,-9.166696,-8.104913,-6.9178286
TCGA-IP-7968-01,18.386837,-10.684578,-3.5595531,-7.8320827,1.3803576,0.06341457,0.28184173,-0.6223508,0.77009827,11.226098,9.166824,4.2871156,-9.014273,-7.101612,2.5612617,9.955615,-5.306739
TCGA-BR-8366-01,18.298977,3.321825,-10.694873,-10.950241,-0.6637954,-0.55792564,0.28724834,-1.1209619,0.0789869,-3.999957,15.468899,5.9481454,2.9800053,-8.454484,-14.766908,-7.6090837,-7.534763
TCGA-D7-A4Z0-01,17.619648,3.2291403,-6.797456,-4.43797,0.27676278,-0.58316267,1.3862176,-0.48243946,0.95941347,-3.5132885,6.762358,5.4261475,4.1378474,-17.908428,-11.634664,-12.291049,-8.228934
TCGA-RD-A7C1-01,16.86807,-1.1514983,-10.552684,3.1514246,1.3012849,-0.35670966,-0.46758115,-1.2965394,0.65566385,1.3624855,8.000502,5.596533,-1.9105996,-7.6321225,-1.2597635,-7.9676294,-5.2385917
TCGA-BR-6563-01,19.628485,4.865927,-1.191146,-22.261696,0.7072104,0.5334614,0.7127546,0.26081893,0.5316594,7.338771,13.257328,1.3521377,-11.267469,2.9671657,2.879143,8.06125,-3.3054883
TCGA-HU-8610-01,19.479881,-8.436401,-9.497727,-1.7311238,2.102542,0.34661672,-1.1089864,-1.2237113,0.70976114,7.5769243,11.570724,2.4915133,-9.665289,0.43754718,1.8372896,8.553193,-4.9152546
TCGA-VQ-A8PC-01,16.810665,3.5044339,-3.7982965,1.3303033,1.24981,-0.39939696,1.0018716,-0.47386175,1.2481717,5.1492047,9.903723,1.3724657,-8.520207,0.88571215,1.8451421,5.453318,-3.624194
TCGA-RD-A7BS-01,17.142582,11.336775,-0.8831557,0.9681255,0.15122941,-0.034371786,0.48376006,-0.8239285,0.29787773,4.7485,1.0809084,1.9007889,-12.994188,-2.6014957,10.542672,0.4481888,-1.069099
TCGA-BR-8077-01,17.373037,6.4923396,-7.047061,-2.8955953,1.0489935,0.23969525,0.82027,-0.2954655,0.80147564,5.127174,8.996421,5.478863,-14.212752,-10.156459,-1.7540092,3.59975,-6.0658994
TCGA-VQ-A94P-01,19.076687,1.040148,-10.572668,-53.127445,-0.42643207,0.49255985,1.1418177,0.14317776,0.22131439,9.938051,8.2922735,1.6399438,-16.25571,6.2664814,8.803876,7.943597,-2.1876621
TCGA-VQ-AA6G-01,13.588579,-2.591974,-3.4367898,24.383705,1.6914755,-0.5727449,0.47079426,-0.5423282,1.3860154,1.6866366,10.076941,5.029229,2.8294253,-6.1490664,-7.127307,-4.860753,-6.526185
TCGA-BR-6803-01,21.804798,1.2549231,-9.180137,-30.965672,-0.8119268,-0.28620514,1.513621,-0.16733608,0.50502264,5.35569,11.696131,3.0520103,-16.72837,4.0638065,-2.7372818,6.6630836,-4.289113
TCGA-BR-7717-01,16.697714,0.24295221,-2.8277724,-5.8780785,0.679912,-0.19431762,0.80846643,-0.18568234,0.8864797,4.8654604,12.88492,4.293576,-0.96834004,-6.1722784,-5.6214843,3.2493281,-7.294942
TCGA-BR-8295-01,12.832829,-3.5790422,-12.037355,-15.812927,-0.494904,0.41280782,0.97477233,-0.60862434,0.1681803,9.62026,5.0534215,3.9210913,-24.20113,-3.5018184,6.3539805,-0.15176176,-2.298488
TCGA-BR-8678-01,15.572754,-6.587668,-6.3599215,-12.214385,-1.4251462,3.802108,0.09063995,-0.5952937,-1.5229137,12.427787,7.327272,4.095146,-18.878212,-4.5251865,8.207395,7.3352237,-4.355709
TCGA-HU-A4H4-01,16.380774,-1.9937052,-9.589234,9.991749,0.48889208,-0.56634325,0.3663574,-1.0907634,0.61985403,-5.562772,7.615968,4.588146,3.6312928,-18.575933,-12.23268,-10.812528,-6.8608246
TCGA-HU-A4GC-01,16.24959,4.0930276,-0.96684635,7.233055,0.29191622,-0.64085084,1.2211566,-0.7027162,1.1253504,-1.6714587,0.8637893,4.307257,-1.4201342,-16.523174,0.6256006,-8.7211275,-5.2551394
TCGA-BR-A4IZ-01,20.470945,0.8831601,-2.045511,-34.811607,-0.2520245,0.9759778,1.5690813,-0.33479014,0.16480212,1.8425983,6.52344,4.692877,-7.859988,-6.9543195,-2.0669715,-2.8156385,-5.6122904
