,0,1,3,5,7,8,12,13,16,18,23,24,25,26,29,0,1,2,3,4,5,7,8,9,10,11,12,14,15,16,18,20,22,25,26,27,29,0,1,2,5,6,7,8,9,10,13,16,18,21,25,26,27,29
TCGA-VD-A8KM-01,9.988424,8.93868,-10.237966,0.8393107,-10.533956,-10.91804,-10.065609,8.869966,8.497915,-10.981056,-3.0987992,-0.05840779,9.084048,7.6964254,-9.672155,0.50663924,0.88911456,-5.893318,-1.545539,-1.3280954,-2.372848,-2.9296556,2.5348294,1.8756533,3.5401227,2.3261611,-0.47991875,6.50073,-1.1458708,2.5988276,2.1153514,1.1970415,4.355671,2.593511,-1.2171038,3.0781171,-0.7194143,16.956022,-28.451427,-11.1192,-16.462791,11.121533,1.0879753,7.255088,-10.284628,11.082027,23.276459,9.591315,-21.016254,-13.73797,-17.80352,9.149621,6.1006913,14.995979
TCGA-V4-A9F4-01,8.043455,7.316135,-8.158318,3.202947,-8.535773,-8.791086,-8.172421,7.0907407,6.7023797,-8.763147,-4.2423525,-2.465799,7.4487696,6.624968,-8.068487,-1.9647115,-1.2728711,-5.502055,0.20909716,0.34609115,0.05419501,-3.8973913,2.3497443,0.79413795,5.9388986,4.306091,2.6669767,6.701498,1.4075472,3.844406,-0.84134305,-2.7710812,2.806175,6.5602455,-2.6330044,5.69254,-2.1781836,6.949692,-17.43552,-12.733637,12.749246,9.616882,16.059385,8.309334,-23.70285,7.1859407,3.2556274,27.734697,-6.201736,-39.012226,-25.264574,28.583738,20.890867,-4.374948
TCGA-WC-A881-01,8.519601,7.75507,-8.656141,2.7590194,-9.0387945,-9.3750515,-8.654323,7.484403,7.173581,-9.302357,-4.0495467,-2.045933,7.812931,6.8881927,-8.450538,-2.496361,-1.6312231,-5.3269224,-0.13939472,0.09037167,0.15298745,-5.050566,1.4419527,0.08952167,6.544775,4.4290953,2.8032947,7.0064826,1.9946007,4.180468,-0.92031044,-2.664504,1.6872082,7.5011644,-2.988848,6.0964236,-2.9005516,11.6831455,-17.199274,-10.171549,3.6263871,15.853748,18.090952,8.279286,-21.125677,8.675018,7.393356,20.24939,-9.259197,-24.587206,-17.494774,22.199247,18.455172,6.162384
TCGA-V4-A9F1-01,9.242186,8.320276,-9.408238,1.8492433,-9.762817,-10.072984,-9.329701,8.180976,7.8335137,-10.13621,-3.6190848,-1.1352179,8.481893,7.353081,-9.058237,0.03351218,0.8802806,-6.505232,-0.93159,-1.5103619,-2.3929746,-2.8213625,3.3083055,2.0084484,4.935273,3.4006793,0.4049849,7.2759237,-1.0028052,2.967178,1.9158211,0.17329018,4.812413,3.098216,-1.9319654,4.0043154,-0.6370891,13.346165,-7.2704296,-18.578505,-16.065582,26.33314,21.736933,15.790717,-18.47092,3.3361833,11.9148855,-5.1674833,-13.455496,3.1042993,3.8231423,3.6731536,21.094727,26.892078
TCGA-VD-AA8N-01,7.703045,7.05294,-7.5825305,2.0836782,-8.050718,-8.253266,-7.7945175,6.8312163,6.3274016,-8.539906,-3.588178,-0.5045285,7.3047113,6.22614,-7.670517,0.7520111,1.6871953,-6.7967877,-1.6558539,-2.2784574,-2.9226093,-2.801286,3.122569,2.2636774,4.280371,2.924448,-0.6010557,7.6319585,-1.8913463,3.0053172,2.716742,1.3678714,5.1544065,2.8920271,-1.5962894,3.3882926,-0.34116036,16.49244,-30.423473,-13.725565,-14.88209,17.097118,6.566706,3.7168381,-11.248618,5.4209943,20.415115,9.073746,-24.055542,-11.624676,-12.863025,11.067024,6.4279833,17.704315
TCGA-V4-A9EY-01,7.149177,6.5790944,-6.8689237,2.582572,-7.4461894,-7.589646,-7.276002,6.3314185,5.6882057,-7.9809923,-3.8379343,-0.5152302,6.9635706,5.792476,-7.1769543,-2.001974,-0.75637007,-5.617713,-1.0244595,-0.8481885,-0.86719817,-4.755253,1.8866106,0.79363734,6.3315263,3.859117,2.4803605,7.2544465,1.0761381,3.6607034,0.44682193,-0.8816062,1.7828813,5.861706,-2.6728382,5.1662006,-2.3000124,2.8529942,-5.101701,-17.30572,1.117925,20.77521,24.10291,15.757477,-25.361404,-3.8422554,1.4926515,9.079336,-9.101455,-15.682292,1.8213133,19.382753,29.713491,14.038541
TCGA-V4-A9EI-01,9.209858,8.33109,-9.376269,1.9877679,-9.740674,-10.018334,-9.279089,8.143263,7.826418,-10.069979,-3.7351305,-1.3187028,8.399852,7.346805,-9.011902,-0.03130525,0.30609024,-5.258606,-1.8835677,-0.87990576,-2.0860136,-3.6984134,1.8795731,1.445292,3.476157,1.7320533,0.13401653,6.142852,-0.23368336,2.4379654,1.8508165,1.3542385,3.3258533,2.8038387,-1.2004435,2.8680131,-1.3682666,13.557081,-32.232643,-19.34437,-15.287375,20.870049,9.445943,1.9730929,-13.461513,-3.3214138,20.285809,6.332509,-28.358303,-10.071955,-6.353765,11.376715,7.224702,21.696465
TCGA-VD-AA8O-01,7.08445,6.5071855,-6.9805613,2.9778533,-7.4995303,-7.6158543,-7.175157,6.3066516,5.8459554,-7.769873,-3.9571517,-1.7518743,6.700431,5.932301,-7.1231437,0.16375194,0.7635514,-5.285283,-0.7860202,-1.3889744,-1.8050815,-2.245541,2.5809274,1.67471,3.7689006,2.6699462,0.09714272,5.783425,-0.918917,2.270903,1.6392778,0.21261911,3.768173,2.6085422,-1.5002931,3.2410777,-0.28323776,25.387905,-24.662476,-10.314011,-18.582493,8.32863,9.0828705,9.820056,-11.712247,13.701168,21.006227,8.307343,-20.039825,-7.2736545,-16.337898,6.035549,5.95688,20.395424
TCGA-WC-A880-01,6.956295,6.4615326,-7.0666337,4.1132183,-7.49612,-7.6985064,-7.16979,6.1996493,5.8484983,-7.5767345,-4.585661,-3.473821,6.5425267,6.0437603,-7.1923103,-1.8515459,-2.2057235,-2.9744303,2.1616833,-0.27729928,2.740308,-2.903408,0.10358235,-1.0782541,5.407988,5.133496,4.653808,2.556287,4.1396523,3.7061057,-1.5199063,-3.446126,-1.7154084,6.173703,-2.8501475,5.279011,-3.6071737,6.422373,-20.641169,-12.331715,10.760293,6.223102,13.946743,11.185152,-26.02687,7.8820095,3.9942975,29.095852,-7.7344975,-41.86459,-26.826582,26.926203,22.771902,-6.612887
TCGA-WC-A882-01,8.433462,7.6477413,-8.235954,1.2785202,-8.779502,-9.038707,-8.513485,7.436903,6.8447003,-9.416905,-3.2123415,0.82011104,8.0544615,6.533658,-8.247752,-0.9718657,0.26340914,-6.1779675,-0.6524744,-1.2409136,-2.1986938,-3.7417126,2.930601,1.2836976,6.012319,3.6778507,1.2532518,7.210933,-0.03716959,3.3514214,1.2728122,-0.71899223,3.412327,4.280346,-2.4411392,4.7008333,-1.6045654,10.165343,10.113762,-11.219284,-11.902466,26.067352,27.284494,26.112595,-18.942684,21.808018,4.161695,-7.114511,7.077253,2.704572,-6.5567927,0.12866768,28.991167,16.827866
TCGA-VD-AA8P-01,7.957774,7.250543,-7.867269,2.5704336,-8.343778,-8.557177,-8.012455,6.9988837,6.5777626,-8.709865,-3.8522844,-1.3153502,7.438201,6.454807,-7.909706,-0.41804174,0.6712808,-6.7547197,-0.51650256,-1.5856187,-2.2325444,-2.9070828,3.6779923,1.8704749,5.876103,3.979162,0.87836653,7.5296135,-0.7360287,3.1272721,1.5993335,-0.6210974,4.5434675,3.6032498,-2.3299167,4.6929903,-0.66239417,9.732058,2.4628353,-19.006018,-21.765627,34.026737,28.688787,24.102283,-18.567974,13.444689,8.672677,-13.217516,-3.8019407,10.319127,3.0624797,-5.5178432,25.589027,27.333963
TCGA-WC-AA9E-01,8.471686,7.6876006,-8.623808,3.0584757,-8.953838,-9.290746,-8.591084,7.429409,7.1278896,-9.187413,-4.227507,-2.5034165,7.7341566,6.877158,-8.380258,-2.1819031,-1.6290122,-5.428984,-0.11965254,0.65809846,-0.06822378,-4.7247086,1.692584,0.564793,5.9095325,3.88471,2.4459515,6.7896166,1.9002615,3.7140107,-0.6648452,-2.1742535,2.259705,6.454653,-2.3290617,5.268114,-2.7117815,7.960766,-18.765152,-17.48566,10.816323,15.785336,20.854591,6.001325,-24.998386,-0.48538977,1.9999903,23.120888,-11.3395195,-31.811502,-16.339468,27.425413,22.387293,3.105831
TCGA-V4-A9F8-01,7.274185,6.690432,-7.069666,2.730896,-7.657203,-7.7879686,-7.360294,6.4716964,5.89257,-8.021444,-3.89555,-1.2068427,6.947047,6.0029783,-7.2859898,-0.8860502,-0.026484571,-5.9474854,-0.6259257,-0.82719845,-1.8194693,-3.54347,2.7174413,1.299908,5.413582,3.3426123,1.1973689,6.7787113,0.12658256,3.0904615,1.1068918,-0.6621462,3.4384425,4.0222607,-2.101129,4.3883348,-1.5125252,19.802635,-19.429195,-14.350037,-24.537567,18.765007,13.342704,13.239949,-11.473715,12.294817,22.515512,1.2831396,-18.892002,0.026400276,-8.934541,2.094917,9.239609,25.996399
TCGA-VD-A8K9-01,7.6586933,6.996,-7.8245773,3.6069524,-8.235919,-8.435114,-7.7999716,6.7484756,6.4523683,-8.309092,-4.414926,-3.1042483,7.0200763,6.434955,-7.7650847,-1.600649,-1.5035,-3.8433654,2.7212613,-0.104568735,2.8603337,-1.5215168,1.7900732,-0.21948068,5.3221006,5.308424,4.246576,2.593832,2.8438652,3.7045782,-2.0591946,-4.4487395,0.028416011,6.1502357,-2.6220937,5.909129,-2.7536628,12.141407,6.222288,-11.143572,12.921546,10.21419,28.409481,11.307954,-23.2959,1.7484524,-9.860417,8.543414,4.982002,-12.071068,-5.002088,16.269098,28.04924,5.4548597
TCGA-V4-A9EZ-01,6.3177314,5.9018207,-6.1374564,3.5317888,-6.6877184,-6.7775235,-6.4568195,5.606616,5.054977,-6.935397,-4.1846495,-2.1139498,6.072419,5.3906074,-6.4277654,-1.6413878,-0.9172323,-5.5998235,0.14832143,-0.067031726,-0.14306836,-3.0942118,2.858237,1.1188225,5.7097554,4.219067,2.4795184,6.420309,0.7216908,3.524079,-0.49493256,-2.398922,2.990633,5.7081814,-2.5111625,5.449629,-1.4628738,11.917431,5.0755367,-13.772233,-1.8558909,21.756853,31.371153,19.839443,-25.4267,11.146593,0.023423692,2.8151815,1.2471019,-6.5056787,-2.953243,10.123747,31.159512,15.770346
TCGA-VD-AA8Q-01,8.724673,7.948607,-8.670564,1.693714,-9.108075,-9.480436,-8.859733,7.687304,7.2121143,-9.716417,-3.4892051,-0.009208687,8.237054,6.7940097,-8.592779,-1.1444556,0.0022357386,-7.04158,-0.0009841602,-0.92254853,-1.6013981,-3.111919,3.9976509,1.9011034,6.803706,4.7072854,1.9900941,7.9133577,-0.105583094,3.7049632,0.7620245,-1.584082,4.4400334,4.8019423,-2.6797957,5.5084634,-1.0525233,14.31236,-14.033409,-8.400811,-1.1318363,13.423187,15.020275,11.803067,-19.231365,12.373426,10.067662,17.64666,-9.189404,-21.590471,-18.637049,20.300558,17.979862,9.393493
TCGA-V4-A9E9-01,5.029156,4.8434305,-4.9224453,4.2013664,-5.434568,-5.517414,-5.279155,4.499297,4.084869,-5.5072727,-4.257549,-3.1958601,4.955062,4.558003,-5.3665733,-1.1961944,-0.78280497,-3.6892893,-0.89154255,-0.30672786,-0.28136608,-2.9346282,1.1547893,0.6714658,3.495388,2.3707101,1.5357796,4.4668884,0.810658,2.0645144,0.32215148,-0.52493876,1.3627857,3.5253093,-1.5735856,3.2102463,-1.3340471,16.827585,-11.57379,-8.565655,13.535983,8.00773,22.59921,9.096392,-22.064941,13.13781,1.0908289,26.113308,-2.2124107,-30.556206,-27.779192,25.787188,20.619678,-1.054599
TCGA-VD-A8KL-01,6.761057,6.274209,-6.60998,3.3944438,-7.1435885,-7.2925825,-6.8803773,5.978903,5.511373,-7.3793144,-4.155353,-2.1727567,6.443515,5.728532,-6.892246,-1.1841552,-0.5676636,-5.0934987,-0.8369196,-0.31177995,-1.3836666,-4.1343417,1.7706952,0.82539475,4.8195167,2.667906,1.3738527,6.1670494,0.92568135,2.8796368,0.6857835,-0.58553904,2.2559144,4.209143,-1.8466798,3.8994305,-2.0268545,14.03389,-8.030546,-15.40708,-13.895888,21.327139,21.812574,15.221044,-17.218557,1.6817816,9.264517,-2.5187654,-12.649593,2.8704686,4.1789565,4.3784933,19.878187,25.230976
TCGA-WC-A87T-01,7.924267,7.261063,-8.203449,4.236281,-8.553425,-8.808322,-8.093655,7.003285,6.8042336,-8.546547,-4.8060775,-4.1776085,7.2527356,6.728513,-8.053456,-1.420498,-0.92299956,-5.077793,0.10638569,0.08130305,0.07854716,-2.4171216,2.732665,1.2762889,4.98037,3.9542408,2.2846105,5.778266,0.6072667,3.1264565,-0.41278836,-2.1536107,3.0156772,4.9428725,-2.146077,4.808022,-1.0994195,9.249619,-18.008564,-9.137962,2.7594142,10.758268,10.997219,13.691644,-21.156897,15.83296,11.106149,24.624945,-8.140823,-35.268436,-28.124966,23.726383,19.326458,0.03734733
TCGA-YZ-A980-01,12.046033,10.638736,-12.179797,-2.22077,-12.458385,-13.077326,-12.0622225,10.560615,10.202076,-13.377939,-1.6152545,3.9840932,11.087258,8.597395,-11.320339,1.9934723,2.7102885,-4.401284,-3.147222,-3.0056732,-3.800871,-3.427019,1.7998476,1.3695874,1.3931291,-0.51668555,-1.5301052,5.456753,-1.9379714,1.9487544,3.8502321,3.8691335,3.8410618,0.59988636,-0.58916795,1.2844135,-0.28898242,14.650474,-25.19205,-9.656865,-15.969348,12.277569,0.21565549,14.226272,-13.153001,17.898376,24.185188,14.086145,-16.48667,-21.95137,-23.663252,13.262597,10.02732,11.676838
TCGA-VD-AA8M-01,7.30763,6.735584,-7.1770754,3.2996218,-7.6968627,-7.9123673,-7.4675903,6.435761,5.940003,-8.047692,-4.2208138,-1.8286902,6.9986825,6.0932355,-7.396688,-1.8738188,-0.87072366,-5.364274,-0.054261222,-0.30545267,-0.17934977,-3.4584475,2.6188223,0.77092975,6.006207,4.296046,2.5437374,6.3800426,0.7590333,3.7090797,-0.53206736,-2.3809016,2.472556,6.119606,-2.7746935,5.746523,-1.7262747,7.049144,-14.965138,-13.063829,9.709126,8.397985,15.958039,10.754024,-24.043642,3.932006,1.809343,23.256403,-6.804973,-32.676884,-18.483593,23.873957,22.611155,-1.4587324
TCGA-VD-AA8T-01,9.029881,8.177512,-9.25291,2.5843692,-9.605753,-9.941502,-9.168107,7.992492,7.7218375,-9.916424,-4.0021086,-2.0804563,8.268219,7.2862396,-8.967341,-0.91054845,-0.05995967,-6.404686,0.033256754,-0.7257202,-1.1948805,-2.8442562,3.7120035,1.7857091,5.8998466,4.1924276,1.6252667,7.0026574,-0.11546457,3.217939,0.61011386,-1.5572639,4.1087513,4.372685,-2.3298864,5.079407,-0.81956905,7.02329,-0.48079598,-18.816706,-16.199926,31.022564,27.201584,22.124918,-20.280174,7.846833,8.415219,-7.0392456,-7.02918,2.5060625,3.1395726,1.4326408,25.39436,24.04504
TCGA-VD-A8KI-01,6.726555,6.22122,-6.6234517,3.1989489,-7.126471,-7.183262,-6.8553615,5.990336,5.4777904,-7.393466,-4.088339,-1.8817552,6.429096,5.718494,-6.8505225,-0.5397359,-0.26947004,-4.586895,-1.3601781,-0.47583783,-1.5899357,-3.7505245,1.509116,0.91242856,3.5541246,1.7308013,0.6228145,5.4154925,0.57026243,2.2324312,1.1987388,0.39134502,2.3150277,3.0083344,-1.286555,2.968746,-1.6342868,17.512009,-29.92514,-12.924164,-14.595047,14.504553,8.027472,4.6600924,-9.798418,4.392981,21.76066,8.7161455,-24.28822,-9.6602,-13.414615,10.144366,4.759531,18.476362
TCGA-V4-A9ED-01,8.282583,7.526192,-8.224511,1.9879688,-8.691028,-8.934821,-8.360524,7.335199,6.8293533,-9.154184,-3.5768318,-0.439067,7.853934,6.590504,-8.204638,-0.68439305,0.14870818,-6.3638434,-0.6468808,-0.8516419,-2.0008159,-3.4781702,3.0781298,1.5870279,5.454306,3.4814758,1.0683024,7.305891,0.09411925,3.1784716,1.2816503,-0.6870961,4.1119003,3.9023876,-2.0497627,4.431876,-1.4319141,20.562544,-25.627083,-9.433111,-18.82873,10.444921,4.9714904,14.11595,-13.2586155,16.637241,25.255634,11.922474,-19.601137,-15.055468,-20.596926,10.213168,8.82686,17.425682
TCGA-V3-A9ZX-01,10.282167,9.184017,-10.302882,-0.27187976,-10.693385,-11.076662,-10.311403,9.048095,8.608208,-11.444674,-2.5634267,1.8907446,9.530518,7.6919184,-9.851518,1.8777646,2.701742,-6.461324,-3.9429374,-3.194581,-4.4734807,-4.4134836,2.524641,1.9839576,2.583544,0.4417641,-1.634272,7.5391364,-2.2648416,2.7493453,4.4790044,4.417223,5.2620673,1.5891238,-0.94669545,2.2015202,-0.57415473,20.545721,-26.860558,-13.082966,-15.8610115,12.836065,6.8904843,6.2696304,-10.79991,8.081484,20.63547,7.2918873,-21.552269,-8.081012,-13.647261,7.913966,6.459242,19.252762
TCGA-VD-A8KJ-01,8.143773,7.4261603,-8.266537,3.1310618,-8.649658,-8.913899,-8.27373,7.167176,6.819703,-8.89369,-4.236722,-2.4125633,7.545293,6.6999154,-8.135529,-1.2994298,-0.15397534,-6.1183567,-1.2196388,-1.034944,-2.015837,-4.720281,2.2658234,1.1017749,6.078564,3.233813,1.650925,7.6016803,0.6469614,3.3257027,1.2464507,-0.26030374,2.5276895,4.7728624,-2.3824372,4.501206,-2.1577628,8.799772,-17.702692,-13.583567,6.0213118,13.560032,15.5065775,9.515805,-24.242577,5.5479274,5.993039,20.999657,-9.792534,-31.147644,-17.802105,24.124561,21.63772,3.2752507
TCGA-YZ-A985-01,6.4164133,5.9759626,-6.300237,3.6671476,-6.7937226,-6.9219556,-6.565744,5.705338,5.1928864,-7.023242,-4.288016,-2.4713337,6.1446333,5.545357,-6.579224,-1.0410577,-0.46673834,-5.310119,-0.45370147,-0.16038576,-1.0758973,-3.3473933,2.3881571,1.2125654,4.722961,3.06019,1.3720121,6.134467,0.65613294,2.931642,0.5214935,-1.0748683,3.156886,4.0876293,-1.792872,4.0738454,-1.5789758,10.894883,-2.5926347,-19.124342,-11.679601,24.737944,24.27551,16.944902,-18.686066,0.33665568,7.445297,-3.362607,-11.161214,2.5082712,6.853625,6.334488,23.109953,26.557175
TCGA-V4-A9EJ-01,7.1397486,6.620604,-7.1713557,3.6326542,-7.656645,-7.8548884,-7.324607,6.3668118,5.951041,-7.8249125,-4.377752,-2.6823595,6.7451015,6.062754,-7.301577,-2.5041163,-2.8645518,-2.7046056,1.574517,-0.103019215,2.7907715,-3.5128443,-0.98064685,-1.2547979,5.3662853,4.861446,4.8814106,2.4359176,5.055316,3.3129244,-1.2719367,-2.4353843,-3.1053069,6.016444,-2.8087833,4.717492,-3.8556268,16.798456,-9.307305,-6.0258384,16.750608,2.4155147,20.483107,7.2421055,-21.104912,12.870686,-2.667437,26.659544,1.8695763,-31.09467,-27.636906,24.76888,19.763462,-5.742523
TCGA-VD-A8KE-01,7.9391527,7.2681823,-7.9236116,3.0792096,-8.384307,-8.639406,-8.091383,7.0161214,6.5776677,-8.726501,-4.1854243,-1.9205472,7.4586573,6.5292625,-7.945754,-2.0409482,-1.6166695,-4.431674,0.9067212,0.5714451,1.2360815,-3.176376,1.7947125,0.12010511,5.4383945,4.4879146,3.0851545,5.008147,2.00167,3.6675937,-1.5836884,-3.6169302,1.5591344,6.714554,-2.7308455,5.8272104,-2.4116066,0.8235207,-1.4129711,-16.131666,6.3204846,19.088295,24.45783,17.613127,-28.0892,-2.4025714,-1.2650132,11.625766,-4.30306,-21.484385,-0.58451253,21.935986,33.570934,9.154291
TCGA-V4-A9ES-01,7.23013,6.646648,-7.398371,3.7095323,-7.760287,-7.9720345,-7.344129,6.42309,6.123775,-7.7781706,-4.349585,-3.5291097,6.604761,6.183416,-7.3405175,-0.58147794,-0.2786761,-4.890592,0.07651923,-0.37722972,-0.40585265,-1.7253277,2.9924378,1.5375473,4.1295223,3.3151672,1.402184,5.175004,-0.13576238,2.1946948,0.3134384,-1.3717518,3.330305,3.2062018,-1.7067206,3.9481478,-0.17402253,8.366376,5.230727,-17.79236,-18.706917,29.9617,25.791746,24.93597,-17.66478,13.182983,9.856641,-11.095994,-2.455502,5.5056534,0.110691614,-2.026202,26.483376,24.249065
TCGA-WC-A88A-01,6.7708673,6.245643,-6.754941,3.4401743,-7.1978703,-7.308769,-6.8943086,5.9711547,5.5730424,-7.354001,-4.157178,-2.5752964,6.3621764,5.791917,-6.931024,-0.23561426,-0.026618138,-4.859287,-1.1368115,-0.5975977,-1.7491876,-3.2402952,1.8479917,1.1748617,3.5203714,1.9643235,0.4248462,5.542891,0.13129011,2.2847185,1.3019724,0.36164057,2.9265199,2.7926025,-1.2649658,3.008806,-1.2868307,23.884346,-24.363276,-12.580385,-25.37569,17.479841,8.716813,5.7857122,-6.0456905,9.897878,24.064735,-2.079705,-21.40466,4.68591,-11.423266,2.5369484,3.5510085,27.969849
TCGA-V4-A9EH-01,8.804781,8.012171,-8.847048,2.1284623,-9.252469,-9.620343,-8.919596,7.761003,7.3683887,-9.688994,-3.7122698,-0.99034965,8.199686,6.976404,-8.637094,-1.1270857,-0.28599852,-5.284491,-0.74826324,-0.8771483,-1.2158676,-3.0927687,2.3733063,1.2180506,4.986962,3.3214147,1.6019561,6.1094265,0.27866164,2.8812327,0.8120661,-0.6666876,2.6535811,4.007287,-2.0880055,4.2281404,-1.293212,16.19267,-11.036639,-5.781529,-11.298599,18.253332,10.223847,16.422672,-17.376732,22.707348,16.738901,9.521791,-7.835815,-14.904336,-19.156515,15.4958105,18.462133,15.363821
TCGA-WC-A87Y-01,11.397337,10.095904,-11.477695,-1.6410332,-11.809547,-12.334239,-11.428333,10.015123,9.59343,-12.700869,-1.8952707,3.4600773,10.564105,8.199221,-10.76498,1.8668032,3.2877836,-8.5366,-3.5019228,-4.196768,-5.0802336,-3.8452854,3.8239481,2.8149767,4.4180455,2.5468113,-1.1962479,9.58556,-3.363494,3.8090832,4.877204,3.5163362,6.9765043,2.653059,-1.8650972,3.481834,-0.07617288,18.969831,-27.124382,-10.715496,-17.865253,8.438623,1.501792,11.817773,-12.545164,13.549316,23.938496,10.657226,-19.566294,-15.153605,-17.547976,8.378898,7.7764645,15.768279
TCGA-V4-A9F0-01,9.703013,8.672051,-9.6846285,0.80960625,-10.078918,-10.459121,-9.731298,8.514954,8.070378,-10.726049,-3.1285412,0.6961857,9.019983,7.4427924,-9.404049,-0.3092065,0.84879017,-6.7763968,-1.2120204,-1.5424614,-2.713084,-3.6110733,3.0173924,1.7851743,5.4422245,3.4213836,0.27577808,7.8711495,-0.68893605,3.3485012,1.9922563,0.18623297,4.544643,3.7929564,-2.0367856,4.1279626,-1.3386436,24.5621,-27.773512,-12.417737,-21.40496,14.107325,7.5860257,8.361302,-8.746246,13.091186,24.788246,6.4688888,-23.623562,-5.072404,-15.208701,6.0229115,4.3271933,23.77578
TCGA-V4-A9EM-01,8.623282,7.7844687,-8.496856,1.2632045,-8.982208,-9.251911,-8.705312,7.6021357,7.0720773,-9.581566,-3.183106,0.60767305,8.1713915,6.65662,-8.427603,-1.2972685,0.30939537,-6.042511,-1.8084468,-2.049831,-2.5904398,-5.0532994,2.010996,1.0899612,6.3826694,3.1089232,1.3505311,7.5159955,0.06835023,3.3648326,1.8978132,0.45509726,2.0500064,4.7136755,-2.7664042,4.454399,-2.057,27.498642,-4.6084347,4.2993846,-7.6582203,1.4283439,13.47572,9.560124,-6.786303,30.978275,9.787238,5.819047,5.0405865,-5.531623,-31.537697,3.87292,9.167536,7.093029
TCGA-V4-A9EO-01,7.6672206,7.039676,-7.73639,3.2913241,-8.152509,-8.372104,-7.78972,6.786881,6.4021673,-8.3749,-4.274455,-2.460898,7.15341,6.396928,-7.7643723,-1.379481,-0.6957185,-5.103401,-0.06466451,-0.04811301,-0.5363672,-3.2450173,2.4496877,0.96639335,5.122227,3.507525,1.8895599,5.94297,0.7451102,3.1528683,-0.12879689,-1.8741952,2.8067224,4.8803377,-2.1130295,4.6231008,-1.5760142,24.348051,-22.043192,-7.782902,-15.903346,8.690168,9.045295,12.912487,-12.739503,19.767046,20.70146,12.977953,-13.852406,-14.06802,-21.988403,9.0104685,8.460875,16.128471
TCGA-WC-A888-01,9.519574,8.559113,-9.588472,1.0746549,-10.005952,-10.339298,-9.631398,8.436907,7.985272,-10.523168,-3.252449,0.26749194,8.816731,7.378278,-9.282261,0.45317012,1.0329007,-6.230748,-1.1978016,-1.4135638,-2.358859,-2.7603993,2.8907309,2.076352,3.995259,2.8260071,-0.36002815,6.912273,-1.1836408,2.7499573,2.1012223,0.772014,4.8052464,2.8198562,-1.4488826,3.4020388,-0.5952062,14.751302,-27.610645,-11.492204,-16.986893,12.896732,1.8165914,13.105843,-14.666504,12.40648,24.725882,12.259886,-20.403507,-19.315926,-17.51499,12.1400385,9.762769,15.1092205
TCGA-VD-A8KD-01,9.940773,8.913247,-10.090575,1.1018728,-10.507045,-10.886771,-10.057392,8.792747,8.447192,-10.958006,-3.2714207,-0.23006654,9.113787,7.7375603,-9.630937,1.0058093,1.395968,-6.767231,-0.5553071,-1.6333317,-2.1399393,-1.70862,3.8062763,2.594803,4.043733,3.338158,-0.36821613,7.259993,-1.8532816,2.5010853,2.0870612,0.3479836,5.6352224,2.5047696,-1.5048653,3.5571327,0.6081749,19.171495,-27.112942,-10.224978,-16.274948,13.005629,6.2833047,11.684003,-14.188986,10.999427,23.25118,11.496917,-21.422298,-14.334253,-15.571862,10.618957,9.354264,17.473995
TCGA-V4-A9ET-01,5.667788,5.369173,-5.584043,4.1061687,-6.0603185,-6.136887,-5.858847,5.086212,4.5808773,-6.187301,-4.391422,-2.946176,5.526074,5.0162797,-5.9283834,-2.0310516,-1.5672344,-4.5673523,0.22558531,0.42489702,0.69706213,-3.493046,1.5805949,0.3279641,5.204045,4.1056523,2.6469758,5.501495,1.7091007,3.4318337,-1.1019106,-2.8128083,1.7673576,6.3690314,-2.5515888,5.4141135,-2.1583827,15.46474,-13.787339,-6.584851,11.466338,7.0312066,16.648375,7.074883,-20.038,14.216079,2.7301562,24.069607,-2.4787843,-29.490038,-27.061272,24.454142,18.826948,-1.9377527
TCGA-V4-A9EC-01,7.0201044,6.490886,-6.988111,3.7085888,-7.450973,-7.6538563,-7.178628,6.198705,5.7701125,-7.6681323,-4.410329,-2.6445584,6.6399074,5.941876,-7.1604657,-1.2404548,-0.67956847,-6.066977,0.37240672,-0.057616197,-0.13477056,-2.4298081,3.707595,1.7794942,5.718394,4.4685097,2.3961856,6.7391376,0.27536458,3.3688736,-0.31489307,-2.4336097,3.98757,5.085176,-2.3063295,5.3469996,-0.7632676,6.9780836,7.937669,-13.048893,4.6926312,22.175026,29.065226,18.993656,-25.315649,8.436914,-2.8110576,5.4742117,4.9845657,-11.993903,-2.9346354,16.825466,32.101814,12.5049925
TCGA-V4-A9EQ-01,6.9028683,6.3677354,-6.792014,3.2412233,-7.3087115,-7.421753,-7.0061364,6.1399007,5.6372967,-7.5344396,-4.112954,-2.0867326,6.5357776,5.845978,-6.981903,0.057269584,0.26592517,-5.0141354,-0.18393587,-0.8324974,-1.1935797,-1.7095822,2.9069128,1.6516837,3.7194755,2.860503,0.5691576,5.190008,-0.658368,1.9193283,1.0668836,-0.48538196,3.5651033,2.380676,-1.5218102,3.4333832,0.08253279,19.681486,-21.037775,-11.554523,-25.199272,18.222368,9.469334,11.746029,-11.29727,13.021235,23.853512,0.49964553,-19.911171,-0.4227764,-9.455767,2.198282,9.02357,25.434374
TCGA-VD-A8KH-01,9.002267,8.155966,-9.142882,2.3028057,-9.5038185,-9.861601,-9.096722,7.9253035,7.61169,-9.878195,-3.8421545,-1.5167058,8.242336,7.1615944,-8.864559,-0.8136117,0.57236737,-6.078427,-1.2455959,-2.0670028,-2.274233,-3.2294483,2.8197281,1.4930267,5.7975125,3.648124,1.2511656,7.0133004,-0.80638367,3.16683,1.7993568,0.15980373,3.1845691,3.8776777,-2.5916202,4.530136,-1.0617512,15.571478,-18.808666,-7.409219,-6.6472826,8.288015,6.5606437,13.735375,-15.950924,20.077366,16.387388,18.31718,-8.92078,-26.695774,-27.511454,15.49435,14.490244,4.232319
TCGA-V4-A9F5-01,7.298384,6.6766376,-7.220225,3.180889,-7.6834226,-7.8361797,-7.382499,6.447366,6.026642,-7.927535,-4.1048236,-2.2285113,6.8008313,6.094891,-7.3058877,-0.068076536,0.3353992,-5.7934647,-0.302005,-0.8087502,-1.7094476,-2.4398258,3.1486764,1.7923546,4.443864,3.135226,0.6426208,6.3146133,-0.42479488,2.4899309,1.2654048,-0.5643633,4.3575673,2.8595767,-1.6736958,3.8019743,-0.49524465,12.328467,-6.3801994,-16.97122,-28.352139,28.549875,20.556105,20.787628,-13.24595,11.292944,16.586027,-13.176163,-10.992716,13.313511,3.0179007,-8.516119,17.352562,30.286598
TCGA-WC-A883-01,10.21446,9.10436,-10.28891,0.21523169,-10.617931,-11.050053,-10.199198,8.957002,8.574765,-11.269264,-2.764791,1.0269499,9.357912,7.681666,-9.802196,0.47635186,1.8699247,-7.0057554,-2.2824187,-2.8549452,-3.3289301,-3.154659,2.892917,2.168274,4.756495,3.0678205,-0.47552043,7.949377,-2.207949,3.4418175,3.0832682,1.8297065,4.83296,3.4042096,-1.9562709,3.5225534,-0.654513,10.395386,-12.8979435,-22.615938,-13.775137,27.177803,24.847673,7.2051535,-16.407095,-11.311978,8.60017,-5.9728317,-20.168262,7.5619473,13.39962,4.5275755,16.771133,30.27925
TCGA-WC-AA9A-01,7.620143,6.9571686,-7.7316566,3.5601938,-8.139593,-8.369618,-7.725796,6.747809,6.4244,-8.212085,-4.3721623,-3.1803179,6.958171,6.3931956,-7.6454816,-0.44264495,-0.018696073,-5.550242,-0.075313464,-0.8299595,-1.0371474,-2.0793262,3.1689246,1.6747286,4.607703,3.4739838,1.0595379,5.760636,-0.43032995,2.3547328,0.82014734,-0.9709624,3.4881544,3.239598,-1.9326497,4.210454,-0.17682427,6.8800473,4.1242533,-18.20843,-12.12088,29.732237,28.428068,21.2134,-15.922338,8.3695135,6.9597645,-5.373988,-3.4914045,1.3931406,-2.0295117,7.176081,25.152151,22.226109
TCGA-VD-A8KF-01,8.702972,7.866017,-8.961993,2.7647653,-9.272872,-9.516311,-8.81874,7.719421,7.3949323,-9.462698,-4.0287337,-2.4041095,7.92636,7.1013875,-8.64569,0.060013507,0.38671136,-6.0385623,-0.015105031,-1.0273254,-1.4175835,-1.8371019,3.6927924,2.0738106,4.6211333,3.6151724,0.73880917,6.2917743,-0.8448281,2.2975783,1.2167464,-0.76437104,4.4143753,2.7770014,-1.8772072,4.1361513,0.24930573,22.158493,-9.918517,-8.1202755,-23.909052,15.809444,8.441201,18.906675,-9.728069,28.799767,21.172894,0.2534172,-6.399434,-2.8620412,-20.93066,1.0537068,12.3247795,20.226591
TCGA-VD-A8KG-01,7.0420904,6.4814987,-6.956126,3.4742947,-7.478481,-7.632431,-7.1794477,6.2415705,5.756562,-7.729515,-4.277043,-2.1627812,6.7135963,5.938251,-7.1382356,-2.6020286,-2.809404,-3.9863014,0.54572,0.555996,2.1941805,-4.7604337,-0.20826697,-0.8115384,5.884434,4.777768,4.1321015,4.8875046,4.1908216,3.6278334,-1.3239807,-2.5831559,-1.1784197,7.1203904,-2.8439107,5.374264,-3.7678528,13.82003,9.785154,-5.9138694,5.6271515,13.989853,30.863878,16.22504,-21.909622,14.090369,-5.940506,4.203821,9.185212,-5.086327,-7.4007564,9.301426,28.726818,8.586778
TCGA-V4-A9EL-01,9.516476,8.566507,-9.757855,1.5895056,-10.093412,-10.379366,-9.597556,8.43861,8.128269,-10.422661,-3.4977715,-1.0541853,8.65594,7.51551,-9.283193,0.14991368,0.37691373,-4.967563,-1.56876,-0.83332634,-1.9670409,-3.066833,1.9417943,1.5199198,3.0722315,1.7816962,-0.014043935,5.669715,-0.43378788,2.2763782,1.7412949,1.1538904,3.5010679,2.413076,-1.1103612,2.7012818,-1.0076075,23.845676,-24.379238,-12.752208,-22.427933,16.280386,7.7768617,4.913584,-5.2809186,11.690152,22.816269,0.26398152,-20.55363,1.6357667,-14.074864,3.2844555,3.364537,24.901546
TCGA-V4-A9E8-01,7.979544,7.2650237,-7.913703,2.044935,-8.400441,-8.580668,-8.090778,7.091761,6.5372796,-8.847945,-3.5795348,-0.47946692,7.5500727,6.41032,-7.882185,-1.404545,-0.9801862,-4.4578266,-1.2678398,-0.18376331,-1.1083107,-4.618548,0.89012927,0.4486333,4.3702435,2.080067,1.2084657,5.5586543,1.345452,2.6234732,0.67000926,-0.100326665,1.1174198,4.2006454,-1.7018677,3.466603,-2.4083803,10.431287,-28.153406,-15.762034,-7.7240477,16.247858,9.099008,6.239018,-15.799036,2.8041215,15.984709,15.537007,-22.154778,-19.93809,-12.6490555,15.957913,10.1661215,13.075931
TCGA-V4-A9F3-01,10.773056,9.557247,-11.016633,-0.057590336,-11.270596,-11.71,-10.8118515,9.51288,9.175634,-11.876213,-2.704581,0.98759496,9.791454,8.096499,-10.293471,0.8995601,1.8825643,-6.828296,-2.057244,-2.3707907,-3.1687694,-3.0192335,3.100377,2.2681212,4.1095805,2.6835353,-0.6248734,7.735433,-2.0058722,3.0222518,2.9736009,1.794835,5.416686,2.6995792,-1.5064683,3.2411332,-0.38821584,6.8046885,-9.735352,-21.592154,-18.257042,29.2847,19.47825,14.303739,-16.520819,-2.6585991,13.457486,-8.186844,-17.06922,5.430373,8.784374,2.7547383,19.235924,28.99335
TCGA-WC-A885-01,5.3075757,5.0417943,-5.2137547,4.2408524,-5.7097526,-5.7806454,-5.505138,4.731946,4.2754474,-5.7657847,-4.3445454,-3.219753,5.1370726,4.7855797,-5.606905,-2.117078,-2.220192,-3.439754,1.1781597,-0.1028836,2.4039896,-3.4436066,0.09938807,-0.73711294,5.4179745,4.8204455,4.334575,3.6466491,3.9166582,3.4422789,-1.25401,-2.732159,-1.3694015,6.2459497,-2.7346404,5.0989776,-3.3608494,15.696346,-13.560115,-7.129209,16.921196,2.983658,22.919,7.7904844,-25.05204,9.659741,-1.899275,29.448336,-1.499389,-34.82803,-27.014002,26.848726,22.843018,-5.5832834
TCGA-V4-A9EK-01,8.640857,7.867707,-8.846844,3.012252,-9.185336,-9.490374,-8.757942,7.672178,7.2997603,-9.455965,-4.2130637,-2.3351274,7.925067,7.0475183,-8.586815,-2.2877908,-2.0347033,-3.8990746,0.44303465,0.42902756,1.3321335,-4.459457,0.46215165,-0.6434981,5.487368,4.2885795,3.1733518,4.9119563,2.9522884,3.6710231,-1.2897068,-2.874097,0.07558241,6.8498783,-2.750304,5.3299026,-3.3175106,8.192305,1.793424,-13.742962,8.460487,16.455894,25.232756,12.864503,-26.54131,0.57571787,-4.429336,6.893831,-2.148077,-11.934484,2.0146627,18.15732,30.466402,12.540701
TCGA-V4-A9EU-01,9.685225,8.711247,-9.904352,1.3021034,-10.227692,-10.531219,-9.761465,8.576126,8.238077,-10.645683,-3.3554263,-0.5308471,8.848649,7.5643573,-9.43449,0.0865182,1.3963773,-6.915276,-1.8698599,-2.2204492,-3.0381224,-3.2005544,2.882364,2.1533911,5.0962334,3.293907,-0.15407468,7.942506,-1.6677933,3.4162624,2.6100824,1.2817856,4.7591166,3.5827858,-2.0285895,3.6664283,-0.86229205,14.014206,-13.831618,-22.47304,-14.549747,25.618818,21.378294,5.7573185,-14.499796,-8.408901,9.137578,-9.131121,-20.37598,12.442306,11.90207,2.2392693,15.169884,31.265903
TCGA-RZ-AB0B-01,9.725321,8.698083,-9.825584,0.9011342,-10.178296,-10.519243,-9.786565,8.552678,8.183302,-10.6800995,-3.1398878,0.20672917,8.923532,7.488956,-9.402353,0.6799342,1.784986,-6.7392697,-1.8878366,-2.4094384,-3.0028107,-2.7158964,3.1357174,2.295874,4.34631,2.9570339,-0.35509697,7.6710057,-2.0082068,3.0917985,2.825801,1.5161175,5.290935,2.8358865,-1.7119827,3.3584163,-0.30838233,11.521271,-5.618718,-20.771,-20.839191,28.9429,25.014914,16.009905,-13.608941,2.7762573,11.457036,-11.199733,-12.484922,11.047892,4.4945893,-2.012882,18.629885,29.477913
TCGA-V4-A9EX-01,9.119883,8.202325,-9.299414,1.9228134,-9.609442,-9.888193,-9.202908,8.036138,7.7359195,-9.951221,-3.6477993,-1.2307465,8.316848,7.2569532,-8.921684,-0.11773936,0.73307216,-6.281104,-1.8618627,-1.5300115,-2.505679,-3.432794,2.5289745,1.8841631,4.5707507,2.7778573,0.22699153,7.300552,-0.8670768,2.9801133,2.2005396,1.1935554,4.1343293,3.2923777,-1.7430787,3.4641197,-1.097136,10.249836,-14.038029,-22.72825,-10.79098,26.294676,24.028841,6.2955027,-16.957605,-14.467613,7.2208214,-4.216872,-21.217817,4.4026194,13.723278,7.8990746,18.147297,28.23344
TCGA-WC-A87W-01,9.519085,8.548323,-9.689373,2.292105,-10.021538,-10.406576,-9.613478,8.366815,8.061851,-10.392506,-3.9248784,-1.6518695,8.672393,7.535979,-9.319263,-1.7032466,-0.5660253,-6.4217224,0.037438616,-0.46205512,-0.78041023,-3.6074047,3.4480915,1.3500218,6.7227864,4.6340714,2.615984,7.502048,0.4706716,4.0732603,-0.15452443,-2.217569,3.534024,6.0473537,-2.8118193,5.926157,-1.668121,9.563616,15.16385,-7.174029,-5.49877,24.22938,28.795605,26.252888,-21.076542,25.0064,0.5261512,-4.026295,11.809864,-0.75523216,-6.868067,2.7505052,31.98912,13.75894
TCGA-WC-A87U-01,8.350567,7.6108384,-8.580841,3.386446,-8.899707,-9.221944,-8.478003,7.362804,7.110007,-9.067101,-4.3586674,-2.9258454,7.7111096,6.8667216,-8.385139,-2.079706,-1.2063627,-5.684645,0.039912723,-0.017518649,0.08150262,-3.787972,2.4978669,0.8953375,6.259121,4.605617,2.9298463,7.0175996,1.2368885,3.9547758,-0.73324275,-2.60874,2.7175815,6.6847568,-2.8222165,5.8928385,-2.006268,13.980273,-16.452637,-5.755946,-0.22524704,5.862739,8.406551,14.434535,-19.902477,20.074442,12.083714,22.390488,-5.055456,-31.857683,-28.367548,20.066654,18.85504,0.21124269
TCGA-VD-A8KK-01,8.16048,7.4219604,-8.118941,2.1966498,-8.586913,-8.806593,-8.272184,7.1936026,6.756534,-8.976883,-3.69498,-0.953284,7.655253,6.582909,-8.113487,-0.3197866,0.49171007,-5.93736,-1.0999848,-1.2649006,-2.2271724,-3.2670832,2.6073744,1.5397748,4.699109,2.9410076,0.4108284,6.7413855,-0.46766663,2.889199,1.6659943,0.16059488,3.7313771,3.4103663,-1.8106521,3.7942274,-1.1600173,26.11001,-21.137901,-8.213594,-19.26938,9.610107,7.8191957,14.287862,-11.160828,19.698513,23.454649,8.537108,-16.364424,-9.201166,-21.235046,6.9462094,8.034271,20.338692
TCGA-V4-A9EV-01,9.973293,8.949464,-10.212818,1.2081827,-10.575341,-10.921527,-10.077472,8.864509,8.507893,-10.973225,-3.3559287,-0.53090215,9.0876665,7.789489,-9.666557,0.60625285,0.8014005,-5.933663,-0.8852465,-1.1650882,-1.987355,-2.2811208,2.9480937,2.075727,3.6076758,2.6944792,-0.29112777,6.3207645,-1.1582794,2.3853004,1.8385953,0.5870892,4.593967,2.4554772,-1.2360216,3.2682261,-0.2169835,11.7894,-3.1286476,-20.925177,-21.667025,29.376043,21.913342,18.303288,-13.314733,6.3020825,11.980689,-14.473124,-10.387944,13.770489,4.5958624,-5.428952,19.059862,29.211258
TCGA-VD-A8KO-01,7.718833,7.065755,-7.9550476,4.3072505,-8.3260765,-8.569219,-7.8878365,6.816068,6.5662723,-8.333581,-4.798941,-4.129687,7.042342,6.621852,-7.902249,-1.7524431,-1.241277,-4.835427,0.4854332,0.1510618,1.0712023,-2.1907804,2.6125913,0.89763063,5.172619,4.562554,3.0127425,5.3964324,0.9295629,3.2414465,-1.1344191,-3.0681427,2.2931118,5.9823523,-2.6884344,5.6579576,-1.1702672,13.505918,-16.583248,-7.3899007,0.97144425,3.3349288,8.983417,14.278176,-20.777527,17.948673,9.386302,24.069319,-5.3610554,-33.049065,-28.44858,20.363586,19.881046,-2.050567
TCGA-VD-A8KN-01,9.173488,8.269912,-9.26788,1.6127228,-9.66037,-9.943323,-9.228403,8.114717,7.654799,-10.09771,-3.4980578,-0.51650274,8.47351,7.228851,-8.969478,-1.1554645,-0.47375506,-6.334357,-0.28692278,-0.21286082,-1.4737498,-3.8585393,2.9337752,1.4124161,5.8593073,3.6600437,1.7593232,7.370768,0.6957789,3.509375,0.5838603,-1.3068931,3.6866684,4.7830977,-2.114272,4.743376,-1.8609345,12.660116,-6.3563347,-19.151506,-17.253363,26.490118,23.69749,16.41108,-15.085016,1.912575,12.017442,-6.339596,-13.7508955,6.3678956,5.8316617,2.9906619,19.09109,29.8959
TCGA-V4-A9EW-01,8.344091,7.5787516,-8.364554,2.8094933,-8.830925,-9.090236,-8.458469,7.328403,6.9360437,-9.144956,-4.073272,-1.7902396,7.745516,6.7774243,-8.298602,-1.251135,-0.18920124,-6.08428,-0.09903108,-0.7837131,-1.0339034,-2.9697728,3.4229,1.4953276,6.0855603,4.2299953,2.1626868,6.933103,0.015449345,3.4025376,0.38025147,-1.6262679,3.602169,4.799304,-2.5047257,5.1734486,-1.0949551,9.329352,19.223913,-8.865994,0.953087,21.669909,29.496998,21.076265,-17.080315,20.73059,-5.232396,-4.7302103,15.180319,-1.1072396,-10.995793,5.369713,29.860275,9.381847
TCGA-V4-A9E5-01,6.5235987,6.070108,-6.2986217,3.2309208,-6.898256,-6.9523115,-6.6254373,5.773152,5.1710124,-7.1750536,-4.0883446,-1.5491824,6.3422995,5.4754405,-6.644929,-2.4206517,-1.6844097,-5.190137,0.13117476,0.38043553,0.66322255,-4.516072,1.6318365,0.24768877,6.236208,4.5825033,3.0415783,6.742798,2.0978513,4.006439,-1.2086396,-3.0432308,1.9617268,7.4257674,-2.8871713,6.074587,-2.69217,13.332842,19.81032,-0.54888225,-3.1249459,14.674133,29.584969,15.508142,-8.734468,23.700306,-7.525205,-10.454427,20.127636,11.273824,-12.982604,-5.912658,23.212868,6.553156
TCGA-V4-A9F7-01,8.195335,7.466146,-8.420286,3.773974,-8.780792,-9.032825,-8.333003,7.2367454,6.989204,-8.898889,-4.599343,-3.4764228,7.499781,6.848165,-8.271863,-2.2212577,-1.5958838,-4.6419363,0.5194548,0.07125574,1.1120628,-3.5796807,1.6109486,0.028271833,5.793994,4.676249,3.316612,5.5156145,1.9594662,3.8167367,-1.3240104,-3.2024977,1.2562226,6.9586635,-2.9151616,6.000631,-2.48738,0.42238107,-0.08608734,-15.746872,11.272555,18.785696,27.211145,17.170452,-31.064487,-3.06446,-5.185093,14.709078,-2.417048,-24.242418,-0.67346245,23.792328,35.996544,5.6587157
TCGA-V4-A9EA-01,6.0017104,5.6415,-5.7824993,3.672988,-6.358212,-6.3954725,-6.1806717,5.345023,4.737828,-6.617011,-4.2072754,-2.099615,5.881349,5.1903276,-6.2155633,-1.7289941,-1.2671535,-4.3622575,-0.6390038,0.063181244,0.07056002,-3.59387,1.2990053,0.6016098,4.545038,3.231884,2.1624422,5.499628,1.3022511,2.7645154,-0.20576608,-1.2163908,1.475249,4.9602494,-2.0184352,4.220887,-1.8747256,14.846578,-13.866766,-7.543621,11.515479,6.223357,15.908395,5.413622,-19.44165,10.730501,3.3019128,22.017061,-2.8952181,-29.282003,-26.590855,22.829912,17.410198,-2.711365
TCGA-WC-A884-01,10.073771,9.030479,-10.036234,-0.024856536,-10.45447,-10.908727,-10.145038,8.88213,8.391159,-11.252045,-2.6860435,1.9500054,9.456831,7.536353,-9.696932,-2.4427655,-0.6151704,-6.210978,-1.2855192,-1.3945975,-2.1237981,-6.9995246,1.3813461,0.3122203,8.182991,3.9054632,2.3735242,8.478427,1.5268874,4.4316435,0.98701954,-0.5406637,1.0158416,6.9886484,-3.3697133,5.8803015,-3.6404426,5.7311525,1.7637748,-12.850958,10.220833,15.1641865,26.701662,15.360467,-27.709091,-0.35498542,-5.9322114,12.072283,0.08070955,-18.746855,-1.4027439,20.228046,31.813448,6.727766
TCGA-VD-A8KB-01,6.7725096,6.2840595,-6.82057,3.9108422,-7.2232814,-7.4504538,-6.943705,5.9859543,5.63005,-7.326583,-4.429395,-3.2195911,6.359739,5.7709746,-6.939293,-2.0292974,-1.6880288,-4.665575,1.105955,0.6879785,1.5438626,-2.8990386,2.0824993,0.30940962,5.4712386,4.7389216,3.2632122,5.070367,2.0356572,3.738201,-1.7502953,-3.98536,1.8187354,6.851403,-2.8048716,6.0250316,-2.3070295,6.2689447,1.7522758,-14.382472,11.341265,21.735132,30.540617,9.569478,-24.317673,-1.7540786,-5.866782,8.051336,-0.609198,-13.836417,-1.163149,20.696884,28.395609,10.506957
TCGA-YZ-A982-01,7.8631997,7.2195797,-7.744672,2.5756578,-8.219581,-8.467894,-7.937917,6.9278445,6.43302,-8.667257,-3.845164,-1.1024549,7.415619,6.3283143,-7.793171,-1.8458261,-0.58643496,-5.7265463,-0.5435819,-0.76685613,-1.477771,-4.9113617,2.0806632,0.6444402,6.678586,3.695962,2.1306975,7.239293,1.0068429,3.8022974,0.44345605,-1.2176025,2.1445384,5.7427506,-2.7015133,5.1688623,-2.5007193,6.612542,-0.86280215,-15.244929,3.548699,22.526218,25.276081,14.25136,-25.824963,-0.46302348,-0.18347977,6.289142,-5.1229873,-11.85846,2.8177636,17.984451,29.331598,15.733637
TCGA-YZ-A984-01,7.5600586,6.9063916,-7.3896585,2.5939617,-7.9332843,-8.1238165,-7.6460257,6.687906,6.1500945,-8.287422,-3.809246,-1.2527564,7.157458,6.156114,-7.5249767,-1.4242368,-0.44427562,-5.6702003,-0.49848035,-0.437512,-1.3867651,-4.162999,2.3655725,0.9379153,5.692284,3.381256,1.6041601,6.8026714,0.8227705,3.415791,0.51679015,-1.2449087,2.8810039,4.9047785,-2.2192676,4.631157,-2.1097047,10.913874,-7.52492,-18.377954,-14.41128,24.556862,19.769651,15.343402,-17.613285,-0.48570472,10.42301,-3.910307,-13.97448,1.4608617,5.666734,6.084969,20.731308,26.389812
TCGA-VD-A8K8-01,8.693584,7.8824515,-8.791099,2.3816364,-9.230239,-9.45203,-8.785585,7.710884,7.32958,-9.498149,-3.8983696,-1.6211333,8.009706,7.039977,-8.582066,0.60314584,0.9290051,-6.298545,-0.43486395,-1.3742372,-1.8688935,-1.8563418,3.4777844,2.27526,4.087151,3.256178,-0.07720165,6.6245317,-1.4988145,2.4325857,1.7368981,0.0841425,4.7931848,2.6757271,-1.6203408,3.6576917,0.33222517,13.325352,-4.6773543,-17.254847,-17.330872,23.223248,19.216137,17.993948,-16.724253,7.4487557,10.984138,-7.5808163,-11.277145,6.0268254,3.0529335,0.78970546,20.836637,26.413572
TCGA-YZ-A983-01,8.1451,7.4267898,-8.382763,3.4317286,-8.734613,-9.030281,-8.277982,7.1868978,6.963606,-8.834071,-4.316188,-3.0998986,7.408568,6.7869544,-8.158525,-1.7095059,-1.1227785,-4.2149525,-0.043559507,-0.12507519,0.5690601,-2.715096,1.7589939,0.53599495,4.674185,3.8067415,2.5319886,4.9950657,1.01854,2.954907,-0.6484108,-2.1094918,1.6406348,5.3171406,-2.324605,4.8229413,-1.4682887,1.2297289,-0.8422471,-16.769938,10.003689,16.14026,26.372004,17.279514,-28.810955,-3.0642703,-4.730534,14.177156,-2.758226,-24.16906,-2.3453603,22.313425,33.913795,5.13127
TCGA-V3-A9ZY-01,7.127169,6.5829477,-7.0693655,3.489521,-7.561852,-7.752467,-7.3030624,6.3057504,5.8644843,-7.7657166,-4.24147,-2.3524795,6.741035,5.9775205,-7.205194,-1.6401342,-0.95621747,-5.139791,0.011728549,0.054746367,-0.022203531,-3.0254958,2.4809487,1.1000404,5.3076525,3.981668,2.396676,6.1143117,0.8953249,3.3626618,-0.42807943,-2.1517992,2.8632233,5.4104533,-2.2953038,4.976308,-1.5280046,18.827442,-6.75645,-3.482147,-1.4356581,5.6612363,14.686315,15.704794,-20.108934,23.738281,7.8863835,17.446966,-0.20259228,-22.540007,-24.117174,17.999702,21.573652,5.468266
TCGA-V4-A9EE-01,10.33034,9.226392,-10.587494,0.9006531,-10.892613,-11.273449,-10.3907385,9.105341,8.836333,-11.344294,-3.2061493,-0.24689293,9.377012,7.9456353,-9.9784775,-0.021730274,0.7388717,-6.307508,-0.78004867,-1.4732497,-2.0416977,-2.5347447,3.2841034,1.936151,4.778152,3.414899,0.5326991,6.886509,-0.99930745,2.7309008,1.7122408,0.016916078,4.4304247,3.0939336,-1.8822641,4.038268,-0.41499478,16.648605,-25.332762,-15.10187,-12.589139,16.710943,13.004983,7.216339,-15.344374,3.6213014,17.60702,9.897518,-21.806091,-11.801756,-10.048507,12.539736,11.560311,18.966877
TCGA-VD-A8KA-01,7.669031,7.0394077,-7.6786036,3.552152,-8.130044,-8.367535,-7.787455,6.750433,6.3374286,-8.328144,-4.405937,-2.5559406,7.1585374,6.37301,-7.7340283,-2.0623295,-1.6275555,-4.6652527,0.938702,0.43568245,1.574895,-2.9074302,1.9425493,0.27476507,5.5265727,4.8253665,3.4333522,5.097521,2.052103,3.7220736,-1.6501797,-3.7111151,1.5832236,6.832859,-2.802344,5.9794035,-2.3157983,12.474539,-15.336056,-7.325372,6.6209397,5.449652,11.516879,9.144972,-19.606537,13.7029915,6.5111833,22.489973,-4.3817534,-31.221533,-26.156967,21.519464,17.552567,-1.9023561
TCGA-V4-A9F2-01,8.68293,7.877099,-8.661164,2.1622014,-9.146657,-9.450992,-8.797157,7.6539617,7.221169,-9.57596,-3.748269,-0.7552064,8.165645,6.8858156,-8.578018,-2.2371705,-1.3901315,-5.712391,0.08398427,0.30395037,0.033512186,-4.400458,2.2728827,0.7017028,6.4157143,4.5798817,2.805603,7.1874895,1.6344336,4.221354,-0.89980906,-2.803239,2.7143333,7.1404357,-2.8470254,6.0739036,-2.4932044,13.189113,12.991536,-5.601454,-12.157156,22.861773,29.075193,21.32613,-10.914996,24.45595,1.0922751,-10.507551,11.454904,10.121319,-10.268794,-5.7053795,24.367819,15.359834
TCGA-V4-A9EF-01,6.959325,6.428373,-6.947829,3.3258183,-7.4054046,-7.5841627,-7.110479,6.179567,5.765789,-7.5882425,-4.1433797,-2.3713846,6.5888014,5.9041085,-7.095762,-0.5111216,-0.07770049,-4.639114,-0.9974917,-0.57209915,-1.4689536,-3.097303,1.8234507,1.079878,3.6626103,2.1497388,0.6563619,5.3187594,0.26292962,2.2676866,1.1265078,-0.0014244886,2.7098196,2.9950294,-1.4023675,3.1365194,-1.2742289,25.50556,-21.147291,-9.489567,-18.41013,8.9641,7.2300096,7.9071445,-7.6663523,16.630287,20.550024,7.0569286,-15.724071,-5.5422244,-18.231785,4.1692624,5.0336103,19.144394
TCGA-V4-A9E7-01,7.1728735,6.606332,-7.1828084,3.519191,-7.6014605,-7.8009357,-7.314155,6.3455977,5.9548264,-7.797223,-4.2841763,-2.7197733,6.687341,6.0762973,-7.2682223,0.054694172,0.4509887,-4.676025,-1.1504207,-1.1051004,-1.8045133,-2.5223017,1.9241091,1.3415437,3.18424,2.0414073,-0.049808666,5.1326976,-0.6410687,2.1981242,1.5507852,0.6105509,3.0943167,2.4610257,-1.2582171,2.8142867,-0.7299287,15.536943,-24.906067,-21.38516,-21.229052,25.425423,17.31713,7.299195,-14.749411,-3.291066,20.102016,1.2744964,-28.371048,0.8504384,3.5721252,6.7379646,11.244753,31.672396
TCGA-VD-A8K7-01,7.7362633,7.121551,-7.941291,4.1389666,-8.319562,-8.559996,-7.907227,6.8451223,6.569739,-8.388058,-4.7553477,-3.7065234,7.1310797,6.5863385,-7.8625283,-1.2202175,-0.62848014,-5.7060065,0.18122236,-0.15378743,-0.38537228,-2.6320417,3.2429655,1.4820511,5.44305,4.0417395,2.2630875,6.4110904,0.3786219,3.2225888,-0.13878214,-2.062004,3.519094,4.880304,-2.2042527,4.9657497,-1.0367984,15.3214245,-9.646633,-2.4445424,0.9410856,5.857066,10.58199,17.072983,-19.785526,24.894316,10.876971,21.651026,0.26266274,-30.635664,-30.291471,20.842169,20.776098,0.6380906
TCGA-VD-AA8R-01,7.388093,6.854507,-7.471802,4.0182495,-7.8870335,-8.102117,-7.5966635,6.546714,6.1935506,-8.01706,-4.6213217,-3.2687118,6.929332,6.258489,-7.518282,-1.1755025,-0.4708721,-5.6230774,-0.0404473,-0.5555893,-0.30087596,-2.0170603,3.409923,1.6894832,5.304987,4.273778,2.2495775,6.21773,-0.06731267,3.0780149,0.049537648,-1.7990289,3.4631703,4.524753,-2.305216,4.9749823,-0.5148391,5.2293572,10.767117,-11.3110695,-6.557113,26.563475,26.565615,26.490746,-23.676281,18.055346,2.9913914,-2.5783536,6.040972,-5.1681366,-4.7503247,7.6297083,32.75065,16.163965
TCGA-VD-AA8S-01,7.351637,6.762797,-7.266778,3.1147652,-7.774133,-7.9598665,-7.4844146,6.490911,5.9983516,-8.065798,-4.0691047,-1.7569851,6.981695,6.0932355,-7.412538,-2.3787851,-1.7293245,-4.9664207,0.010476651,0.38817894,0.5430172,-4.719514,1.3764856,0.06502197,6.053009,4.3810596,2.9596586,6.519474,2.158813,3.8410802,-1.1389294,-2.7754922,1.5593985,7.2646155,-2.8138335,5.890743,-2.776432,6.7454276,-19.135523,-10.193022,10.07738,9.627195,11.533794,11.704682,-25.313723,10.257268,6.237313,28.724743,-6.926468,-41.25986,-26.161777,28.450281,23.177097,-3.9910438
